DT_COMPTC,01.063.897/0001-65,01.094.931/0001-69,02.763.602/0001-26,04.312.909/0001-36,05.100.221/0001-55,05.100.234/0001-24,05.857.973/0001-65,06.047.002/0001-12,06.090.320/0001-66,06.234.238/0001-68,06.988.623/0001-09,08.576.294/0001-06,08.680.909/0001-40,08.715.375/0001-40,08.760.870/0001-70,09.528.355/0001-22,10.264.144/0001-09,12.082.029/0001-49,12.282.799/0001-35,12.474.262/0001-77,12.823.607/0001-50,13.072.136/0001-59,14.122.488/0001-34,14.507.711/0001-61,15.649.631/0001-03,15.714.318/0001-01,17.036.319/0001-70,17.698.602/0001-67,18.287.931/0001-88,18.889.846/0001-90,19.358.818/0001-09,97.543.731/0001-15
2005-01-03,22.0919098,,9.5430418,78.736771,2.801929,3.080703102,68.077155,,1.310338,1.633794,1.2047159,,,,,,,,,,,,,,,,,,,,,
2005-01-04,21.8390908,,9.4134435,77.068304,2.754673,3.029152902,67.507876,,1.2963616,1.620842,1.1884284,,,,,,,,,,,,,,,,,,,,,
2005-01-05,21.6025277,,9.2637317,75.560496,2.717797,2.988989163,66.72218,,1.2898284,1.613044,1.1696034,,,,,,,,,,,,,,,,,,,,,
2005-01-06,21.4385374,,9.1739477,74.802008,2.698996,2.968688337,66.372937,,1.2792418,1.603879,1.158341,,,,,,,,,,,,,,,,,,,,,
2005-01-07,21.5788951,,9.2740664,75.602966,2.72335,2.995820916,66.94263,,1.289467,1.615243,1.1710474,,,,,,,,,,,,,,,,,,,,,
2005-01-10,21.4053335,,9.1935637,75.196692,2.702192,2.972932834,66.577422,,1.2781384,1.60879,1.1609669,,,,,,,,,,,,,,,,,,,,,
2005-01-11,21.2935799,,9.1703526,74.879717,2.691127,2.961135504,66.274687,,1.2779049,1.605752,1.1581068,,,,,,,,,,,,,,,,,,,,,
2005-01-12,21.3192425,,9.1920149,74.424877,2.687631,2.957656418,66.399111,,1.2809254,1.60604,1.1609107,,,,,,,,,,,,,,,,,,,,,
2005-01-13,21.6900958,,9.4047777,75.751419,2.745664,3.021850786,67.122745,,1.3026856,1.629878,1.1878367,,,,,,,,,,,,,,,,,,,,,
2005-01-14,21.6649015,,9.3838216,76.380277,2.7462,3.022822368,67.324551,,1.3095692,1.630157,1.1852628,,,,,,,,,,,,,,,,,,,,,
2005-01-17,21.6474131,,9.3720433,76.535305,2.742432,3.018810892,67.242062,,1.315023,1.629272,1.1838472,,,,,,,,,,,,,,,,,,,,,
2005-01-18,21.246630622,,9.2090649,75.48502,2.690171,2.961755187,66.217833,,1.2994319,1.618344,1.1633466,,,,,,,,,,,,,,,,,,,,,
2005-01-19,21.1897646,,9.2493398,75.75567,2.682509,2.953773255,66.000908,,1.3043664,1.614297,1.1685013,,,,,,,,,,,,,,,,,,,,,
2005-01-20,20.800174304,,9.0896356,74.341296,2.628773,2.894987966,65.155824,,1.2901652,1.589042,1.1484126,,,,,,,,,,,,,,,,,,,,,
2005-01-21,20.829924898,,9.0907441,74.868088,2.637743,2.904693146,65.608562,,1.2792804,1.587718,1.1486224,,,,,,,,,,,,,,,,,,,,,
2005-01-24,20.9557039,,9.1605918,75.741736,2.668423,2.938981469,65.960969,,1.2683517,1.591818,1.1575094,,,,,,,,,,,,,,,,,,,,,
2005-01-25,20.9547534,,9.1597186,75.735361,2.668234,2.939155374,65.960662,,1.2683318,1.591604,1.1574696,,,,,,,,,,,,,,,,,,,,,
2005-01-26,21.1116355,,9.2006069,76.33517,2.692767,2.967026751,66.251304,,1.2684855,1.602893,1.1627016,,,,,,,,,,,,,,,,,,,,,
2005-01-27,20.8562513,,9.0342292,75.540338,2.639174,2.908061254,65.5633,,1.2603716,1.58804,1.1417445,,,,,,,,,,,,,,,,,,,,,
2005-01-28,20.7077105,,8.9455334,74.82995,2.610884,2.877268635,65.282367,,1.2631334,1.578236,1.1306051,,,,,,,,,,,,,,,,,,,,,
2005-01-31,21.0083048,,9.0904986,75.984003,2.655203,2.926460426,65.882018,,1.2705391,1.589542,1.1489966,,,,,,,,,,,,,,,,,,,,,
2005-02-01,20.8783368,,9.0560934,76.142453,2.651382,2.922631433,65.597654,,1.2572172,1.58785,1.1447193,,,,,,,,,,,,,,,,,,,,,
2005-02-02,20.9799957,,9.1428336,76.792462,2.680175,2.954733015,65.991014,,1.2594227,1.605984,1.1557525,,,,,,,,,,,,,,,,,,,,,
2005-02-03,21.2249493,,9.2684211,77.567836,2.722423,3.001672971,66.630159,,1.2652992,1.62858,1.171696,,,,,,,,,,,,,,,,,,,,,
2005-02-04,21.7288752,,9.4373281,79.175539,2.780621,3.066203942,67.898667,,1.2864419,1.654288,1.1931153,,,,,,,,,,,,,,,,,,,,,
2005-02-09,22.1183163,,9.5822695,81.650136,2.822773,3.113051949,68.871219,,1.2956752,1.675223,1.2115071,,,,,,,,,,,,,,,,,,,,,
2005-02-10,22.0208412,,9.5644551,81.031275,2.809565,3.098894327,68.529584,,1.3081316,1.670161,1.2093303,,,,,,,,,,,,,,,,,,,,,
2005-02-11,22.1638124,,9.6818374,81.678408,2.827711,3.119586029,68.874855,,1.3147666,1.676169,1.2242407,,,,,,,,,,,,,,,,,,,,,
2005-02-14,22.2271059,,9.6803371,82.066141,2.831926,3.12441679,69.022438,,1.3197513,1.682454,1.2241292,,,,,,,,,,,,,,,,,,,,,
2005-02-15,22.2847729,,9.6599486,82.19094,2.817281,3.108630226,69.174158,,1.3299703,1.690678,1.2216248,,,,,,,,,,,,,,,,,,,,,
2005-02-16,22.3185376,,9.6605298,82.082289,2.806,3.096559679,69.343781,,1.348451,1.69248,1.2217727,,,,,,,,,,,,,,,,,,,,,
2005-02-17,22.4664167,,9.7555131,83.041746,2.830506,3.123953956,69.681767,,1.362636,1.701406,1.2338519,,,,,,,,,,,,,,,,,,,,,
2005-02-18,22.6012054,,9.7764101,82.871159,2.840006,3.13481308,70.012261,,1.362539,1.701669,1.2365682,,,,,,,,,,,,,,,,,,,,,
2005-02-21,22.7220582,,9.8132282,83.058236,2.848067,3.144097105,70.702305,,1.3618134,1.706872,1.2412969,,,,,,,,,,,,,,,,,,,,,
2005-02-22,22.7387735,,9.8593429,84.744832,2.880811,3.180611968,70.906614,,1.3647244,1.707342,1.2472009,,,,,,,,,,,,,,,,,,,,,
2005-02-23,22.7289835,,9.8404121,85.06468,2.88439,3.184951173,71.086575,,1.3620367,1.717889,1.2448857,,,,,,,,,,,,,,,,,,,,,
2005-02-24,23.2863401,,10.0586375,87.940642,2.960404,3.269232467,72.328598,,1.37139,1.751787,1.2725726,,,,,,,,,,,,,,,,,,,,,
2005-02-25,23.4000026,,10.125274,89.098329,2.985775,3.297641976,72.510025,,1.3815958,1.752949,1.2810808,,,,,,,,,,,,,,,,,,,,,
2005-02-28,23.3209235,,10.0214295,87.810255,2.965659,3.27583282,72.534899,,1.3747839,1.744811,1.2680205,,,,,,,,,,,,,,,,,,,,,
2005-03-01,23.3438569,,9.961053,86.645461,2.954316,3.263696689,72.456994,,1.3683937,1.737815,1.2604589,,,,,,,,,,,,,,,,,,,,,
2005-03-02,23.5696497,,10.0100732,86.965992,2.964818,3.275684739,72.761974,,1.3709872,1.741675,1.2667376,,,,,,,,,,,,,,,,,,,,,
2005-03-03,23.6524357,,10.1616958,89.503007,3.009729,3.325665154,73.500786,,1.3784393,1.758286,1.2859978,,,,,,,,,,,,,,,,,,,,,
2005-03-04,23.8161145,,10.3316223,91.071607,3.063808,3.385799418,74.199335,,1.3895039,1.777562,1.3075749,,,,,,,,,,,,,,,,,,,,,
2005-03-07,24.0032812,,10.4356616,91.881421,3.105338,3.432090315,74.777706,100.0,1.3971475,1.790832,1.3208174,,,,,,,,,,,,,,,,,,,,,
2005-03-08,23.8757072,,10.3335048,90.863821,3.073834,3.397709384,74.268673,100.0,1.3883938,1.781068,1.3079727,,,,,,,,,,,,,,,,,,,,,
2005-03-09,23.9859477,,10.3198804,90.551295,3.069457,3.39330731,74.423401,99.8971599,1.3899871,1.775883,1.3063284,,,,,,,,,,,,,,,,,,,,,
2005-03-10,23.7717301,,10.1451096,88.624707,3.027861,3.347747318,73.577969,99.2405315,1.3893444,1.760402,1.2842952,,,,,,,,,,,,,,,,,,,,,
2005-03-11,23.7528374,,10.1815314,88.736012,3.035928,3.357087932,73.136454,99.7247924,1.390129,1.761897,1.2889814,,,,,,,,,,,,,,,,,,,,,
2005-03-14,23.4324395,,10.0155915,87.30751,2.993959,3.311131813,72.012115,98.5897008,1.3946778,1.745612,1.2680641,,,,,,,,,,,,,,,,,,,,,
2005-03-15,23.6591251,,10.0129973,86.695256,2.99456,3.312222154,72.386699,98.3264736,1.3978449,1.753168,1.2678128,,,,,,,,,,,,,,,,,,,,,
2005-03-16,23.61422,,9.9409864,86.058897,2.974771,3.29076925,72.460394,98.0560809,1.4013224,1.75838,1.2587783,,,,,,,,,,,,,,,,,,,,,
2005-03-17,23.6136258,,9.933065,86.924552,2.973097,3.289334575,72.621001,98.1531977,1.404938,1.756644,1.2578524,,,,,,,,,,,,,,,,,,,,,
2005-03-18,23.5683771,,9.8938074,86.801946,2.972214,3.288786173,72.700351,97.7804124,1.4033853,1.75179,1.2529615,,,,,,,,,,,,,,,,,,,,,
2005-03-21,23.3216014,,9.769115,85.808894,2.92813,3.24045918,71.811456,96.7452744,1.4109978,1.736657,1.2372603,,,,,,,,,,,,,,,,,,,,,
2005-03-22,23.158338,,9.6726418,85.133716,2.906722,3.217194243,70.799138,95.5658959,1.4061671,1.717887,1.2251285,,,,,,,,,,,,,,,,,,,,,
2005-03-23,22.364384,,9.3733767,82.446983,2.81349,3.114471183,68.693275,92.4830062,1.3833176,1.669904,1.1873365,,,,,,,,,,,,,,,,,,,,,
2005-03-24,22.7236337,,9.4436321,83.309873,2.845855,3.150671003,69.581019,93.6020693,1.403649,1.690899,1.1962977,,,,,,,,,,,,,,,,,,,,,
2005-03-28,22.4047082,,9.3269024,82.306402,2.801382,3.101862004,69.138763,92.6581078,1.3813172,1.670568,1.1816024,,,,,,,,,,,,,,,,,,,,,
2005-03-29,21.9863774,,9.1651981,80.87475,2.727434,3.020399858,68.000576,91.107435,1.3597783,1.649099,1.1611855,,,,,,,,,,,,,,,,,,,,,
2005-03-30,21.780163,,9.1576813,81.009085,2.710722,3.002282892,67.559149,90.6037849,1.3626549,1.637014,1.1603039,,,,,,,,,,,,,,,,,,,,,
2005-03-31,21.7577895,,9.2578096,82.63272,2.749701,3.045811056,67.79798,90.9769708,1.3633331,1.639539,1.1730606,,,,,,,,,,,,,,,,,,,,,
2005-04-01,21.8559488,,9.3331177,83.719102,2.766,3.064260376,67.483815,90.6352689,1.3663069,1.638028,1.1826727,,,,,,,,,,,,,,,,,,,,,
2005-04-04,21.6640985,,9.2070815,82.208675,2.724069,3.018242511,66.836327,89.5035273,1.3443948,1.613989,1.1667749,,,,,,,,,,,,,,,,,,,,,
2005-04-05,21.6307989,,9.2013325,81.81418,2.70885,3.00193729,66.698612,89.1199386,1.3297175,1.606797,1.1661161,,,,,,,,,,,,,,,,,,,,,
2005-04-06,21.1994943,,9.0569607,80.880753,2.661093,2.949425557,65.892929,87.6474552,1.3265128,1.588347,1.147893,,,,,,,,,,,,,,,,,,,,,
2005-04-07,21.2628223,,9.032028,80.890219,2.661753,2.950525301,66.061112,88.0097611,1.3462236,1.591182,1.1448027,,,,,,,,,,,,,,,,,,,,,
2005-04-08,21.5351369,,9.0600091,81.211756,2.690792,2.983058845,66.839922,88.9872866,1.3622803,1.602634,1.1484175,,,,,,,,,,,,,,,,,,,,,
2005-04-11,21.327526,,8.9969233,80.473351,2.650809,2.939147377,66.360801,88.5417695,1.3501747,1.595986,1.1405003,,,,,,,,,,,,,,,,,,,,,
2005-04-12,21.1995316,,8.9973645,80.518307,2.63277,2.919527439,66.010099,88.8145689,1.3553283,1.593614,1.1406255,,,,,,,,,,,,,,,,,,,,,
2005-04-13,21.3496187,,9.0847143,80.690787,2.641584,2.929664372,66.319931,90.1611142,1.3416527,1.600041,1.1517627,,,,,,,,,,,,,,,,,,,,,
2005-04-14,20.5696057,,8.7589465,78.441178,2.529054,2.805328383,64.453572,86.8311648,1.3218792,1.567293,1.1105554,,,,,,,,,,,,,,,,,,,,,
2005-04-15,20.2848205,,8.5357921,76.981992,2.467702,2.737670796,63.436719,85.1218431,1.2818521,1.545392,1.0823473,,,,,,,,,,,,,,,,,,,,,
2005-04-18,20.2702211,,8.575,76.831899,2.460557,2.730063317,63.444215,84.9984111,1.2789922,1.546976,1.0873811,,,,,,,,,,,,,,,,,,,,,
2005-04-19,20.8139651,,8.8218747,78.399156,2.542039,2.820723584,64.724354,87.2173689,1.3073009,1.575602,1.1187284,,,,,,,,,,,,,,,,,,,,,
2005-04-20,20.7927375,,8.8246538,78.164505,2.544929,2.824274819,64.673797,87.2324027,1.3213432,1.574388,1.1191485,,,,,,,,,,,,,,,,,,,,,
2005-04-22,20.8170134,,8.8018611,77.662986,2.532894,2.811288297,64.729755,87.4643647,1.3159789,1.574242,1.1163284,,,,,,,,,,,,,,,,,,,,,
2005-04-25,20.7918725,,8.8173982,77.951507,2.523565,2.801294017,64.666678,87.3638963,1.3146811,1.577693,1.1183649,,,,,,,,,,,,,,,,,,,,,
2005-04-26,20.8015508,,8.9313877,79.067092,2.541432,2.821472637,64.626187,87.3438158,1.3145273,1.580839,1.1328764,,,,,,,,,,,,,,,,,,,,,
2005-04-27,20.7029297,,8.8823237,78.12253,2.507584,2.784309704,64.452881,87.0031782,1.2999381,1.57606,1.1267211,,,,,,,,,,,,,,,,,,,,,
2005-04-28,20.4211449,,8.7184828,76.414821,2.458572,2.730401831,63.839774,85.5927566,1.3024093,1.55056,1.106005,,,,,,,,,,,,,,,,,,,,,
2005-04-29,20.4906548,,8.7184152,76.164264,2.44085,2.711068427,63.84133,85.8883081,1.3087747,1.55611,1.1060639,,,,,,,,,,,,,,,,,,,,,
2005-05-02,20.612614,,8.7182322,76.152556,2.449653,2.721227056,63.926022,86.304635,1.3122638,1.562027,1.106108,,,,,,,,,,,,,,,,,,,,,
2005-05-03,20.5835752,,8.7483306,76.263337,2.458619,2.731584178,63.776403,86.211977,1.3182411,1.552673,1.1099048,,,,,,,,,,,,,,,,,,,,,
2005-05-04,20.8424225,,8.9018591,77.547764,2.518127,2.798062777,64.215847,87.4174624,1.3393861,1.567927,1.1294475,,,,,,,,,,,,,,,,,,,,,
2005-05-05,20.9408083,,8.9233277,78.122096,2.536334,2.818697204,64.355107,88.0098166,1.3392052,1.574172,1.1322395,,,,,,,,,,,,,,,,,,,,,
2005-05-06,20.9994772,,8.9088488,78.384453,2.533246,2.815639885,64.580814,88.7673403,1.3378779,1.57683,1.1304715,,,,,,,,,,,,,,,,,,,,,
2005-05-09,20.9274298,,8.8859715,78.378976,2.527364,2.809539599,64.422698,88.6453774,1.3559361,1.572981,1.1276382,,,,,,,,,,,,,,,,,,,,,
2005-05-10,20.5630687,,8.7735912,77.305936,2.479782,2.757063961,63.363103,87.1825605,1.3346788,1.552186,1.1134511,,,,,,,,,,,,,,,,,,,,,
2005-05-11,20.3912286,,8.6645831,76.026859,2.437811,2.710740212,62.878523,85.8032136,1.3383323,1.544762,1.0996909,,,,,,,,,,,,,,,,,,,,,
2005-05-12,20.2283859,,8.6017,75.264458,2.399779,2.668837051,62.332548,85.54147776,1.3186358,1.526141,1.0917809,,,,,,,,,,,,,,,,,,,,,
2005-05-13,20.0067514,,8.4860291,73.83485,2.360503,2.625548419,61.904058,84.9479225,1.2914451,1.509452,1.0771742,,,,,,,,,,,,,,,,,,,,,
2005-05-16,19.9857637,,8.5146759,74.435937,2.367078,2.633166658,61.980126,84.7705471,1.2933493,1.504202,1.0808736,,,,,,,,,,,,,,,,,,,,,
2005-05-17,20.0362053,,8.5770783,75.200766,2.377598,2.64517956,62.194904,84.9626586,1.3074145,1.502675,1.0888552,,,,,,,,,,,,,,,,,,,,,
2005-05-18,20.5446383,,8.7561868,76.777722,2.428336,2.701897727,63.494836,86.7610988,1.3338892,1.51535,1.1116417,,,,,,,,,,,,,,,,,,,,,
2005-05-19,20.3762306,,8.7072167,76.563719,2.409142,2.680935176,63.213496,86.3423144,1.3091644,1.508623,1.1054973,,,,,,,,,,,,,,,,,,,,,
2005-05-20,20.3666738,,8.6619655,76.4877,2.391491,2.661672139,62.741286,86.0582683,1.2941687,1.50188,1.0998242,,,,,,,,,,,,,,,,,,,,,
2005-05-23,20.310520425,,8.5896511,75.730825,2.377004,2.645921142,62.240468,85.454644591,1.2976563,1.503893,1.0907177,,,,,,,,,,,,,,,,,,,,,
2005-05-24,20.2221617,,8.5788098,75.646067,2.380857,2.65056399,61.758302,85.3333572,1.2872176,1.497731,1.0894087,,,,,,,,,,,,,,,,,,,,,
2005-05-25,20.2591977,,8.6325939,76.133979,2.397589,2.669532616,61.984006,85.5780304,1.3104138,1.497588,1.0962975,,,,,,,,,,,,,,,,,,,,,
2005-05-27,20.4615333,,8.7292995,77.211305,2.449187,2.727287476,62.682536,87.3786758,1.32482,1.507706,1.1086468,,,,,,,,,,,,,,,,,,,,,
2005-05-30,20.7841543,,8.8524076,78.092837,2.491195,2.774392951,63.625445,88.4138314,1.3385237,1.520458,1.124352,,,,,,,,,,,,,,,,,,,,,
2005-05-31,20.8303256,,8.8878063,77.79307,2.500181,2.784769966,63.771323,88.3945697,1.3506447,1.529854,1.1289186,,,,,,,,,,,,,,,,,,,,,
2005-06-01,21.1192989,,9.0315399,78.945642,2.53347,2.822184469,64.355065,89.5460461,1.3602903,1.543878,1.1472453,,,,,,,,,,,,,,,,,,,,,
2005-06-02,21.456602,,9.1791646,80.860576,2.599453,2.895995399,65.240653,91.7358328,1.3690325,1.565763,1.1660673,,,,,,,,,,,,,,,,,,,,,
2005-06-03,21.5535203,,9.1350654,80.793003,2.608286,2.906264735,65.444993,92.2718409,1.3799049,1.570062,1.1605382,,,,,,,,,,,,,,,,,,,,,
2005-06-06,20.9698738,,8.9221236,79.270036,2.547729,2.839214881,64.162596,89.3522366,1.3431689,1.532293,1.1335635,,,,,,,,,,,,,,,,,,,,,
2005-06-07,20.777007794,,8.8231373,78.675599,2.524949,2.814194504,63.631157,88.0242054,1.3298889,1.514306,1.1210613,,,,,,,,,,,,,,,,,,,,,
2005-06-08,20.7063477,,8.8328183,78.261287,2.496336,2.782676142,63.504632,87.525313,1.325256,1.514697,1.1223608,,,,,,,,,,,,,,,,,,,,,
2005-06-09,20.272777211,,8.6378766,77.138395,2.43021,2.70938055,62.068346,85.3474935,1.2965721,1.486808,1.0976701,,,,,,,,,,,,,,,,,,,,,
2005-06-10,20.6318605,,8.7344636,78.191471,2.471913,2.756169811,63.087538,87.0326794,1.2882107,1.498525,1.1100066,,,,,,,,,,,,,,,,,,,,,
2005-06-13,20.7910641,,8.7716733,78.500099,2.497813,2.785382612,63.329228,87.9971286,1.2939231,1.508211,1.114802,,,,,,,,,,,,,,,,,,,,,
2005-06-14,20.65942,,8.7156601,78.649824,2.483665,2.76999169,62.99338,87.1284917,1.2833782,1.506355,1.107757,,,,,,,,,,,,,,,,,,,,,
2005-06-15,20.7417642,,8.7121153,78.439132,2.487157,2.774244862,63.047712,87.0567782,1.3029306,1.50176,1.1073758,,,,,,,,,,,,,,,,,,,,,
2005-06-16,21.0908402,,8.8880929,80.204514,2.539835,2.833296537,64.062885,88.9594085,1.2979418,1.518432,1.1297968,,,,,,,,,,,,,,,,,,,,,
2005-06-17,21.3120075,,8.9948877,80.869949,2.570828,2.868209927,64.687671,89.7066998,1.3112175,1.521402,1.1434318,,,,,,,,,,,,,,,,,,,,,
2005-06-20,21.3055867,,8.978448,80.662638,2.551504,2.847056982,64.07067,89.4211213,1.3011457,1.514036,1.1414148,,,,,,,,,,,,,,,,,,,,,
2005-06-21,21.2250145,,8.9779089,80.207284,2.533081,2.826896266,63.511002,89.2597357,1.3041163,1.509847,1.1414173,,,,,,,,,,,,,,,,,,,,,
2005-06-22,21.1243645,,8.9184073,79.412462,2.514015,2.806098339,63.012811,88.740846,1.2966577,1.507193,1.1339305,,,,,,,,,,,,,,,,,,,,,
2005-06-23,20.8936422,,8.8441801,79.030244,2.493048,2.783086926,62.575761,87.864573,1.2886367,1.499069,1.1245728,,,,,,,,,,,,,,,,,,,,,
2005-06-24,20.6365986,,8.7554783,77.757554,2.455058,2.741088581,61.810335,86.7564201,1.287838,1.491874,1.113376,,,,,,,,,,,,,,,,,,,,,
2005-06-27,20.4362183,,8.826392,78.530902,2.443126,2.72813926,61.531353,86.337787,1.280031,1.4878,1.1224526,,,,,,,,,,,,,,,,,,,,,
2005-06-28,20.5217922,,8.9147166,79.531459,2.464576,2.752423637,62.047553,86.6536008,1.2703887,1.485786,1.1337576,,,,,,,,,,,,,,,,,,,,,
2005-06-29,20.4690534,,8.8977391,79.498029,2.470343,2.759218069,62.119366,86.2921312,1.2703331,1.483777,1.1316687,,,,,,,,,,,,,,,,,,,,,
2005-06-30,20.4603665,,8.8862325,79.314579,2.469245,2.758357787,62.218003,86.5994971,1.2761818,1.487912,1.1302737,,,,,,,,,,,,,,,,,,,,,
2005-07-01,20.5793659,,8.930785,79.791782,2.475784,2.76598282,62.556768,86.9020161,1.2743657,1.492566,1.1360084,,,,,,,,,,,,,,,,,,,,,
2005-07-04,20.4823941,,8.8935391,79.398273,2.451479,2.739217456,62.425313,86.2065882,1.2622549,1.491909,1.13134,,,,,,,,,,,,,,,,,,,,,
2005-07-05,20.1257252,,8.8178234,79.330192,2.43579,2.722058911,61.804205,85.0108601,1.24654,1.477039,1.1217786,,,,,,,,,,,,,,,,,,,,,
2005-07-06,19.7310859,,8.7197338,78.773862,2.393928,2.675687223,61.19268,83.2023977,1.2166705,1.458297,1.109371,,,,,,,,,,,,,,,,,,,,,
2005-07-07,19.6970738,,8.7305002,78.560384,2.39068,2.672403104,60.973331,83.1597534,1.2079526,1.450133,1.1108082,,,,,,,,,,,,,,,,,,,,,
2005-07-08,19.6633086,,8.7774784,79.145669,2.393834,2.676268649,60.885108,82.699267,1.1805642,1.451281,1.1168515,,,,,,,,,,,,,,,,,,,,,
2005-07-11,19.9875515,,8.8883446,79.963156,2.444008,2.732636319,61.40385,83.66675004,1.1792074,1.463943,1.1310209,,,,,,,,,,,,,,,,,,,,,
2005-07-12,20.3633936,,8.925108,80.559871,2.501336,2.79701128,62.312336,84.9971403,1.2053123,1.482843,1.135766,,,,,,,,,,,,,,,,,,,,,
2005-07-13,20.5895137,,9.0047209,81.702429,2.569155,2.873119791,63.158382,85.9249513,1.2358427,1.491867,1.1459614,,,,,,,,,,,,,,,,,,,,,
2005-07-14,20.5719053,,8.9853324,81.48221,2.56126,2.864562773,63.396444,86.1814072,1.2375937,1.487788,1.1435654,,,,,,,,,,,,,,,,,,,,,
2005-07-15,20.2802273,,8.8754466,79.901184,2.513945,2.812217059,62.809739,84.9579029,1.2130404,1.477339,1.1296593,,,,,,,,,,,,,,,,,,,,,
2005-07-18,20.2452102,,8.8656836,79.653246,2.504708,2.802253474,62.588552,84.764583,1.2015347,1.476866,1.1284866,,,,,,,,,,,,,,,,,,,,,
2005-07-19,20.2231726,,8.8602721,79.583951,2.505031,2.802978582,62.677905,84.6578758,1.2011775,1.489405,1.1278673,,,,,,,,,,,,,,,,,,,,,
2005-07-20,20.4963654,,8.9736379,80.511116,2.564052,2.869317806,63.503364,85.5946325,1.2041368,1.505978,1.1423551,,,,,,,,,,,,,,,,,,,,,
2005-07-21,20.6186002,,9.0810506,81.257065,2.613394,2.924815431,64.077778,85.7671654,1.1848209,1.511105,1.1560866,,,,,,,,,,,,,,,,,,,,,
2005-07-22,20.382302,,9.0332948,80.988543,2.590286,2.899363622,63.820401,84.4330682,1.1808754,1.502957,1.1500832,,,,,,,,,,,,,,,,,,,,,
2005-07-25,19.6864601,,8.8400337,79.315881,2.505165,2.804551566,62.220239,81.7834663,1.1408744,1.470295,1.1255729,,,,,,,,,,,,,,,,,,,,,
2005-07-26,19.7282943,,8.8728202,79.716606,2.510865,2.811340701,62.478226,81.4734052,1.118957,1.462103,1.1298117,,,,,,,,,,,,,,,,,,,,,
2005-07-27,19.9367398,,8.9858933,80.976603,2.566087,2.873443006,63.034194,82.4125756,1.129242,1.471034,1.1442822,,,,,,,,,,,,,,,,,,,,,
2005-07-28,20.35643,,9.1871532,82.765168,2.628296,2.943406728,64.682118,85.1861908,1.1755157,1.497865,1.1699854,,,,,,,,,,,,,,,,,,,,,
2005-07-29,20.563021,,9.2936723,82.807082,2.636363,2.952826712,64.906459,86.3791967,1.1905789,1.51528,1.1836239,,,,,,,,,,,,,,,,,,,,,
2005-08-01,20.552543,,9.3155616,83.020675,2.616106,2.930501743,65.522951,86.2264216,1.1850838,1.513752,1.1864839,,,,,,,,,,,,,,,,,,,,,
2005-08-02,20.9350682,,9.4676028,84.607811,2.688082,3.011411874,66.435929,87.7388125,1.2103513,1.535679,1.2059186,,,,,,,,,,,,,,,,,,,,,
2005-08-03,21.3353324,,9.5626971,85.603329,2.724002,3.052010822,66.909417,89.037608,1.245026,1.552945,1.2181024,,,,,,,,,,,,,,,,,,,,,
2005-08-04,21.1507935,,9.4571281,84.475841,2.681454,3.005070951,67.318423,88.4857671,1.2251343,1.54889,1.2047329,,,,,,,,,,,,,,,,,,,,,
2005-08-05,21.1185469,,9.4121335,84.218533,2.678853,3.002542527,67.741208,89.6144172,1.2434965,1.546657,1.1990763,,,,,,,,,,,,,,,,,,,,,
2005-08-08,21.0896624,,9.4538002,85.212195,2.702483,3.029387379,67.620167,89.7204188,1.2389097,1.545518,1.2044558,,,,,,,,,,,,,,,,,,,,,
2005-08-09,21.0264589,,9.5267754,86.325432,2.727016,3.057254258,67.240267,89.9083658,1.2474068,1.549247,1.2138227,,,,,,,,,,,,,,,,,,,,,
2005-08-10,21.1572033,,9.6311875,87.36863,2.759725,3.094283003,67.110318,90.4446444,1.2556516,1.553876,1.2271936,,,,,,,,,,,,,,,,,,,,,
2005-08-11,20.8626895,,9.5639536,87.235762,2.741081,3.073331105,66.708398,89.2183786,1.2478922,1.54873,1.2187064,,,,,,,,,,,,,,,,,,,,,
2005-08-12,20.4794589,,9.3564889,85.519227,2.681105,3.006540529,65.212571,87.136325,1.2062983,1.522103,1.1923605,,,,,,,,,,,,,,,,,,,,,
2005-08-15,20.9680492,,9.6191778,87.674458,2.768589,3.104933722,66.521152,88.9092471,1.2200284,1.547729,1.2258865,,,,,,,,,,,,,,,,,,,,,
2005-08-16,20.9896395,,9.6513456,87.589841,2.771871,3.109021505,66.81729,88.8653171,1.2497355,1.548398,1.2300579,,,,,,,,,,,,,,,,,,,,,
2005-08-17,21.2333116,,9.6738467,87.275049,2.795326,3.135717687,66.862922,89.7649476,1.2574772,1.55637,1.2329985,,,,,,,,,,,,,,,,,,,,,
2005-08-18,21.0940404,,9.6328125,86.765733,2.77626,3.114920834,66.220503,89.2382513,1.2507582,1.555787,1.2278482,,,,,,,,,,,,,,,,,,,,,
2005-08-19,20.6616213,,9.4814107,85.596525,2.716188,3.04798145,65.479341,87.4012582,1.2195142,1.542482,1.2086443,,,,,,,,,,,,,,,,,,,,,
2005-08-22,21.108777484,,9.6843045,87.466612,2.769667,3.108317806,66.600809,89.141920864,1.2482966,1.558972,1.2345584,,,,,,,,,,,,,,,,,,,,,
2005-08-23,20.996617291,,9.6213031,86.616428,2.733785,3.068494741,66.484113,88.724303781,1.2401637,1.554512,1.2266104,,,,,,,,,,,,,,,,,,,,,
2005-08-24,20.976410536,,9.6064973,86.575558,2.704539,3.03609167,66.75814,88.506132615,1.2371381,1.555785,1.2247996,,,,,,,,,,,,,,,,,,,,,
2005-08-25,21.144883078,,9.7146599,87.650467,2.726728,3.061365189,67.539284,89.453894118,1.2608338,1.571258,1.2386491,,,,,,,,,,,,,,,,,,,,,
2005-08-26,21.200532587,,9.7317665,87.514268,2.738017,3.074425503,67.471693,89.659820787,1.2690055,1.573647,1.2409031,,,,,,,,,,,,,,,,,,,,,
2005-08-29,21.199272071,,9.7499463,87.738423,2.745298,3.082991161,67.551554,89.581711384,1.2711997,1.572502,1.2432974,,,,,,,,,,,,,,,,,,,,,
2005-08-30,21.279199291,,9.823065,88.54841,2.763945,3.10431036,67.814897,89.517117909,1.2726131,1.575761,1.2526984,,,,,,,,,,,,,,,,,,,,,
2005-08-31,21.459557635,,9.9334812,89.739082,2.793216,3.137563943,68.289678,90.309238032,1.2771787,1.588672,1.2668569,,,,,,,,,,,,,,,,,,,,,
2005-09-01,21.450997647,,9.9920278,90.316838,2.801919,3.147716121,68.316049,90.336186063,1.2819173,1.587889,1.2744002,,,,,,,,,,,,,,,,,,,,,
2005-09-02,21.648969243,,10.0572188,90.663673,2.831065,3.180834589,69.069984,91.005492379,1.2786862,1.597012,1.282791,,,,,,,,,,,,,,,,,,,,,
2005-09-05,21.958014301,,10.1819455,91.50964,2.859242,3.212868963,69.629502,91.638681621,1.2863503,1.607684,1.2987748,,,,,,,,,,,,,,,,,,,,,
2005-09-06,22.161817321,,10.2506829,92.097401,2.874385,3.230287247,69.600562,92.567978321,1.2954313,1.610075,1.3076196,,,,,,,,,,,,,,,,,,,,,
2005-09-08,22.276301261,,10.3204942,92.850803,2.897406,3.256548241,69.943198,93.148142125,1.2959536,1.612907,1.3166019,,,,,,,,,,,,,,,,,,,,,
2005-09-09,22.564294568,,10.4402513,93.96313,2.936237,3.300572244,70.62087,93.804706445,1.3184533,1.631181,1.3319541,,,,,,,,,,,,,,,,,,,,,
2005-09-12,22.653020816,,10.4400794,94.40119,2.945302,3.311183856,71.176909,94.113431135,1.3275284,1.639768,1.3320139,,,,,,,,,,,,,,,,,,,,,
2005-09-13,22.674358119,,10.3982327,93.455137,2.945488,3.311821086,71.168665,94.647053374,1.2879868,1.637044,1.326759,,,,,,,,,,,,,,,,,,,,,
2005-09-14,22.749720999,,10.3818379,93.532304,2.953333,3.321063924,71.574514,95.305756631,1.3164085,1.645938,1.3247496,,,,,,,,,,,,,,,,,,,,,
2005-09-15,23.080569768,,10.5122596,94.622334,2.994247,3.367453044,72.512643,96.17824635,1.3160471,1.663381,1.3414629,,,,,,,,,,,,,,,,,,,,,
2005-09-16,23.285897563,,10.6486487,95.440933,3.012842,3.388782818,73.427521,96.864488711,1.3288725,1.67914,1.3589382,,,,,,,,,,,,,,,,,,,,,
2005-09-19,23.360665438,,10.7403561,96.52774,3.014291,3.390846006,73.615931,97.852976568,1.331507,1.688752,1.3707165,,,,,,,,,,,,,,,,,,,,,
2005-09-20,23.515205859,,10.8317982,97.204535,3.042273,3.422727693,74.154497,97.983604552,1.3370714,1.690168,1.382468,,,,,,,,,,,,,,,,,,,,,
2005-09-21,23.572404506,,10.9492231,99.083803,3.055084,3.437567016,74.74547,97.956034256,1.3364414,1.709822,1.3975338,,,,,,,,,,,,,,,,,,,,,
2005-09-22,23.409697153,,10.9108775,99.359295,3.039157,3.420104829,74.525167,97.633873955,1.3436797,1.706623,1.3927283,,,,,,,,,,,,,,,,,,,,,
2005-09-23,23.525431519,,11.0339982,100.143398,3.082892,3.469705257,74.974879,98.393632424,1.3526313,1.712416,1.4085149,,,,,,,,,,,,,,,,,,,,,
2005-09-26,23.458163812,,11.0089239,99.981768,3.069699,3.455323837,74.802769,98.345567169,1.3488731,1.716126,1.4054025,,,,,,,,,,,,,,,,,,,,,
2005-09-27,23.316465575,,10.9300447,99.380342,3.044729,3.427689479,74.451856,98.132280545,1.332272,1.704946,1.395428,,,,,,,,,,,,,,,,,,,,,
2005-09-28,23.84743093,,11.1449951,100.855806,3.1029,3.493540806,75.605529,99.573775809,1.3317683,1.721606,1.4229601,,,,,,,,,,,,,,,,,,,,,
2005-09-29,23.946620055,,11.0779769,100.13632,3.104272,3.495527268,76.311451,99.715167823,1.3148006,1.732902,1.4144889,,,,,,,,,,,,,,,,,,,,,
2005-09-30,24.259257098,,11.1538539,100.597508,3.134641,3.530136573,77.471163,101.040344237,1.3369328,1.759611,1.4242631,,,,,,,,,,,,,,,,,,,,,
2005-10-03,24.668019973,,11.2930348,102.015257,3.179938,3.581593539,78.846362,102.543807825,1.3642807,1.788525,1.4421196,,,,,,,,,,,,,,,,,,,,,
2005-10-04,24.475728269,,11.2460044,101.666918,3.144929,3.5426399,79.203903,101.787455635,1.3622765,1.788845,1.4362015,,,,,,,,,,,,,,,,,,,,,
2005-10-05,23.685274735,,10.8716315,98.445369,3.038042,3.422767647,77.991405,99.637209461,1.3448355,1.755686,1.3884871,,,,,,,,,,,,,,,,,,,,,
2005-10-06,23.068558667,,10.5296683,95.141711,2.956714,3.33164934,75.855645,97.557556296,1.3101244,1.721669,1.3449066,,,,,,,,,,,,,,,,,,,,,
2005-10-07,23.412398955,,10.5994108,95.946017,2.968374,3.345182558,76.544325,98.045152868,1.3128595,1.745357,1.3538934,,,,,,,,,,,,,,,,,,,,,
2005-10-10,23.714023315,,10.762104,96.851391,3.004629,3.386418603,77.43063,99.041404898,1.307763,1.757253,1.3747493,,,,,,,,,,,,,,,,,,,,,
2005-10-11,23.642818783,,10.906472,98.073983,3.020346,3.404551543,77.397947,98.924504089,1.3039275,1.75895,1.3932666,,,,,,,,,,,,,,,,,,,,,
2005-10-13,23.046657888,,10.5876085,94.93612,2.928876,3.301996818,76.177169,97.337688635,1.2768901,1.73276,1.3526366,,,,,,,,,,,,,,,,,,,,,
2005-10-14,23.086064078,,10.5552554,94.509722,2.921092,3.293650623,76.286841,97.165931075,1.2704937,1.728809,1.3485874,,,,,,,,,,,,,,,,,,,,,
2005-10-17,23.377542256,,10.7384216,96.398242,2.959455,3.336873276,76.74687,97.800218821,1.273654,1.744065,1.3720569,,,,,,,,,,,,,,,,,,,,,
2005-10-18,22.95518816,,10.6462997,95.949575,2.913014,3.285004046,75.737559,96.263579834,1.266369,1.728544,1.3603773,,,,,,,,,,,,,,,,,,,,,
2005-10-19,22.425798952,,10.4299994,93.402839,2.837938,3.200803189,74.760317,95.117243044,1.2480608,1.70266,1.3328409,,,,,,,,,,,,,,,,,,,,,
2005-10-20,22.464989499,,10.3919765,93.165344,2.824566,3.186138361,74.54965,95.30089657,1.2473957,1.708583,1.3280667,,,,,,,,,,,,,,,,,,,,,
2005-10-21,22.414100144,,10.3237266,93.1927,2.825874,3.188028607,74.239089,94.822430176,1.238942,1.718398,1.3194325,,,,,,,,,,,,,,,,,,,,,
2005-10-24,22.632439392,,10.5497336,95.704348,2.86953,3.23763682,74.477427,95.215543878,1.2500959,1.726159,1.3483701,,,,,,,,,,,,,,,,,,,,,
2005-10-25,22.723320698,,10.6119669,96.56495,2.885729,3.256324071,74.206325,95.711101349,1.2478371,1.724276,1.3563982,,,,,,,,,,,,,,,,,,,,,
2005-10-26,22.728695873,,10.6238329,96.653402,2.885051,3.255987059,75.022385,95.978636506,1.2477553,1.723315,1.3579956,,,,,,,,,,,,,,,,,,,,,
2005-10-27,22.445395874,,10.4874799,95.287367,2.851013,3.218041031,74.718624,95.082783432,1.2442724,1.715746,1.3406456,,,,,,,,,,,,,,,,,,,,,
2005-10-28,22.695158333,,10.5557685,95.554818,2.87399,3.244363862,75.273324,95.631769382,1.2464851,1.733442,1.3494577,,,,,,,,,,,,,,,,,,,,,
2005-10-31,23.090717574,,10.7641282,97.649822,2.938762,3.317828237,76.381623,97.009148533,1.2628418,1.764993,1.3761784,,,,,,,,,,,,,,,,,,,,,
2005-11-01,23.383537112,,10.9835363,99.897837,3.010072,3.398665672,77.324201,98.123312028,1.280414,1.781832,1.4043111,,,,,,,,,,,,,,,,,,,,,
2005-11-03,23.858185047,,11.1862674,101.878172,3.055688,3.450542809,78.236325,99.12953216,1.2988187,1.807777,1.4303135,,,,,,,,,,,,,,,,,,,,,
2005-11-04,23.801948748,,11.073062,100.452966,3.020185,3.410958442,78.145547,98.815283343,1.2835047,1.797048,1.4159279,,,,,,,,,,,,,,,,,,,,,
2005-11-07,23.989233062,,11.1081516,100.547075,3.031009,3.423592182,78.17638,99.187250861,1.2804944,1.806391,1.4204997,,,,,,,,,,,,,,,,,,,,,
2005-11-08,23.856480777,,11.0458543,100.612365,3.010582,3.400992131,77.575247,99.124042476,1.2778181,1.800394,1.4126218,,,,,,,,,,,,,,,,,,,,,
2005-11-09,24.022913318,,11.0310974,100.582967,2.999003,3.388372192,77.174414,99.175326969,1.2591695,1.808769,1.410821,,,,,,,,,,,,,,,,,,,,,
2005-11-10,24.186745357,,10.8980472,99.402741,2.982839,3.370575295,77.055544,99.071542757,1.2620016,1.817072,1.3938975,,,,,,,,,,,,,,,,,,,,,
2005-11-11,24.344113675,,10.9569851,99.074797,2.996119,3.386014211,77.72033,98.978948258,1.2623107,1.824982,1.4015167,,,,,,,,,,,,,,,,,,,,,
2005-11-14,24.032117352,,10.8470465,98.780035,2.963496,3.349631077,77.659264,97.78092115,1.2632272,1.811896,1.3875472,,,,,,,,,,,,,,,,,,,,,
2005-11-16,24.19612915,,10.9545889,99.792335,2.976857,3.365150543,77.924059,98.478183064,1.2653146,1.826009,1.4013796,,,,,,,,,,,,,,,,,,,,,
2005-11-17,24.699125256,,11.1747661,102.119053,3.022476,3.417096276,78.997414,99.768031305,1.2688322,1.849096,1.4296121,,,,,,,,,,,,,,,,,,,,,
2005-11-18,24.925680402,,11.1921792,102.300207,3.051745,3.450611675,80.361704,100.051475645,1.2762078,1.872457,1.4319249,,,,,,,,,,,,,,,,,,,,,
2005-11-21,25.003510523,,11.2458351,102.594794,3.060697,3.461169213,81.213365,100.254992566,1.2645283,1.876474,1.4388711,,,,,,,,,,,,,,,,,,,,,
2005-11-22,24.924077,,11.2343536,102.566633,3.036896,3.43474268,81.087905,100.2413291,1.2699804,1.871454,1.4374905,,,,,,,,,,,,,,,,,,,,,
2005-11-23,25.5320216,,11.5368595,105.334548,3.10439,3.511426679,82.603712,101.8728471,1.2721148,1.901923,1.4762504,,,,,,,,,,,,,,,,,,,,,
2005-11-24,25.781051934,,11.5649684,105.513142,3.128835,3.53950885,82.838647,102.183872797,1.2715218,1.917442,1.4799333,,,,,,,,,,,,,,,,,,,,,
2005-11-25,25.945907331,,11.5833348,105.703817,3.134097,3.54645677,83.753051,102.601101831,1.2702299,1.927642,1.4823709,,,,,,,,,,,,,,,,,,,,,
2005-11-28,26.127143183,,11.5611409,105.248842,3.127912,3.540213568,83.88711,103.207391648,1.2780937,1.942115,1.4796202,,,,,,,,,,,,,,,,,,,,,
2005-11-29,25.849254082,,11.4416486,104.22985,3.111724,3.52132678,83.509657,102.790498626,1.271658,1.928731,1.4644157,,,,,,,,,,,,,,,,,,,,,
2005-11-30,25.81998496,,11.4443049,104.434956,3.121412,3.532743065,83.993379,103.126591772,1.2684764,1.930581,1.4648448,,,,,,,,,,,,,,,,,,,,,
2005-12-01,26.460685188,,11.7255622,107.060887,3.197007,3.618676905,84.596942,105.125225849,1.2879588,1.963975,1.500931,,,,,,,,,,,,,,,,,,,,,
2005-12-02,26.822843993,,11.8964104,108.380995,3.223845,3.649494316,85.137254,105.346137429,1.2981754,1.991863,1.5228884,,,,,,,,,,,,,,,,,,,,,
2005-12-05,26.864346098,,11.843017,108.101188,3.200681,3.62373026,85.840727,106.062703771,1.2939637,2.001385,1.5161468,,,,,,,,,,,,,,,,,,,,,
2005-12-06,27.068056108,,11.9721035,109.107603,3.269155,3.701651593,86.188541,106.510146803,1.3071755,2.029591,1.5327606,,,,,,,,,,,,,,,,,,,,,
2005-12-07,27.164344484,,11.918581,108.44407,3.270449,3.703605051,85.831434,106.275234262,1.3145901,2.037188,1.5260031,,,,,,,,,,,,,,,,,,,,,
2005-12-08,27.008489092,,11.892982,107.328335,3.269462,3.702977159,86.335843,106.633974323,1.3149014,2.030008,1.5228192,,,,,,,,,,,,,,,,,,,,,
2005-12-09,26.988147111,,11.8741157,107.00897,3.267407,3.701153064,86.118975,106.631546447,1.3187881,2.022519,1.5204968,,,,,,,,,,,,,,,,,,,,,
2005-12-12,27.076828543,,11.9833216,108.07681,3.287564,3.724431402,86.090694,106.973729912,1.3190613,2.030279,1.534566,,,,,,,,,,,,,,,,,,,,,
2005-12-13,27.162211732,,11.99283,107.932998,3.305016,3.744670229,86.675689,107.210690194,1.3282855,2.041647,1.5358759,,,,,,,,,,,,,,,,,,,,,
2005-12-14,27.435668776,,12.150129,109.314964,3.364323,3.812293471,87.818253,107.827274625,1.3392066,2.067441,1.5561014,,,,,,,,,,,,,,,,,,,,,
2005-12-15,27.327789444,,12.0594732,108.479392,3.343644,3.789382495,87.369599,107.579896191,1.3517157,2.057978,1.5445927,,,,,,,,,,,,,,,,,,,,,
2005-12-16,27.4249851,,12.1607469,109.393358,3.354377,3.80203,87.479178,107.9281331,1.3518262,2.071596,1.5576481,,,,,,,,,,,,,,,,,,,,,
2005-12-19,27.47118684,,12.1180315,109.091658,3.340023,3.78625963,86.732471,107.127688474,1.3527514,2.080332,1.5522752,,,,,,,,,,,,,,,,,,,,,
2005-12-20,27.383642621,,12.0702799,108.171761,3.308448,3.750987837,86.426176,106.320462944,1.3456832,2.081506,1.5462573,,,,,,,,,,,,,,,,,,,,,
2005-12-21,27.829079148,,12.2595863,109.949927,3.350642,3.799307802,87.548724,107.605466138,1.3452276,2.108186,1.5705804,,,,,,,,,,,,,,,,,,,,,
2005-12-22,27.830162226,,12.2960765,110.474012,3.350437,3.799531889,87.806532,107.641148431,1.3618539,2.113613,1.5753458,,,,,,,,,,,,,,,,,,,,,
2005-12-23,27.8706132,,12.2297407,110.130969,3.363373,3.814685084,87.739674,108.3269828,1.3554437,2.113209,1.5669506,,,,,,,,,,,,,,,,,,,,,
2005-12-26,27.928799097,,12.1876292,109.467251,3.357746,3.808791943,87.617507,108.0848323,1.3669277,2.122025,1.5616554,,,,,,,,,,,,,,,,,,,,,
2005-12-27,28.030517114,,12.2875086,109.930227,3.381549,3.836258186,87.655989,108.576990869,1.3754097,2.129073,1.5745336,,,,,,,,,,,,,,,,,,,,,
2005-12-28,27.937906326,,12.2034404,109.480972,3.346388,3.796905185,87.462155,108.000248984,1.3946947,2.121568,1.5638419,,,,,,,,,,,,,,,,,,,,,
2005-12-29,28.219648658,,12.2886393,110.43735,3.366845,3.820578918,88.478052,109.443965087,1.4223012,2.148579,1.5748703,,,,,,,,,,,,,,,,,,,,,
2005-12-30,28.217749542,,12.2873854,110.424454,3.365992,3.820614492,88.469995,109.434223851,1.4222876,2.148304,1.5748056,,,,,,,,,,,,,,,,,,,,,
2006-01-02,28.134783928,,12.2179401,109.944744,3.338841,3.789795864,88.755902,108.792896108,1.4380714,2.146158,1.5660017,,,,,,,,,,,,,,,,,,,,,
2006-01-03,28.694767763,,12.5130306,113.489498,3.418719,3.880836813,90.530436,111.507902923,1.4665673,2.175022,1.6039136,,,,,,,,,,,,,,,,,,,,,
2006-01-04,29.42446123,,12.7658467,115.996174,3.486313,3.958005532,92.656372,114.313032625,1.488794,2.213744,1.6364102,,,,,,,,,,,,,,,,,,,,,
2006-01-05,29.799831413,,12.8137652,116.142988,3.502711,3.977115068,94.363479,114.9875601,1.4742313,2.225691,1.6426505,,,,,,,,,,,,,,,,,,,,,
2006-01-06,30.383030598,,12.9126897,117.749234,3.546867,4.027723991,95.397765,116.976766285,1.4695495,2.258027,1.6554276,,,,,,,,,,,,,,,,,,,,,
2006-01-09,30.488045123,,12.9138101,117.87365,3.524827,4.003229836,96.010855,117.144064627,1.4658856,2.268906,1.6556694,,,,,,,,,,,,,,,,,,,,,
2006-01-10,30.224970786,,12.7789601,117.043186,3.485221,3.958783538,95.523659,116.061148537,1.4727608,2.260868,1.6384909,,,,,,,,,,,,,,,,,,,,,
2006-01-11,30.789874089,,13.0459671,119.49517,3.536249,4.017200299,96.651371,117.709044082,1.4763168,2.300177,1.6728111,,,,,,,,,,,,,,,,,,,,,
2006-01-12,31.203343187,,13.20339,121.315991,3.548165,4.03124165,98.089055,118.302834192,1.4673858,2.325885,1.6930893,,,,,,,,,,,,,,,,,,,,,
2006-01-13,31.283641039,,13.1776013,120.780447,3.550643,4.034547305,98.12078,117.872445505,1.4687628,2.347729,1.689888,,,,,,,,,,,,,,,,,,,,,
2006-01-16,31.720134769,,13.3650341,122.767103,3.599976,4.091003155,99.897138,119.533919211,1.4740994,2.386559,1.7140132,,,,,,,,,,,,,,,,,,,,,
2006-01-17,31.488724026,,13.2863345,122.142636,3.585353,4.074936672,99.323279,118.922287159,1.4644482,2.369876,1.7040317,,,,,,,,,,,,,,,,,,,,,
2006-01-18,31.044965888,,13.1047914,120.495747,3.541353,4.025477455,98.243476,118.215674874,1.4680023,2.348512,1.6808687,,,,,,,,,,,,,,,,,,,,,
2006-01-19,32.121739529,,13.5327661,124.282071,3.644621,4.143296876,101.306252,121.305619447,1.4913746,2.409955,1.7358232,,,,,,,,,,,,,,,,,,,,,
2006-01-20,32.342752911,,13.5323093,123.98409,3.620352,4.116283768,102.192798,121.532474285,1.514882,2.426382,1.7358707,,,,,,,,,,,,,,,,,,,,,
2006-01-23,32.304890616,,13.5001444,123.481313,3.578392,4.06913143,101.960385,120.841321194,1.5219849,2.414957,1.7318542,,,,,,,,,,,,,,,,,,,,,
2006-01-24,32.973886551,,13.8125841,126.276244,3.660708,4.163182857,104.311161,123.102127767,1.5226845,2.458342,1.7720055,,,,,,,,,,,,,,,,,,,,,
2006-01-25,32.971832143,,13.8114077,126.261633,3.660304,4.163272066,104.300207,123.09427075,1.5226946,2.458069,1.7719628,,,,,,,,,,,,,,,,,,,,,
2006-01-26,33.9075028,,14.0512495,128.016739,3.740326,4.254752063,106.716881,124.6668235,1.5523129,2.506337,1.802812,,,,,,,,,,,,,,,,,,,,,
2006-01-27,34.234238687,,14.2757637,130.232954,3.831971,4.359481647,108.307585,125.579743196,1.5668677,2.525961,1.8317322,,,,,,,,,,,,,,,,,,,,,
2006-01-30,33.485755681,,14.1092903,129.257484,3.791917,4.314533984,106.893109,124.238434832,1.5476269,2.489567,1.8104819,,,,,,,,,,,,,,,,,,,,,
2006-01-31,33.396278168,,14.1144868,130.465814,3.800376,4.324702723,106.08331,123.604982688,1.5475916,2.469935,1.8112594,,,,,,,,,,,,,,,,,,,,,
2006-02-01,33.290604945,,14.1133497,131.155381,3.798803,4.323456207,105.898881,123.43453177,1.5494696,2.466989,1.811224,,,,,,,,,,,,,,,,,,,,,
2006-02-02,33.270635628,,14.036567,128.782147,3.777049,4.29932075,104.666985,122.731699603,1.5455094,2.452796,1.8014818,,,,,,,,,,,,,,,,,,,,,
2006-02-03,33.032254735,,13.805678,125.854925,3.729271,4.245572407,104.11685,121.652923591,1.5473455,2.445065,1.771964,,,,,,,,,,,,,,,,,,,,,
2006-02-06,33.337527623,,14.0026088,127.205378,3.775059,4.298247425,104.374973,122.301283309,1.5522784,2.458216,1.7973422,,,,,,,,,,,,,,,,,,,,,
2006-02-07,32.831176163,,13.783941,124.92386,3.703242,4.217146285,101.708207,120.563591389,1.5420425,2.413047,1.7693923,,,,,,,,,,,,,,,,,,,,,
2006-02-08,32.609961769,,13.625812,122.722835,3.676107,4.187367246,100.373486,121.069361036,1.5360304,2.40501,1.7492091,,,,,,,,,,,,,,,,,,,,,
2006-02-09,33.025899604,,13.7503636,124.001962,3.71026,4.226817789,101.642179,122.940960436,1.5395061,2.44681,1.7652982,,,,,,,,,,,,,,,,,,,,,
2006-02-10,33.219744968,,13.8855597,124.493997,3.743148,4.264845654,102.187207,123.736675189,1.5443285,2.478131,1.7827541,,,,,,,,,,,,,,,,,,,,,
2006-02-13,33.038880894,,13.8010694,123.053455,3.671149,4.183486278,101.036075,122.383987185,1.541811,2.45712,1.7720211,,,,,,,,,,,,,,,,,,,,,
2006-02-14,32.897539331,,13.7223922,121.749255,3.646281,4.155738285,100.706211,121.59131772,1.5396618,2.456121,1.7620339,,,,,,,,,,,,,,,,,,,,,
2006-02-15,32.927621149,,13.7871859,123.566247,3.669204,4.182408882,101.128929,122.521342019,1.5611878,2.468797,1.7704556,,,,,,,,,,,,,,,,,,,,,
2006-02-16,33.312162313,,13.9783995,126.103086,3.722584,4.243774528,102.866656,124.540387478,1.5662584,2.499378,1.7951,,,,,,,,,,,,,,,,,,,,,
2006-02-17,33.743331778,,14.2103408,128.217454,3.768711,4.296899304,104.694426,127.167822726,1.5586326,2.557432,1.8249721,,,,,,,,,,,,,,,,,,,,,
2006-02-20,33.544797,,14.1988045,128.209914,3.753891,4.280618102,104.128499,125.9824997,1.5582716,2.545599,1.8236029,,,,,,,,,,,,,,,,,,,,,
2006-02-21,33.6673892,,14.2092422,129.013918,3.744957,4.271026271,104.19135,125.5316275,1.5668892,2.557073,1.8250533,,,,,,,,,,,,,,,,,,,,,
2006-02-22,33.8056103,,14.2307207,128.006979,3.746034,4.272840574,104.309804,125.078213,1.5894712,2.552102,1.8279237,,,,,,,,,,,,,,,,,,,,,
2006-02-23,33.7693662,,14.2105169,127.383341,3.743534,4.27057714,103.902745,125.593099,1.6005931,2.554243,1.8254398,,,,,,,,,,,,,,,,,,,,,
2006-02-24,34.0097194,,14.3569055,128.785792,3.78739,4.321142049,104.731124,127.379116,1.6169161,2.574824,1.8443561,,,,,,,,,,,,,,,,,,,,,
2006-03-01,34.5044712,,14.6258408,129.713633,3.857014,4.400982809,106.147313,128.8953397,1.6241016,2.603882,1.8790147,,,,,,,,,,,,,,,,,,,,,
2006-03-02,34.7163471,,14.7369491,130.614282,3.896811,4.446888452,107.200985,129.1842989,1.628558,2.612581,1.8934016,,,,,,,,,,,,,,,,,,,,,
2006-03-03,34.6502826,,14.7925833,130.153248,3.898615,4.449510868,107.089824,129.0287372,1.639409,2.611856,1.9006632,,,,,,,,,,,,,,,,,,,,,
2006-03-06,34.5489214,,14.6985987,129.237007,3.865257,4.41203589,106.65963,128.8095913,1.6535323,2.622646,1.8887059,,,,,,,,,,,,,,,,,,,,,
2006-03-07,33.727993795,,14.2840722,124.323098,3.747973,4.278841272,103.391847,125.443227729,1.6350166,2.550848,1.8355716,,,,,,,,,,,,,,,,,,,,,
2006-03-08,33.1015253,,14.0782868,122.065044,3.690656,4.213997265,101.457919,123.871193695,1.6201948,2.507429,1.8092484,,,,,,,,,,,,,,,,,,,,,
2006-03-09,33.289740312,,14.1096257,122.278936,3.694698,4.219129895,102.505867,124.224729966,1.6134725,2.532708,1.8133842,,,,,,,,,,,,,,,,,,,,,
2006-03-10,33.301815299,,14.0228181,121.494998,3.663532,4.184109196,102.60161,124.387926638,1.6314091,2.536278,1.8023433,,,,,,,,,,,,,,,,,,,,,
2006-03-13,33.343091843,,14.1384931,122.806502,3.676499,4.199412547,102.940305,123.596968123,1.6270773,2.535764,1.8173124,,,,,,,,,,,,,,,,,,,,,
2006-03-14,33.317451456,,14.2257957,123.607461,3.700069,4.22690355,103.121737,124.156043055,1.6383825,2.536175,1.8286377,,,,,,,,,,,,,,,,,,,,,
2006-03-15,33.852163293,,14.4776596,126.58386,3.776637,4.314822664,104.06683,126.143445406,1.6282612,2.564566,1.8611034,,,,,,,,,,,,,,,,,,,,,
2006-03-16,34.216961554,,14.6434522,127.259477,3.810274,4.353772388,104.825183,127.150659938,1.6440703,2.574891,1.8825143,,,,,,,,,,,,,,,,,,,,,
2006-03-17,34.090133626,,14.5931407,126.772051,3.790628,4.331914674,104.070473,125.827096567,1.6237372,2.553009,1.8761655,,,,,,,,,,,,,,,,,,,,,
2006-03-20,34.174597703,,14.6712005,127.67772,3.817109,4.362689324,104.337186,126.398679153,1.6241117,2.568549,1.8863071,,,,,,,,,,,,,,,,,,,,,
2006-03-21,33.836325,,14.5298494,126.432522,3.781308,4.322365045,103.34477,124.810466876,1.6277621,2.554691,1.8682632,,,,,,,,,,,,,,,,,,,,,
2006-03-22,34.160450887,,14.6345349,126.066952,3.795416,4.339017837,104.56105,125.192795724,1.6169994,2.56861,1.8818248,,,,,,,,,,,,,,,,,,,,,
2006-03-23,34.037214515,,14.5004593,125.595196,3.788835,4.332052586,104.329365,124.61873628,1.6040777,2.563135,1.864715,,,,,,,,,,,,,,,,,,,,,
2006-03-24,34.048393337,,14.5137696,126.00686,3.788221,4.331896634,104.495394,124.327209654,1.6033899,2.568912,1.866538,,,,,,,,,,,,,,,,,,,,,
2006-03-27,33.816647022,,14.4041498,125.475015,3.783935,4.327529076,104.196428,124.691370906,1.6014698,2.563275,1.8525689,,,,,,,,,,,,,,,,,,,,,
2006-03-28,33.240301319,,14.1834084,124.336331,3.750759,4.290174562,103.564487,124.307506835,1.6004371,2.535773,1.8243234,,,,,,,,,,,,,,,,,,,,,
2006-03-29,32.931953354,,14.1370485,124.682397,3.735314,4.273064493,103.226135,123.580505005,1.597996,2.525016,1.8184706,,,,,,,,,,,,,,,,,,,,,
2006-03-30,33.033826202,,14.2561781,126.204718,3.769037,4.312141943,104.665599,124.732813574,1.6126715,2.541866,1.833905,,,,,,,,,,,,,,,,,,,,,
2006-03-31,33.109798295,,14.1952933,125.225131,3.75957,4.301873334,104.983275,125.269566393,1.5996889,2.552658,1.8261827,,,,,,,,,,,,,,,,,,,,,
2006-04-03,33.802110993,,14.4001532,127.87339,3.801308,4.350095514,106.576214,127.403696934,1.6183087,2.585859,1.8526443,,,,,,,,,,,,,,,,,,,,,
2006-04-04,34.138757064,,14.4949716,128.349677,3.834658,4.388747166,107.26331,128.638945669,1.6075956,2.614545,1.864952,,,,,,,,,,,,,,,,,,,,,
2006-04-05,34.108723432,,14.4889497,128.568845,3.84596,4.402191722,106.922696,127.922949645,1.6036467,2.611109,1.8642889,,,,,,,,,,,,,,,,,,,,,
2006-04-06,34.293912498,,14.6118587,129.81093,3.870485,4.430824112,107.2371,127.720036834,1.5941643,2.615458,1.8802114,,,,,,,,,,,,,,,,,,,,,
2006-04-07,34.269603049,,14.5161763,128.937783,3.861654,4.421288932,107.134616,127.422714982,1.5988823,2.60505,1.8680152,,,,,,,,,,,,,,,,,,,,,
2006-04-10,34.038603305,,14.3912051,127.714557,3.825793,4.380834636,106.581067,126.331841542,1.5898902,2.583674,1.8520512,,,,,,,,,,,,,,,,,,,,,
2006-04-11,33.820851633,,14.2860022,126.896675,3.794006,4.345021088,106.325295,125.463218998,1.5998877,2.56258,1.8386292,,,,,,,,,,,,,,,,,,,,,
2006-04-12,33.75604933,,14.2316374,125.869829,3.771372,4.319701636,105.443156,125.158558948,1.6066385,2.552066,1.8317464,,,,,,,,,,,,,,,,,,,,,
2006-04-13,33.704656549,,14.1310493,126.004722,3.76568,4.313734219,105.630679,124.79800392,1.6154657,2.545153,1.8189167,,,,,,,,,,,,,,,,,,,,,
2006-04-17,33.765684206,,14.1684554,127.691379,3.778997,4.3295272,105.933489,124.582213356,1.623344,2.544797,1.823838,,,,,,,,,,,,,,,,,,,,,
2006-04-18,34.163391965,,14.317731,130.404428,3.817483,4.374135736,107.000166,125.108732748,1.6295268,2.560993,1.8431509,,,,,,,,,,,,,,,,,,,,,
2006-04-19,34.621287975,,14.4560981,132.469563,3.868667,4.433292591,107.882964,127.346523002,1.6267553,2.576868,1.8610618,,,,,,,,,,,,,,,,,,,,,
2006-04-20,34.766147274,,14.5202276,133.175191,3.867449,4.432472437,108.01008,127.809374754,1.6202646,2.587565,1.8694236,,,,,,,,,,,,,,,,,,,,,
2006-04-24,34.85895736,,14.4678705,133.034652,3.849566,4.412567918,108.19786,128.108818862,1.6253109,2.589167,1.8628005,,,,,,,,,,,,,,,,,,,,,
2006-04-25,34.7554845,,14.4478025,132.846331,3.861778,4.427113125,108.027135,127.716238112,1.6354367,2.582521,1.8603308,,,,,,,,,,,,,,,,,,,,,
2006-04-26,34.852131076,,14.6249696,134.031923,3.918577,4.492734361,107.678417,128.017856919,1.660304,2.585155,1.8832587,,,,,,,,,,,,,,,,,,,,,
2006-04-27,34.597524296,,14.5432607,132.397788,3.907605,4.480748913,106.371739,127.499637623,1.6658988,2.578933,1.8728495,,,,,,,,,,,,,,,,,,,,,
2006-04-28,34.719665163,,14.6573908,132.547767,3.918116,4.493361877,106.240487,128.046177486,1.6815229,2.594542,1.8876602,,,,,,,,,,,,,,,,,,,,,
2006-05-02,34.980780979,,14.8983545,134.458873,3.971159,4.554684957,107.54321,129.571669719,1.6960036,2.621542,1.9188047,,,,,,,,,,,,,,,,,,,,,
2006-05-03,35.18028754,,14.9632244,134.508206,3.981904,4.567555013,107.733743,129.703709595,1.7076041,2.62152,1.9272748,,,,,,,,,,,,,,,,,,,,,
2006-05-04,35.192148242,,15.1360078,135.480639,4.008436,4.598517992,109.011985,130.779969217,1.7344994,2.649527,1.9496425,,,,,,,,,,,,,,,,,,,,,
2006-05-05,35.40455534,,15.3325144,136.948998,4.046556,4.642772596,110.502896,130.714781851,1.7494432,2.666042,1.9750666,,,,,,,,,,,,,,,,,,,,,
2006-05-08,35.468029647,,15.4763577,138.025485,4.072763,4.673385711,111.165416,130.947154726,1.7747053,2.701213,1.9937103,,,,,,,,,,,,,,,,,,,,,
2006-05-09,35.620139334,,15.5144538,139.152045,4.106277,4.712382679,111.386609,131.014483418,1.7927625,2.7111,1.9987372,,,,,,,,,,,,,,,,,,,,,
2006-05-10,35.58521805,,15.4530591,138.120848,4.10062,4.706473323,110.911679,130.657994108,1.7863666,2.701177,1.9909518,,,,,,,,,,,,,,,,,,,,,
2006-05-11,35.193120232,,15.4219605,137.446473,4.065552,4.666831551,109.92422,129.36181384,1.8003355,2.689061,1.9870674,,,,,,,,,,,,,,,,,,,,,
2006-05-12,34.72285585,,14.9998752,133.998838,3.940738,4.524242796,107.333271,125.619477965,1.78878,2.631645,1.9328309,,,,,,,,,,,,,,,,,,,,,
2006-05-15,34.184813847,,14.7355909,131.199224,3.859388,4.431461183,104.798426,124.141227203,1.771635,2.603359,1.8989128,,,,,,,,,,,,,,,,,,,,,
2006-05-16,34.387597726,,14.6957536,131.029652,3.870859,4.445149215,105.238084,125.169581441,1.7965604,2.619376,1.8938973,,,,,,,,,,,,,,,,,,,,,
2006-05-17,33.512736252,,14.3928287,127.968244,3.789674,4.352557202,102.776875,122.234338236,1.7973605,2.566405,1.8550004,,,,,,,,,,,,,,,,,,,,,
2006-05-18,33.431553457,,14.2944825,126.261402,3.757043,4.315633624,102.10469,121.353256663,1.7949042,2.54658,1.8424472,,,,,,,,,,,,,,,,,,,,,
2006-05-19,33.258274878,,14.2960118,124.673537,3.74371,4.300850385,101.19697,121.167901513,1.7937775,2.521978,1.8427556,,,,,,,,,,,,,,,,,,,,,
2006-05-22,31.614229214,,13.6000725,120.616356,3.592758,4.128110989,96.392989,115.949747202,1.7290619,2.404723,1.7532405,,,,,,,,,,,,,,,,,,,,,
2006-05-23,31.857843977,,13.7746975,124.018098,3.64294,4.186224904,97.993308,116.823685898,1.7493494,2.437149,1.7758357,,,,,,,,,,,,,,,,,,,,,
2006-05-24,30.422493846,,13.1588453,119.641262,3.50294,4.026034073,94.26874,112.187387188,1.7128801,2.329587,1.6966311,,,,,,,,,,,,,,,,,,,,,
2006-05-25,31.298419512,,13.6340808,123.331832,3.630897,4.173467209,96.310647,115.94458274,1.744385,2.383434,1.7579364,,,,,,,,,,,,,,,,,,,,,
2006-05-26,32.52183762,,14.2232364,127.495772,3.753433,4.314710903,99.507996,120.098046572,1.7849429,2.455738,1.8339167,,,,,,,,,,,,,,,,,,,,,
2006-05-29,32.683585136,,14.2664852,128.130285,3.75546,4.317608178,99.923002,121.25499093,1.8039918,2.471488,1.8396123,,,,,,,,,,,,,,,,,,,,,
2006-05-30,31.463905127,,13.7262684,124.380866,3.635849,4.18078812,96.76852,117.401318581,1.7796985,2.390374,1.7699727,,,,,,,,,,,,,,,,,,,,,
2006-05-31,31.543349969,,13.7792862,123.566096,3.619199,4.1614135,97.240309,118.076802367,1.7851094,2.400035,1.7769254,,,,,,,,,,,,,,,,,,,,,
2006-06-01,32.239412357,,13.9813184,124.743723,3.676853,4.228187483,98.800975,119.927892989,1.8141114,2.438936,1.8030848,,,,,,,,,,,,,,,,,,,,,
2006-06-02,32.654526427,,14.1876898,126.642296,3.733184,4.293469235,100.866941,122.151424952,1.8212576,2.482011,1.8298053,,,,,,,,,,,,,,,,,,,,,
2006-06-05,32.135742965,,13.9324118,124.231579,3.676558,4.22897152,99.436236,119.91521254,1.8169078,2.451577,1.7969969,,,,,,,,,,,,,,,,,,,,,
2006-06-06,31.551265702,,13.6279613,120.303277,3.586316,4.125796963,97.228869,117.906325384,1.7922466,2.417309,1.7578458,,,,,,,,,,,,,,,,,,,,,
2006-06-07,31.477204881,,13.6039503,119.147861,3.593716,4.134843832,96.873228,117.821450645,1.8052906,2.419634,1.7548555,,,,,,,,,,,,,,,,,,,,,
2006-06-08,30.548376023,,13.0972114,113.991064,3.507053,4.035764259,93.192009,114.742743637,1.7644114,2.341376,1.6896164,,,,,,,,,,,,,,,,,,,,,
2006-06-09,31.081386726,,13.408319,116.806544,3.570298,4.109014946,95.00679,116.503412629,1.776111,2.383988,1.7298361,,,,,,,,,,,,,,,,,,,,,
2006-06-12,30.373558357,,13.0057657,113.119787,3.469739,3.99390561,92.240571,113.41164097,1.7680877,2.331441,1.678031,,,,,,,,,,,,,,,,,,,,,
2006-06-13,29.209518853,,12.510036,108.230818,3.360807,3.869117718,88.445147,109.513272949,1.7506094,2.254175,1.6142078,,,,,,,,,,,,,,,,,,,,,
2006-06-14,28.717674139,,12.2104388,107.429093,3.301244,3.801072123,86.321926,107.638482379,1.7394839,2.204308,1.5756721,,,,,,,,,,,,,,,,,,,,,
2006-06-16,29.546241303,,12.6848018,112.286759,3.420507,3.938740556,89.372926,110.091030696,1.7565647,2.261701,1.6369358,,,,,,,,,,,,,,,,,,,,,
2006-06-19,29.566838333,,12.7392415,112.492435,3.422054,3.941036653,89.222698,110.371905966,1.7478097,2.266935,1.6440543,,,,,,,,,,,,,,,,,,,,,
2006-06-20,29.312423196,,12.6944714,112.513982,3.396186,3.911792034,88.532112,110.134206915,1.739339,2.261517,1.6383806,,,,,,,,,,,,,,,,,,,,,
2006-06-21,29.477742575,,12.9367708,114.648509,3.444161,3.967501611,89.96737,110.820451021,1.7358346,2.285155,1.6697239,,,,,,,,,,,,,,,,,,,,,
2006-06-22,29.617303568,,13.0803614,115.750073,3.459756,3.985960068,90.573072,111.117849633,1.7395181,2.296755,1.6883407,,,,,,,,,,,,,,,,,,,,,
2006-06-23,29.584907599,,13.1203656,115.754226,3.463538,3.990822485,90.622076,111.527407493,1.7458717,2.299932,1.6936012,,,,,,,,,,,,,,,,,,,,,
2006-06-26,29.742654471,,13.1471593,116.456749,3.471255,4.000214816,91.234991,112.208128884,1.7531431,2.314669,1.6971585,,,,,,,,,,,,,,,,,,,,,
2006-06-27,29.694626909,,13.111244,116.04432,3.472627,4.002278618,90.849833,111.329361318,1.7524727,2.306284,1.6926297,,,,,,,,,,,,,,,,,,,,,
2006-06-28,29.59414998,,13.0486806,115.364335,3.456772,3.984533536,90.294971,111.288160615,1.7633832,2.312561,1.6846541,,,,,,,,,,,,,,,,,,,,,
2006-06-29,30.203713301,,13.3458714,119.114233,3.541268,4.082341161,92.658027,113.319669223,1.7748951,2.362783,1.7231289,,,,,,,,,,,,,,,,,,,,,
2006-06-30,31.178009584,,13.7458327,122.575998,3.63651,4.19248339,95.854909,116.556350048,1.8070885,2.436273,1.7748742,,,,,,,,,,,,,,,,,,,,,
2006-07-03,31.708025102,,14.0727265,124.679562,3.712208,4.280245016,98.117869,118.08702557,1.7835337,2.469883,1.8171872,,,,,,,,,,,,,,,,,,,,,
2006-07-04,31.980263306,,14.1290258,125.759597,3.744518,4.318020395,99.383325,118.916786382,1.7745332,2.486199,1.8245651,,,,,,,,,,,,,,,,,,,,,
2006-07-05,31.699525424,,13.8465786,123.192699,3.654286,4.214600673,97.35942,116.600873924,1.7661607,2.44329,1.7882063,,,,,,,,,,,,,,,,,,,,,
2006-07-06,31.730211236,,13.9294418,124.030058,3.667246,4.230057122,98.174636,116.990680119,1.7588657,2.457,1.7990126,,,,,,,,,,,,,,,,,,,,,
2006-07-07,31.377502455,,13.8495875,122.805684,3.625262,4.182205448,97.442633,116.089515617,1.7392607,2.439061,1.7888095,,,,,,,,,,,,,,,,,,,,,
2006-07-10,31.3899386,,13.8198528,122.206377,3.625013,4.182424898,97.328526,115.548410524,1.7451088,2.432278,1.7850781,,,,,,,,,,,,,,,,,,,,,
2006-07-11,31.237945242,,13.7187748,121.533964,3.577931,4.128677604,96.124669,114.592896356,1.7337411,2.414,1.7721346,,,,,,,,,,,,,,,,,,,,,
2006-07-12,31.321343087,,13.778818,122.805612,3.599643,4.154224305,96.538051,114.870377463,1.7370975,2.425196,1.7799943,,,,,,,,,,,,,,,,,,,,,
2006-07-13,30.872580914,,13.4895469,119.859791,3.506759,4.047649706,94.030599,113.076429999,1.7083807,2.380762,1.7427511,,,,,,,,,,,,,,,,,,,,,
2006-07-14,30.485449937,,13.3134862,118.790481,3.45117,3.984041622,92.739973,111.816418164,1.7117211,2.357693,1.7201232,,,,,,,,,,,,,,,,,,,,,
2006-07-17,30.477044967,,13.2209821,117.589138,3.430446,3.960566502,92.26872,112.06570555,1.7183301,2.346921,1.7082828,,,,,,,,,,,,,,,,,,,,,
2006-07-18,30.329194618,,13.2219761,116.711496,3.444682,3.977487335,92.136692,111.872962719,1.7039938,2.340384,1.7085142,,,,,,,,,,,,,,,,,,,,,
2006-07-19,31.01104593,,13.669068,121.037503,3.568477,4.120888909,94.669859,115.014734999,1.729778,2.38768,1.7663458,,,,,,,,,,,,,,,,,,,,,
2006-07-20,31.091218153,,13.6961823,121.472127,3.567968,4.120882544,94.235316,115.466424586,1.7480514,2.380371,1.7699533,,,,,,,,,,,,,,,,,,,,,
2006-07-21,30.704058566,,13.4982368,119.046992,3.496923,4.039451293,92.650595,113.820793253,1.745235,2.36061,1.7445016,,,,,,,,,,,,,,,,,,,,,
2006-07-24,30.701134807,,13.6835413,121.316494,3.541786,4.09177721,93.389512,114.013799099,1.7572759,2.369127,1.7685338,,,,,,,,,,,,,,,,,,,,,
2006-07-25,30.744976535,,13.7566962,122.917723,3.563277,4.117134685,93.743568,114.057766688,1.7546108,2.369252,1.7780866,,,,,,,,,,,,,,,,,,,,,
2006-07-26,30.718674769,,13.8493091,124.079008,3.589298,4.147125455,94.089967,114.29847411,1.7631108,2.374027,1.7901524,,,,,,,,,,,,,,,,,,,,,
2006-07-27,30.908757005,,13.8913542,124.345873,3.589863,4.148347396,94.088387,115.291413099,1.7470584,2.380596,1.7956966,,,,,,,,,,,,,,,,,,,,,
2006-07-28,31.331489001,,14.0162142,125.535259,3.620897,4.184753161,94.937902,116.871941443,1.7522685,2.400514,1.8119476,,,,,,,,,,,,,,,,,,,,,
2006-07-31,31.305545178,,13.9675931,125.282223,3.594233,4.154534046,95.269328,116.27499821,1.7613487,2.401513,1.8057715,,,,,,,,,,,,,,,,,,,,,
2006-08-01,31.056996587,,13.881371,124.080342,3.549969,4.103946248,94.907643,114.706953146,1.7453126,2.38886,1.7947342,,,,,,,,,,,,,,,,,,,,,
2006-08-02,31.168344951,,14.0932365,126.230653,3.597157,4.158988308,95.972414,114.793074574,1.7590371,2.400004,1.8222327,,,,,,,,,,,,,,,,,,,,,
2006-08-03,31.196607683,,14.118125,126.734922,3.617044,4.182515087,96.476686,115.101636159,1.771737,2.426486,1.8255607,,,,,,,,,,,,,,,,,,,,,
2006-08-04,31.591298289,,14.2395242,128.408739,3.663211,4.236434185,98.187493,116.565047554,1.7915021,2.459366,1.8413657,,,,,,,,,,,,,,,,,,,,,
2006-08-07,31.603512203,,14.1858949,127.645964,3.651903,4.223980065,98.500641,116.404341826,1.7863895,2.455458,1.834544,,,,,,,,,,,,,,,,,,,,,
2006-08-08,31.68726633,,14.2381849,127.822668,3.650579,4.223024546,98.829678,117.505733436,1.789869,2.459072,1.8414151,,,,,,,,,,,,,,,,,,,,,
2006-08-09,31.763021235,,14.2705886,127.692097,3.651306,4.224440274,99.003842,117.970328466,1.7825507,2.471273,1.8457157,,,,,,,,,,,,,,,,,,,,,
2006-08-10,31.556160866,,14.1710426,125.952385,3.633554,4.204494886,98.641204,116.778645407,1.7828201,2.454841,1.8329581,,,,,,,,,,,,,,,,,,,,,
2006-08-11,31.650445481,,14.2226319,125.88998,3.637473,4.209554097,99.035297,117.377061542,1.7838045,2.463382,1.8397385,,,,,,,,,,,,,,,,,,,,,
2006-08-14,31.70145883,,14.1661439,124.867366,3.652243,4.227164304,99.181647,117.784712506,1.7752248,2.468254,1.832547,,,,,,,,,,,,,,,,,,,,,
2006-08-15,31.978205914,,14.281873,125.874405,3.694028,4.276021786,99.993073,118.641831053,1.7797626,2.482163,1.847619,,,,,,,,,,,,,,,,,,,,,
2006-08-16,32.268041607,,14.4975265,127.003207,3.750741,4.342159327,102.40431,120.06730081,1.8048611,2.514887,1.8756103,,,,,,,,,,,,,,,,,,,,,
2006-08-17,32.680048869,,14.5589986,127.65907,3.765369,4.35952098,103.063397,121.461162422,1.8141057,2.542819,1.8836705,,,,,,,,,,,,,,,,,,,,,
2006-08-18,32.392977937,,14.4297226,126.609889,3.721405,4.309179606,102.224311,120.255746118,1.8062544,2.519521,1.867071,,,,,,,,,,,,,,,,,,,,,
2006-08-21,32.077859559,,14.3460729,125.572361,3.695168,4.279357576,101.648853,119.202639349,1.7987897,2.510808,1.8563691,,,,,,,,,,,,,,,,,,,,,
2006-08-22,32.035954545,,14.2478079,124.605577,3.674812,4.256359201,101.319349,118.692012206,1.7946384,2.506649,1.843777,,,,,,,,,,,,,,,,,,,,,
2006-08-23,31.494269797,,13.970686,122.045022,3.60722,4.178656019,99.584857,116.416781548,1.7943983,2.463734,1.8080612,,,,,,,,,,,,,,,,,,,,,
2006-08-24,31.294734709,,13.8397187,120.698812,3.575225,4.14213557,98.52925,115.318743526,1.778225,2.447434,1.7912384,,,,,,,,,,,,,,,,,,,,,
2006-08-25,31.572938247,,14.0341876,122.079014,3.627183,4.202808051,99.50168,116.457932953,1.7841283,2.4664,1.8164876,,,,,,,,,,,,,,,,,,,,,
2006-08-28,31.838131086,,14.149438,122.74793,3.678435,4.262689087,100.764896,117.540901257,1.7862795,2.483613,1.8314968,,,,,,,,,,,,,,,,,,,,,
2006-08-29,32.118308005,,14.2810229,123.416418,3.714747,4.305283164,101.489023,118.379336711,1.7949747,2.493949,1.8486424,,,,,,,,,,,,,,,,,,,,,
2006-08-30,32.199308826,,14.3051564,123.466334,3.760197,4.35846816,102.26775,118.969205061,1.7994439,2.510502,1.8518783,,,,,,,,,,,,,,,,,,,,,
2006-08-31,32.482080469,,14.3659475,123.887766,3.794405,4.398646168,103.906116,119.813370364,1.7982136,2.532106,1.85986,,,,,,,,,,,,,,,,,,,,,
2006-09-01,32.890686756,,14.5404251,125.86838,3.829538,4.440042823,104.710745,121.86779039,1.8231701,2.566577,1.8825597,,,,,,,,,,,,,,,,,,,,,
2006-09-04,33.282012687,,14.729097,127.84084,3.880544,4.499707336,105.870433,123.410040726,1.8271775,2.596955,1.9070983,,,,,,,,,,,,,,,,,,,,,
2006-09-05,33.256079388,,14.6625077,127.128056,3.883672,4.503911432,106.038331,123.527824833,1.8326751,2.600672,1.8985928,,,,,,,,,,,,,,,,,,,,,
2006-09-06,32.900926807,,14.5632316,125.381974,3.853826,4.469869639,105.678069,122.555928067,1.8295556,2.585858,1.8858551,,,,,,,,,,,,,,,,,,,,,
2006-09-08,33.276968638,,14.6055927,123.965013,3.859202,4.476665061,106.722746,123.098850722,1.8422221,2.605151,1.8914528,,,,,,,,,,,,,,,,,,,,,
2006-09-11,32.949972275,,14.3147125,121.188366,3.820482,4.432348283,105.460875,121.357690855,1.8413413,2.579027,1.8539098,,,,,,,,,,,,,,,,,,,,,
2006-09-12,33.007308234,,14.3063389,121.271078,3.815838,4.427522025,105.897402,121.665441338,1.8417188,2.576468,1.8529375,,,,,,,,,,,,,,,,,,,,,
2006-09-13,33.300579763,,14.4501666,123.359764,3.841439,4.457778041,106.74092,123.150445542,1.8443397,2.596047,1.8716711,,,,,,,,,,,,,,,,,,,,,
2006-09-14,33.223899898,,14.4407229,123.328871,3.837174,4.453400728,106.979905,123.101737127,1.8464981,2.587148,1.8705638,,,,,,,,,,,,,,,,,,,,,
2006-09-15,33.169355501,,14.4470531,122.351948,3.84357,4.461405009,106.925355,122.970688983,1.8435547,2.589367,1.8714985,,,,,,,,,,,,,,,,,,,,,
2006-09-18,33.186360952,,14.516075,123.618911,3.868755,4.49118456,107.416226,123.360818128,1.8426966,2.59668,1.8805493,,,,,,,,,,,,,,,,,,,,,
2006-09-19,32.738462199,,14.3423328,121.597262,3.807542,4.420743076,105.944825,121.408598308,1.8312197,2.563862,1.8581723,,,,,,,,,,,,,,,,,,,,,
2006-09-20,32.54272501,,14.2441733,120.612852,3.787075,4.397550733,104.925027,120.697519756,1.8399124,2.554317,1.8455789,,,,,,,,,,,,,,,,,,,,,
2006-09-21,32.012964598,,13.9052947,118.779115,3.672013,4.264592715,102.609045,118.539682533,1.8253272,2.508331,1.8018215,,,,,,,,,,,,,,,,,,,,,
2006-09-22,31.627056527,,13.763045,117.788262,3.647174,4.236296499,101.799451,117.04859003,1.823379,2.494051,1.7835171,,,,,,,,,,,,,,,,,,,,,
2006-09-25,31.465979712,,13.7083138,117.253995,3.660383,4.252160254,102.378561,116.854409503,1.8037295,2.497934,1.7765418,,,,,,,,,,,,,,,,,,,,,
2006-09-26,32.36046767,,14.1168159,120.624748,3.757722,4.365698101,105.2903,119.797542126,1.8143826,2.555419,1.8295367,,,,,,,,,,,,,,,,,,,,,
2006-09-27,32.50509417,,14.2612427,121.740843,3.761936,4.371147577,105.890425,120.471772701,1.8213723,2.562209,1.8483702,,,,,,,,,,,,,,,,,,,,,
2006-09-28,32.69526451,,14.4239387,123.307812,3.776845,4.389012292,106.349431,121.297889249,1.8260447,2.575559,1.8695728,,,,,,,,,,,,,,,,,,,,,
2006-09-29,32.877022715,,14.4160727,123.210558,3.759234,4.369119274,105.935668,122.034909866,1.8408591,2.569712,1.8686681,,,,,,,,,,,,,,,,,,,,,
2006-10-02,33.434166774,,14.6364298,124.903133,3.817592,4.437477387,107.58274,123.801600319,1.8576592,2.595521,1.8973461,,,,,,,,,,,,,,,,,,,,,
2006-10-03,33.315437214,,14.573709,122.897368,3.841074,4.465293618,108.103231,123.518423208,1.857115,2.58733,1.8893325,,,,,,,,,,,,,,,,,,,,,
2006-10-04,33.661800121,,14.7154944,124.064658,3.898346,4.532380946,109.619591,124.973535671,1.8706298,2.621546,1.907826,,,,,,,,,,,,,,,,,,,,,
2006-10-05,33.912870398,,14.8826535,126.773793,3.909144,4.545504358,110.290419,126.159303614,1.8764428,2.647558,1.9296116,,,,,,,,,,,,,,,,,,,,,
2006-10-06,33.657912076,,14.7137475,125.956288,3.864653,4.494390059,109.21484,124.791130332,1.8712608,2.629189,1.9078344,,,,,,,,,,,,,,,,,,,,,
2006-10-09,34.093013157,,14.9318709,128.096742,3.908386,4.545787969,110.621517,126.699398264,1.8791934,2.668325,1.936228,,,,,,,,,,,,,,,,,,,,,
2006-10-10,34.301859321,,15.0713559,128.785745,3.947809,4.592202355,111.601212,127.648258164,1.889464,2.691954,1.9544283,,,,,,,,,,,,,,,,,,,,,
2006-10-11,34.057452151,,15.0089657,128.451623,3.924964,4.566241357,110.580852,127.232437333,1.8779749,2.683552,1.9464603,,,,,,,,,,,,,,,,,,,,,
2006-10-13,34.344655865,,15.1205923,130.857454,3.979002,4.629649631,111.616157,127.865363457,1.8867455,2.699017,1.9610481,,,,,,,,,,,,,,,,,,,,,
2006-10-16,34.198462446,,15.0528476,130.759109,3.970329,4.62016929,111.055264,127.253336917,1.8947048,2.680434,1.952386,,,,,,,,,,,,,,,,,,,,,
2006-10-17,34.09701799,,15.0273193,131.307538,3.9523,4.59978086,110.699631,127.032125545,1.8950659,2.672806,1.9491956,,,,,,,,,,,,,,,,,,,,,
2006-10-18,34.416098477,,15.0564636,130.667753,3.968414,4.619041955,111.689579,128.38758992,1.9013744,2.690907,1.9530919,,,,,,,,,,,,,,,,,,,,,
2006-10-19,34.408109185,,15.0523719,130.377438,3.945178,4.592610252,111.828482,128.053898714,1.8968463,2.694587,1.9526802,,,,,,,,,,,,,,,,,,,,,
2006-10-20,34.34367035,,15.0112825,130.131779,3.925918,4.570792653,111.67974,127.751021556,1.90261,2.686733,1.9474726,,,,,,,,,,,,,,,,,,,,,
2006-10-23,34.505700217,,15.1231243,130.455209,3.968015,4.620355902,112.36883,128.718279937,1.9122557,2.704252,1.9620942,,,,,,,,,,,,,,,,,,,,,
2006-10-24,34.862523424,,15.2913306,132.471751,3.994553,4.651849397,112.940466,130.0900431,1.9187645,2.720032,1.9840234,,,,,,,,,,,,,,,,,,,,,
2006-10-25,34.848388966,,15.2632291,133.466084,3.994245,4.65209002,113.094856,129.812808627,1.9075227,2.715723,1.9805067,,,,,,,,,,,,,,,,,,,,,
2006-10-26,34.815611984,,15.3254221,133.665402,3.98945,4.64710237,113.520824,129.614922091,1.9146779,2.72111,1.9886935,,,,,,,,,,,,,,,,,,,,,
2006-10-27,34.762319185,,15.2610341,133.177065,3.992656,4.651430071,113.532832,129.217558139,1.9158144,2.722713,1.9804623,,,,,,,,,,,,,,,,,,,,,
2006-10-30,34.387911183,,15.0745892,131.054805,3.968053,4.623380912,112.677263,127.796391139,1.9165286,2.693713,1.9563888,,,,,,,,,,,,,,,,,,,,,
2006-10-31,34.876431691,,15.2447847,131.593576,4.026018,4.691460001,114.259262,129.492741922,1.9274383,2.726519,1.9786016,,,,,,,,,,,,,,,,,,,,,
2006-11-01,35.489509768,,15.4582368,134.058202,4.090317,4.766887985,116.612061,131.69249981,1.9348614,2.763425,2.0064241,,,,,,,,,,,,,,,,,,,,,
2006-11-03,35.880816,,15.5848801,135.081144,4.107801,4.787866252,117.880472,133.072197,1.9306485,2.793056,2.0229816,,,,,,,,,,,,,,,,,,,,,
2006-11-06,36.229884,,15.7840622,137.205079,4.193362,4.888143986,120.02872,134.685789,1.9327614,2.825565,2.0489548,,,,,,,,,,,,,,,,,,,,,
2006-11-07,36.187449,,15.7820592,137.627575,4.20721,4.904912499,120.051678,134.353797,1.9362438,2.829804,2.0488182,,,,,,,,,,,,,,,,,,,,,
2006-11-08,36.038515,,15.7401437,137.091868,4.156556,4.846517067,118.667883,133.662307,1.9435829,2.824532,2.0435014,,,,,,,,,,,,,,,,,,,,,
2006-11-09,36.437728,,15.8831551,138.849325,4.199917,4.897653131,119.59033,134.94735,1.9550014,2.862372,2.0621856,,,,,,,,,,,,,,,,,,,,,
2006-11-10,35.781656,,15.6739866,136.769373,4.133879,4.821326717,118.011303,132.686016,1.9588021,2.840998,2.035162,,,,,,,,,,,,,,,,,,,,,
2006-11-13,35.7022,,15.6365777,135.768696,4.125765,4.8124692,117.749543,132.210969,1.9540862,2.83455,2.0304384,,,,,,,,,,,,,,,,,,,,,
2006-11-14,36.362029,,15.9263148,137.907905,4.201169,4.900982722,119.481451,134.74211,1.963628,2.872317,2.0681745,,,,,,,,,,,,,,,,,,,,,
2006-11-16,36.642852,,16.0439366,139.138497,4.243537,4.951023413,120.888313,135.763603,1.9633418,2.881049,2.0835741,,,,,,,,,,,,,,,,,,,,,
2006-11-17,36.452004,,15.9006765,136.839242,4.184153,4.882412541,119.602891,134.663204,1.9640593,2.856207,2.0651143,,,,,,,,,,,,,,,,,,,,,
2006-11-20,36.37265,,15.8990226,136.821012,4.183825,4.882640727,119.59263,134.651572,1.9642881,2.855895,2.0650328,,,,,,,,,,,,,,,,,,,,,
2006-11-21,36.76682,,16.021461,138.183296,4.242637,4.951852051,119.956582,136.111148,1.970947,2.870891,2.0810491,,,,,,,,,,,,,,,,,,,,,
2006-11-22,37.329492,,16.2273767,139.62535,4.308219,5.028984832,120.811135,138.293058,1.9782942,2.904849,2.1079013,,,,,,,,,,,,,,,,,,,,,
2006-11-23,38.141199,,16.4892021,140.945944,4.412393,5.151157788,122.763643,141.437893,1.9957558,2.944973,2.1420121,,,,,,,,,,,,,,,,,,,,,
2006-11-24,38.106696,,16.4446835,140.012139,4.367624,5.099594456,123.175538,141.2636,2.0047177,2.946109,2.1363627,,,,,,,,,,,,,,,,,,,,,
2006-11-27,37.819543,,16.2670356,138.413847,4.286496,5.005565908,122.480117,139.933941,2.0112821,2.94775,2.1134331,,,,,,,,,,,,,,,,,,,,,
2006-11-28,37.515649,,16.1752673,137.270344,4.248251,4.961559131,122.150432,138.899809,2.0185397,2.92916,2.101636,,,,,,,,,,,,,,,,,,,,,
2006-11-29,38.053227,,16.4786425,140.462092,4.337309,5.06612758,123.823051,141.3326,2.0214356,2.964125,2.1411841,,,,,,,,,,,,,,,,,,,,,
2006-11-30,38.049844,,16.4187448,140.75472,4.310603,5.03558062,122.705158,140.947718,2.0317095,2.951802,2.1335297,,,,,,,,,,,,,,,,,,,,,
2006-12-01,38.231704,,16.4698158,139.945227,4.319211,5.046260298,122.745346,141.343265,2.0348529,2.977035,2.1402946,,,,,,,,,,,,,,,,,,,,,
2006-12-04,38.738031,,16.6471527,141.283933,4.359631,5.094094192,124.254701,143.087526,2.0389718,3.010207,2.1634674,,,,,,,,,,,,,,,,,,,,,
2006-12-05,39.429314,,16.9361998,144.864464,4.445734,5.195302888,126.595083,145.573931,2.0488063,3.055177,2.2011573,,,,,,,,,,,,,,,,,,,,,
2006-12-06,39.299963,,16.9566658,145.441346,4.455488,5.207356246,126.821821,145.472842,2.0582346,3.06471,2.2039493,,,,,,,,,,,,,,,,,,,,,
2006-12-07,39.219412,,16.9634877,145.262644,4.43044,5.178756261,126.648786,145.096645,2.0643963,3.070855,2.2049685,,,,,,,,,,,,,,,,,,,,,
2006-12-08,39.217273,,16.977671,145.021435,4.433104,5.182521486,126.621049,144.917573,2.0654361,3.067222,2.2069443,,,,,,,,,,,,,,,,,,,,,
2006-12-11,39.487429,,17.0702735,145.660489,4.477862,5.235483395,127.282978,145.434385,2.0699413,3.078023,2.2191103,,,,,,,,,,,,,,,,,,,,,
2006-12-12,39.503767,,17.0099627,144.854337,4.459018,5.214126837,126.607523,145.057291,2.0668441,3.074997,2.2114068,,,,,,,,,,,,,,,,,,,,,
2006-12-13,39.345792,,17.0139676,144.63956,4.468849,5.226271272,126.213774,145.060258,2.0636248,3.077086,2.2120603,,,,,,,,,,,,,,,,,,,,,
2006-12-14,39.661253,,17.2168738,146.829501,4.509432,5.2743714,127.375088,146.410455,2.0641139,3.103488,2.2385602,,,,,,,,,,,,,,,,,,,,,
2006-12-15,40.004688,,17.3908384,147.507966,4.551643,5.324387823,128.691479,147.416098,2.0763976,3.127244,2.2612986,,,,,,,,,,,,,,,,,,,,,
2006-12-18,40.08699,,17.3902063,147.269723,4.541901,5.313678678,129.062759,148.129336,2.1096726,3.129008,2.2613464,,,,,,,,,,,,,,,,,,,,,
2006-12-19,39.717751,,17.2343124,145.403656,4.488947,5.252426699,127.60543,146.801442,2.1156379,3.096356,2.2415349,,,,,,,,,,,,,,,,,,,,,
2006-12-20,39.885763,,17.3597329,147.247333,4.521973,5.291709679,128.78567,147.258188,2.1250382,3.118828,2.257461,,,,,,,,,,,,,,,,,,,,,
2006-12-21,39.636127,,17.2405146,146.530838,4.479514,5.242727056,128.690518,146.448457,2.1193494,3.110189,2.2425063,,,,,,,,,,,,,,,,,,,,,
2006-12-22,39.680158,,17.3158521,146.453466,4.469695,5.231890304,128.875934,147.021795,2.1246287,3.116457,2.2523642,,,,,,,,,,,,,,,,,,,,,
2006-12-26,39.958556,,17.4421013,147.162488,4.499147,5.267000184,129.511195,147.934825,2.1433885,3.134697,2.2688027,,,,,,,,,,,,,,,,,,,,,
2006-12-27,40.385289,,17.6527033,149.196981,4.567938,5.348145552,130.760204,149.144397,2.1589899,3.172887,2.2963548,,,,,,,,,,,,,,,,,,,,,
2006-12-28,40.803974,,17.8206934,150.652234,4.599449,5.38569761,131.922517,150.792215,2.1761123,3.187035,2.3185197,,,,,,,,,,,,,,,,,,,,,
2006-12-29,40.802524,,17.8205967,150.636866,4.599072,5.385936266,131.910405,150.786032,2.176266,3.186785,2.3185203,,,,,,,,,,,,,,,,,,,,,
2007-01-02,41.42518,,18.0776165,153.31147,4.661651,5.460199596,133.407847,152.349443,2.1857305,3.215557,2.3521128,,,,,,,,,,,,,,,,,,,,,
2007-01-03,41.348505,,18.1448852,152.230698,4.6456,5.442086429,133.466775,152.403593,2.1864215,3.220522,2.3609776,,,,,,,,,,,,,,,,,,,,,
2007-01-04,40.924186,,17.9283292,149.416185,4.578204,5.363848511,132.272932,150.584607,2.1738736,3.18993,2.3329458,,,,,,,,,,,,,,,,,,,,,
2007-01-05,40.406721,,17.6604952,146.42528,4.470569,5.238463066,130.726437,148.6964,2.1714951,3.153894,2.2982332,,,,,,,,,,,,,,,,,,,,,
2007-01-08,40.327997,,17.6153927,146.061518,4.441463,5.205007001,130.564006,148.305548,2.1849245,3.147592,2.2925024,,,,,,,,,,,,,,,,,,,,,
2007-01-09,39.889166,,17.3966992,144.34069,4.398984,5.155884501,129.54103,146.974679,2.1847032,3.121914,2.2641877,,,,,,,,,,,,,,,,,,,,,
2007-01-10,39.593966,,17.1570602,143.176235,4.348118,5.096925003,128.103783,145.733181,2.1763095,3.094299,2.2331508,,,,,,,,,,,,,,,,,,,,,
2007-01-11,40.305341,,17.4299606,146.149479,4.414257,5.175032461,130.027119,148.247118,2.1752114,3.139968,2.2687781,,,,,,,,,,,,,,,,,,,,,
2007-01-12,40.429071,,17.4784473,146.940112,4.418363,5.18057745,130.478092,148.857814,2.1816868,3.160006,2.2752182,,,,,,,,,,,,,,,,,,,,,
2007-01-15,40.654003,,17.5956888,148.202113,4.435853,5.20180106,131.619931,149.612659,2.193793,3.173882,2.2906069,,,,,,,,,,,,,,,,,,,,,
2007-01-16,40.383811,,17.4628548,146.663922,4.383655,5.141396799,131.281786,148.68748,2.2076613,3.152124,2.2734624,,,,,,,,,,,,,,,,,,,,,
2007-01-17,40.425719,,17.5382448,146.343397,4.399566,5.160758595,131.810707,149.195213,2.2329328,3.159553,2.2834065,,,,,,,,,,,,,,,,,,,,,
2007-01-18,40.956886,,17.6933555,147.50928,4.443089,5.212507819,132.929932,150.454631,2.2343075,3.187262,2.3037229,,,,,,,,,,,,,,,,,,,,,
2007-01-19,41.031571,,17.7203755,147.296848,4.435171,5.203954879,132.93489,150.56893,2.2497319,3.209426,2.3073759,,,,,,,,,,,,,,,,,,,,,
2007-01-22,41.346012,,17.9413705,149.436439,4.470593,5.246217781,134.057208,151.671308,2.242569,3.234653,2.3362657,,,,,,,,,,,,,,,,,,,,,
2007-01-23,41.67205,,18.0028256,151.149861,4.485154,5.263946202,134.556245,152.383563,2.2556515,3.249421,2.344401,,,,,,,,,,,,,,,,,,,,,
2007-01-24,41.967834,,18.1512345,152.754497,4.520858,5.306476723,135.777956,152.527733,2.2726906,3.272456,2.36385,,,,,,,,,,,,,,,,,,,,,
2007-01-25,41.966189,,18.1498566,152.736479,4.520479,5.306687892,135.766925,152.52194,2.2728368,3.27215,2.3638121,,,,,,,,,,,,,,,,,,,,,
2007-01-26,41.65961,,18.0482876,151.905479,4.490091,5.27168658,136.225857,151.503431,2.2543631,3.271251,2.3507386,,,,,,,,,,,,,,,,,,,,,
2007-01-29,41.497986,,17.9619,151.090661,4.477219,5.257221532,135.977876,151.255198,2.2598421,3.275306,2.3396257,,,,,,,,,,,,,,,,,,,,,
2007-01-30,41.467639,,17.9026655,150.809097,4.481917,5.263391724,135.848471,152.353958,2.2697382,3.280024,2.3320494,,,,,,,,,,,,,,,,,,,,,
2007-01-31,41.685114,,17.9737349,151.810702,4.502043,5.287629317,135.97396,152.877876,2.2884452,3.288808,2.3414518,,,,,,,,,,,,,,,,,,,,,
2007-02-01,42.318302,,18.2654987,153.959597,4.56817,5.365910692,136.905675,155.022705,2.2971411,3.333017,2.3796086,,,,,,,,,,,,,,,,,,,,,
2007-02-02,42.287464,,18.2531556,153.677847,4.558852,5.355835061,137.054626,155.091628,2.3066089,3.346463,2.3781432,,,,,,,,,,,,,,,,,,,,,
2007-02-05,42.46153,,18.3619199,154.497566,4.581984,5.383657844,138.318792,155.837527,2.3200506,3.365227,2.3924576,,,,,,,,,,,,,,,,,,,,,
2007-02-06,42.447366,,18.4402505,154.897222,4.591242,5.395201037,138.633952,155.829852,2.3238255,3.381215,2.4028049,,,,,,,,,,,,,,,,,,,,,
2007-02-07,42.225414,,18.4218574,153.981129,4.55065,5.348233866,138.054398,155.389507,2.2818995,3.373744,2.4005525,,,,,,,,,,,,,,,,,,,,,
2007-02-08,42.1061,,18.3254984,152.606187,4.543878,5.340977003,137.917991,155.590557,2.2777542,3.364201,2.3881432,,,,,,,,,,,,,,,,,,,,,
2007-02-09,42.409689,,18.4191274,153.09046,4.579673,5.383738361,138.978501,156.140897,2.2626746,3.390105,2.4004832,,,,,,,,,,,,,,,,,,,,,
2007-02-12,42.08335,,18.3412339,151.553098,4.561811,5.363466082,138.601034,154.974405,2.2645433,3.38014,2.3904793,,,,,,,,,,,,,,,,,,,,,
2007-02-13,42.433815,,18.4830127,152.653475,4.587046,5.393825629,139.364609,155.893005,2.2614093,3.404948,2.4090921,,,,,,,,,,,,,,,,,,,,,
2007-02-14,43.075898,,18.6613501,155.76815,4.645808,5.463601686,139.945676,158.054096,2.2592587,3.439461,2.4324687,,,,,,,,,,,,,,,,,,,,,
2007-02-15,43.419455,,18.7377242,156.430866,4.667192,5.489464079,140.007549,159.310125,2.249881,3.481183,2.4425636,,,,,,,,,,,,,,,,,,,,,
2007-02-16,43.402608,,18.6794751,155.385003,4.633538,5.450626397,139.817394,159.14864,2.2483743,3.494619,2.4351209,,,,,,,,,,,,,,,,,,,,,
2007-02-21,43.685019,,18.7982897,155.331389,4.658989,5.481256652,140.315098,160.13822,2.2787573,3.516113,2.4507448,,,,,,,,,,,,,,,,,,,,,
2007-02-22,44.171649,,19.0413307,157.645193,4.708745,5.540487914,141.505587,163.104878,2.3156367,3.543635,2.4825536,,,,,,,,,,,,,,,,,,,,,
2007-02-23,43.906665,,18.9719824,156.829145,4.676719,5.50355966,141.229476,162.247288,2.3390724,3.534354,2.4736671,,,,,,,,,,,,,,,,,,,,,
2007-02-26,43.82528,,18.9493767,156.876196,4.662051,5.487024579,141.148208,162.229066,2.3276564,3.535096,2.4708669,,,,,,,,,,,,,,,,,,,,,
2007-02-27,42.107007,,18.1442397,149.400881,4.463494,5.254143411,135.818232,154.67236,2.2848183,3.412197,2.366018,,,,,,,,,,,,,,,,,,,,,
2007-02-28,41.799968,,18.0438861,148.672328,4.438824,5.22574473,135.505277,154.264977,2.3115564,3.396493,2.3530724,,,,,,,,,,,,,,,,,,,,,
2007-03-01,41.187284,,17.8704894,146.713287,4.401295,5.181946086,133.699261,152.337916,0.0,3.346208,2.3306099,,,,,,,,,,,,,,,,,,,,,
2007-03-02,40.996858,,17.8881375,145.840994,4.394054,5.174072241,133.813854,151.678319,0.0,3.329267,2.3330505,,,,,,,,,,,,,,,,,,,,,
2007-03-05,39.841507,,17.3535195,141.888592,4.290715,5.053089633,129.874114,147.818681,0.0,3.2487,2.2634718,,,,,,,,,,,,,,,,,,,,,
2007-03-06,40.796425,,17.8497076,145.642856,4.379215,5.157888277,132.758467,150.84079,0.0,3.324516,2.3283101,,,,,,,,,,,,,,,,,,,,,
2007-03-07,41.079981,,18.0204113,147.013168,4.397829,5.180454344,134.024855,151.692158,0.0,3.339898,2.35071,,,,,,,,,,,,,,,,,,,,,
2007-03-08,41.493035,,18.2057965,148.422716,4.435536,5.225500382,135.150199,153.357554,,3.373673,2.3750258,,,,,,,,,,,,,,,,,,,,,
2007-03-09,41.813615,,18.3570726,149.408725,4.466281,5.262367726,136.037588,154.302179,,3.404771,2.394895,,,,,,,,,,,,,,,,,,,,,
2007-03-12,42.013307,,18.4657153,149.92163,4.496768,5.298937132,136.494023,155.055442,,3.432076,2.4092057,,,,,,,,,,,,,,,,,,,,,
2007-03-13,41.149258,,18.1335076,147.055729,4.38709,5.170423678,133.564141,152.240512,,3.384115,2.366027,,,,,,,,,,,,,,,,,,,,,
2007-03-14,40.541565,,17.8807221,144.796274,4.330224,5.104072364,132.394597,149.935764,,3.344893,2.3332029,,,,,,,,,,,,,,,,,,,,,
2007-03-15,40.838478,,18.0248175,146.644053,4.354604,5.133428044,133.267293,151.084425,,3.365651,2.3521333,,,,,,,,,,,,,,,,,,,,,
2007-03-16,40.618569,,17.9119603,145.628421,4.32333,5.097226699,132.677488,150.36455,,3.34256,2.3375561,,,,,,,,,,,,,,,,,,,,,
2007-03-19,40.807636,,18.026163,147.3946,4.371986,5.15552284,133.188142,150.885997,,3.368325,2.3525674,,,,,,,,,,,,,,,,,,,,,
2007-03-20,41.284286,,18.2422182,149.404983,4.433626,5.228828954,134.37881,152.534999,,3.396248,2.3809041,,,,,,,,,,,,,,,,,,,,,
2007-03-21,41.792533,,18.4956639,152.037278,4.512708,5.322716588,135.707081,154.142658,,3.421035,2.4140975,,,,,,,,,,,,,,,,,,,,,
2007-03-22,42.299802,,18.7536209,154.16952,4.554487,5.372649436,137.102399,156.067863,,3.456574,2.4478812,,,,,,,,,,,,,,,,,,,,,
2007-03-23,42.285267,,18.7099421,154.032789,4.545924,5.363232035,136.950422,155.981192,,3.472912,2.442331,,,,,,,,,,,,,,,,,,,,,
2007-03-26,42.168619,,18.6723399,153.748428,4.526902,5.341471283,136.797166,155.548683,,3.475965,2.4375729,,,,,,,,,,,,,,,,,,,,,
2007-03-27,41.994023,,18.6405587,153.440333,4.499393,5.309696433,136.68548,155.024342,,3.474185,2.4335736,,,,,,,,,,,,,,,,,,,,,
2007-03-28,41.297715,,18.3963482,150.955961,4.408118,5.202696493,134.989697,152.508009,,3.425399,2.4018714,,,,,,,,,,,,,,,,,,,,,
2007-03-29,41.63217,,18.5880389,152.898411,4.446726,5.248879247,135.840826,153.831595,,3.451688,2.4270127,,,,,,,,,,,,,,,,,,,,,
2007-03-30,41.916918,,18.8572779,154.851838,4.488058,5.298307034,136.894657,154.970688,,3.478633,2.4622686,,,,,,,,,,,,,,,,,,,,,
2007-04-02,41.997243,,18.9533042,154.354085,4.494203,5.306294844,137.611636,155.254365,,3.484571,2.4749658,,,,,,,,,,,,,,,,,,,,,
2007-04-03,42.735317,,19.2786283,156.877056,4.581647,5.410156186,139.736465,157.862698,,3.544371,2.5175922,,,,,,,,,,,,,,,,,,,,,
2007-04-04,43.014244,,19.4455899,157.636152,4.622548,5.459125723,140.759202,158.790776,,3.55896,2.5395436,,,,,,,,,,,,,,,,,,,,,
2007-04-05,43.094783,,19.532913,158.46288,4.638048,5.478114526,140.841732,159.133595,,3.573318,2.5511224,,,,,,,,,,,,,,,,,,,,,
2007-04-09,43.154096,,19.5645809,159.679512,4.645838,5.488001065,141.175559,159.355473,,3.580335,2.555385,,,,,,,,,,,,,,,,,,,,,
2007-04-10,43.178245,,19.4678003,159.689866,4.641204,5.48321861,141.01969,159.192745,,3.567614,2.5429009,,,,,,,,,,,,,,,,,,,,,
2007-04-11,42.79675,,19.3056631,158.860045,4.617275,5.455658924,139.842274,158.009985,,3.540093,2.521882,,,,,,,,,,,,,,,,,,,,,
2007-04-12,42.645354,,19.2501415,158.716172,4.610215,5.448001804,139.505905,157.328891,,3.532522,2.5147818,,,,,,,,,,,,,,,,,,,,,
2007-04-13,42.984235,,19.4193584,160.786831,4.667005,5.515909836,140.313529,158.312886,,3.553372,2.5370277,,,,,,,,,,,,,,,,,,,,,
2007-04-16,43.573105,,19.6840242,164.194491,4.73589,5.597982368,141.614357,160.081815,,3.591966,2.5717396,,,,,,,,,,,,,,,,,,,,,
2007-04-17,43.684082,,19.8312319,165.013864,4.766715,5.635116864,141.96745,160.520436,,3.609824,2.5911148,,,,,,,,,,,,,,,,,,,,,
2007-04-18,43.843,,19.8844296,164.934,4.777891,5.64902595,141.652405,161.034596,,3.616443,2.5982157,,,,,,,,,,,,,,,,,,,,,
2007-04-19,43.780223,,19.7910298,163.238541,4.758962,5.627365185,141.696589,160.824229,,3.611725,2.5861748,,,,,,,,,,,,,,,,,,,,,
2007-04-20,44.474882,,20.0753535,165.557125,4.832015,5.714415088,143.706158,163.41217,,3.65331,2.6234552,,,,,,,,,,,,,,,,,,,,,
2007-04-23,44.46975,,20.0575051,165.517276,4.830731,5.713629614,144.015267,163.728732,,3.653811,2.621281,,,,,,,,,,,,,,,,,,,,,
2007-04-24,44.255765,,19.887266,163.989942,4.807361,5.686721616,143.96031,162.969215,,3.646866,2.5992078,,,,,,,,,,,,,,,,,,,,,
2007-04-25,44.710341,,20.1322572,165.916685,4.87428,5.76654894,145.525802,164.566178,,3.693939,2.6313532,,,,,,,,,,,,,,,,,,,,,
2007-04-26,44.613965,,20.1532322,165.570877,4.866385,5.75794736,145.118022,164.060551,,3.697918,2.6342524,,,,,,,,,,,,,,,,,,,,,
2007-04-27,44.389627,,19.9519384,163.46749,4.835431,5.722062418,144.400609,163.313138,,3.687577,2.6080951,,,,,,,,,,,,,,,,,,,,,
2007-04-30,44.714245,,20.0768516,164.516431,4.851972,5.742342531,145.568492,164.091329,,3.713549,2.6245843,,,,,,,,,,,,,,,,,,,,,
2007-05-02,45.076701,,20.182415,165.388077,4.876691,5.772306745,146.717447,165.505198,,3.734274,2.6385559,,,,,,,,,,,,,,,,,,,,,
2007-05-03,45.517775,,20.3265933,167.489886,4.928947,5.83494922,148.313174,167.128608,,3.762311,2.6575613,,,,,,,,,,,,,,,,,,,,,
2007-05-04,45.757001,,20.5411748,169.404699,4.9541,5.865450019,149.474898,168.102552,,3.78378,2.6857715,,,,,,,,,,,,,,,,,,,,,
2007-05-07,45.482317,,20.5160768,168.504403,4.93776,5.846851195,149.205145,167.056644,,3.762329,2.6826508,,,,,,,,,,,,,,,,,,,,,
2007-05-08,45.121859,,20.4269976,167.159837,4.911141,5.816078381,148.327835,165.747664,,3.738496,2.6711658,,,,,,,,,,,,,,,,,,,,,
2007-05-09,45.689276,,20.7550741,170.832216,4.989498,5.909548111,149.865945,168.000675,,3.783841,2.7142138,,,,,,,,,,,,,,,,,,,,,
2007-05-10,45.43148,,20.722126,170.027933,4.951448,5.86526006,148.911402,166.777421,,3.781786,2.7100685,,,,,,,,,,,,,,,,,,,,,
2007-05-11,45.744103,,20.7849293,170.65939,4.979029,5.89864651,149.517956,167.958087,,3.801641,2.7184403,,,,,,,,,,,,,,,,,,,,,
2007-05-14,45.712423,,20.6697663,169.346678,4.976374,5.896245917,149.328246,167.709437,,3.792002,2.7035473,,,,,,,,,,,,,,,,,,,,,
2007-05-15,45.912045,,20.8177729,169.838095,5.008849,5.935445615,149.659696,168.529009,,3.803976,2.7230572,,,,,,,,,,,,,,,,,,,,,
2007-05-16,46.330555,,21.0282832,171.240545,5.054159,5.989857476,150.206585,170.331949,,3.837494,2.7507393,,,,,,,,,,,,,,,,,,,,,
2007-05-17,46.551815,,21.2685437,173.359784,5.086448,6.028855316,151.315331,171.106969,,3.867886,2.7823123,,,,,,,,,,,,,,,,,,,,,
2007-05-18,46.387652,,21.2236491,174.007771,5.049542,5.985897019,150.610247,170.504395,,3.861162,2.7766091,,,,,,,,,,,,,,,,,,,,,
2007-05-21,46.74058,,21.3762186,175.748896,5.091654,6.03654441,151.133093,171.920998,,3.890971,2.7967199,,,,,,,,,,,,,,,,,,,,,
2007-05-22,46.782634,,21.3991783,174.392699,5.060621,6.000537032,151.18638,172.014767,,3.894404,2.7998886,,,,,,,,,,,,,,,,,,,,,
2007-05-23,47.000716,,21.4986843,174.412929,5.056351,5.996225253,151.80305,172.62253,,3.895217,2.813067,,,,,,,,,,,,,,,,,,,,,
2007-05-24,46.045091,,21.0334262,170.577735,4.941625,5.861000029,148.719194,168.810752,,3.839407,2.7524117,,,,,,,,,,,,,,,,,,,,,
2007-05-25,46.537089,,21.1821201,171.120641,4.994121,5.923944121,150.487364,170.931103,,3.865233,2.7720158,,,,,,,,,,,,,,,,,,,,,
2007-05-28,47.22574,,21.4701293,173.749306,5.076171,6.02196304,152.74655,173.657908,,3.907832,2.8098343,,,,,,,,,,,,,,,,,,,,,
2007-05-29,47.095045,,21.370984,173.036487,5.055058,5.997696303,153.050661,172.998971,,3.9047,2.7970256,,,,,,,,,,,,,,,,,,,,,
2007-05-30,46.92911,,21.2715279,172.385396,5.049275,5.991585727,152.866116,172.636432,,3.891762,2.7841744,,,,,,,,,,,,,,,,,,,,,
2007-05-31,47.598609,,21.585364,174.493562,5.130876,6.089108011,155.244679,174.943239,,3.938371,2.8254207,1.0,,,,,,,,,,,,,,,,,,,,
2007-06-01,48.239379,,21.8027615,176.578206,5.176475,6.144088818,157.420066,177.471125,,3.991823,2.8540587,1.007049,,,,,,,,,,,,,,,,,,,,
2007-06-04,48.564345,,21.8529374,177.019673,5.163038,6.128926697,158.328269,178.603171,,4.019803,2.8607969,1.009822,,,,,,,,,,,,,,,,,,,,
2007-06-05,48.455767,,21.7883315,176.896103,5.138492,6.100577522,158.206828,178.132103,,4.00503,2.8525111,1.007545,,,,,,,,,,,,,,,,,,,,
2007-06-06,47.841762,,21.4898818,174.338544,5.063068,6.011847337,156.45563,175.718503,,3.973434,2.8136156,0.994563,,,,,,,,,,,,,,,,,,,,
2007-06-08,47.527121,,21.2773737,172.435358,5.009246,5.948725444,155.29225,174.549904,,3.957101,2.7859671,0.986126,,,,,,,,,,,,,,,,,,,,
2007-06-11,48.446141,,21.5475823,175.48811,5.114156,6.073982582,157.346657,177.721311,,4.03266,2.8215027,0.998293,,,,,,,,,,,,,,,,,,,,
2007-06-12,48.025324,,21.3279833,173.753124,5.049023,5.997440629,155.85152,175.868653,,4.012204,2.7929264,0.985814,,,,,,,,,,,,,,,,,,,,
2007-06-13,48.43104,,21.442622,175.390387,5.093674,6.051195795,156.49891,177.765015,,4.034718,2.8080989,0.993937,,,,,,,,,,,,,,,,,,,,
2007-06-14,49.075284,,21.6920256,178.813434,5.180182,6.154679035,158.574117,180.230422,,4.091416,2.8409126,1.010274,,,,,,,,,,,,,,,,,,,,
2007-06-15,49.757247,,21.9358393,181.644396,5.264387,6.255454284,160.581528,182.889766,,4.142407,2.8729966,1.023642,,,,,,,,,,,,,,,,,,,,
2007-06-18,49.897697,,22.039882,181.941564,5.283255,6.278657859,160.550709,183.387157,,4.147481,2.8867867,1.022848,,,,,,,,,,,,,,,,,,,,
2007-06-19,49.65357,,22.0053865,181.955907,5.284866,6.281360174,159.856067,182.600147,,4.139067,2.8824433,1.021791,,,,,,,,,,,,,,,,,,,,
2007-06-20,49.395678,,21.9021438,180.890163,5.251596,6.242677322,159.246272,181.47609,,4.108183,2.8691007,1.015284,,,,,,,,,,,,,,,,,,,,
2007-06-21,49.81844,,21.9283732,180.898124,5.266434,6.261139799,160.598373,183.057532,,4.128749,2.872705,1.020165,,,,,,,,,,,,,,,,,,,,
2007-06-22,49.765912,,21.9031883,180.033591,5.239927,6.230485262,160.642985,182.6489,,4.121123,2.8695794,1.018557,,,,,,,,,,,,,,,,,,,,
2007-06-25,49.767351,,21.7921433,179.538751,5.226894,6.21582636,160.880119,182.637202,,4.11746,2.8552144,1.01597,,,,,,,,,,,,,,,,,,,,
2007-06-26,49.900324,,21.8335652,179.499233,5.240738,6.233102809,160.828717,183.191852,,4.126439,2.8608066,1.01901,,,,,,,,,,,,,,,,,,,,
2007-06-27,49.642085,,21.7273559,178.109643,5.233908,6.225821969,160.301907,182.438948,,4.110946,2.8470739,1.010882,,,,,,,,,,,,,,,,,,,,
2007-06-28,50.316097,,22.0633099,180.348603,5.302073,6.30768444,163.235231,184.930465,,4.157228,2.8912206,1.024687,,,,,,,,,,,,,,,,,,,,
2007-06-29,50.421644,,22.1019638,180.962823,5.303177,6.309840583,164.529882,185.330974,,4.167447,2.8964526,1.030033,,,,,,,,,,,,,,,,,,,,
2007-07-02,51.062041,,22.2714259,183.109355,5.369747,6.389804552,165.597306,188.208417,,4.193984,2.9216967,1.041686,,,,,,,,,,,,,,,,,,,,
2007-07-03,51.469803,,22.462349,185.065587,5.407552,6.43559454,166.271149,189.662441,,4.219177,2.9440474,1.051343,,,,,,,,,,,,,,,,,,,,
2007-07-04,51.681552,,22.4872958,186.038963,5.413923,6.444008791,166.587554,190.23332,,4.242516,2.9474923,1.056038,,,,,,,,,,,,,,,,,,,,
2007-07-05,51.659628,,22.4518605,185.486739,5.389055,6.415271214,167.058874,190.023739,,4.244118,2.9430243,1.053361,,,,,,,,,,,,,,,,,,,,
2007-07-06,52.176557,,22.6310916,187.469923,5.44922,6.487670245,168.971688,192.106087,,4.28827,2.9666883,1.064099,,,,,,,,,,,,,,,,,,,,
2007-07-09,52.173606,,22.6288169,187.449213,5.448861,6.48803832,168.953057,192.096893,,4.28782,2.9665671,1.063942,0.0,,,,,,,,,,,,,,,,,,,
2007-07-10,52.078531,,22.5980781,186.601139,5.451239,6.491650524,169.867131,191.698975,,4.299843,2.9627157,1.059593,1.0,,,,,,,,,,,,,,,,,,,
2007-07-11,52.174271,,22.6452852,187.539662,5.45499,6.49690228,170.524614,192.285078,,4.317241,2.9690789,1.062433,0.988984125,,,,,,,,,,,,,,,,,,,
2007-07-12,52.804388,,22.8721574,191.571717,5.485938,6.534535005,171.928097,194.677042,,4.371336,2.9989879,1.079545,1.00408351,,,,,,,,,,,,,,,,,,,
2007-07-13,53.185551,,23.0296624,193.504464,5.566267,6.630974872,173.33358,195.976425,,4.414348,3.019808,1.089214,1.061215936,,,,,,,,,,,,,,,,,,,
2007-07-16,53.140591,,22.9785948,192.646509,5.545132,6.606626089,173.036316,195.514961,,4.423197,3.0132955,1.084845,1.065790289,,,,,,,,,,,,,,,,,,,
2007-07-17,53.343542,,23.0313193,193.157753,5.578974,6.64773189,173.946712,196.212915,,4.446605,3.0203848,1.088176,1.066191006,,,,,,,,,,,,,,,,,,,
2007-07-18,53.052528,,22.9769184,191.856079,5.548831,6.612651343,172.847624,195.313628,,4.437498,3.0134354,1.086301,1.065693752,,,,,,,,,,,,,,,,,,,
2007-07-19,53.885107,,23.3576446,195.56964,5.657392,6.742775007,175.617731,198.54271,,4.485461,3.0635107,1.10766,1.059197063,,,,,,,,,,,,,,,,,,,
2007-07-20,53.661828,,23.2564998,193.662815,5.594724,6.668943289,174.549396,197.62146,,4.471458,3.0504397,1.104386,1.064126852,,,,,,,,,,,,,,,,,,,
2007-07-23,53.972493,,23.4241817,195.226672,5.648684,6.734047013,176.723377,198.898062,,4.501661,3.0725987,1.11321,1.08011571,,,,,,,,,,,,,,,,,,,
2007-07-24,52.982554,,23.0584699,191.34922,5.493129,6.549496987,174.092267,194.959985,,4.43999,3.0248557,1.093988,1.078051573,,,,,,,,,,,,,,,,,,,
2007-07-25,51.888839,,22.5614262,186.918321,5.350919,6.380774202,170.388839,190.927276,,4.348844,2.9598984,1.067547,1.065279963,,,,,,,,,,,,,,,,,,,
2007-07-26,50.22588,,21.83649,180.981226,5.17312,6.16959205,165.343886,184.650098,,4.212482,2.8650711,1.034325,1.045726568,,,,,,,,,,,,,,,,,,,
2007-07-27,50.32136,,21.8546779,181.011794,5.188061,6.188123936,165.19574,184.95309,,4.202974,2.8676318,1.02991,1.050538709,,,,,,,,,,,,,,,,,,,
2007-07-30,50.750154,,21.9274122,181.469154,5.216253,6.222475498,166.067766,186.604082,,4.222244,2.8773534,1.036233,1.06069391,,,,,,,,,,,,,,,,,,,
2007-07-31,51.436374,,22.2203337,184.432211,5.258223,6.273270948,168.260261,188.788908,,4.276549,2.9159814,1.051017,1.064443684,,,,,,,,,,,,,,,,,,,
2007-08-01,50.352223,,21.7884008,179.816655,5.144355,6.138232144,165.370245,184.910543,,4.19633,2.8594874,1.028783,1.044698821,,,,,,,,,,,,,,,,,,,
2007-08-02,50.777544,,21.9425145,182.684795,5.20341,6.20939281,167.319752,186.533735,,4.235185,2.8798824,1.043202,1.056372219,,,,,,,,,,,,,,,,,,,
2007-08-03,50.266401,,21.724179,179.849193,5.118822,6.109241438,164.943374,184.345944,,4.199898,2.8514018,1.026189,1.04221826,,,,,,,,,,,,,,,,,,,
2007-08-06,49.36125,,21.2646155,174.80742,5.016543,5.987941706,160.900217,181.14391,,4.117962,2.7912629,0.999163,1.02185082,,,,,,,,,,,,,,,,,,,
2007-08-07,50.329566,,21.6795131,178.546485,5.154535,6.153345808,164.13383,184.890086,,4.1737,2.8458768,1.024663,1.045248744,,,,,,,,,,,,,,,,,,,
2007-08-08,51.828056,,22.3732807,184.544256,5.334918,6.369392492,169.476908,190.866661,,4.293769,2.9370901,1.058556,1.065940832,1.0,,,,,,,,,,,,,,,,,,
2007-08-09,50.691675,,21.9760134,180.2892,5.228944,6.243752648,165.803893,186.472187,,4.225897,2.8851316,1.034956,1.052564724,0.9963066,,,,,,,,,,,,,,,,,,
2007-08-10,49.433435,,21.4408125,175.158108,5.0834,6.070814333,161.484169,181.614905,,4.117856,2.8150689,1.005348,1.02819538,0.9853006,,,,,,,,,,,,,,,,,,
2007-08-13,50.038071,,21.6264278,177.415242,5.134821,6.132955157,163.012064,183.75517,,4.169463,2.8395951,1.020587,1.038781029,0.9861504,,,,,,,,,,,,,,,,,,
2007-08-14,48.839059,,21.117337,173.594159,4.981237,5.950373614,159.189523,179.2912,,4.089324,2.7729566,0.998503,1.014099035,0.9755965,,,,,,,,,,,,,,,,,,
2007-08-15,46.930213,,20.3422267,167.894973,4.808235,5.744539253,154.104064,172.316284,,3.943322,2.6714048,0.96589,0.970962589,0.9460778,,,,,,,,,,,,,,,,,,
2007-08-16,42.858345,,18.7444108,156.065149,4.421114,5.282949747,138.671547,157.203398,,3.590185,2.4618849,0.886759,0.885654394,0.8559229,,,,,,,,,,,,,,,,,,
2007-08-17,44.455129,,19.279761,161.550118,4.592396,5.4881238,143.710602,163.317158,,3.680498,2.5322837,0.925829,0.931178791,0.8789401,,,,,,,,,,,,,,,,,,
2007-08-20,45.538436,,19.8928926,165.200069,4.709837,5.629094343,148.32214,167.384412,,3.778313,2.6128881,0.942031,0.957642362,0.8944512,,,,,,,,,,,,,,,,,,
2007-08-21,45.888104,,19.9581238,166.474629,4.763649,5.694117167,149.526429,168.61338,,3.811926,2.6216032,0.946492,0.980401919,0.8950519,,,,,,,,,,,,,,,,,,
2007-08-22,47.000088,,20.3533335,172.26175,4.870656,5.822706633,153.160686,172.538412,,3.888026,2.6736241,0.978473,1.001387771,0.90672,,,,,,,,,,,,,,,,,,
2007-08-23,47.39684,,20.3867371,173.577159,4.879456,5.83399416,154.222766,173.798489,,3.899434,2.6781665,0.987134,1.000059398,0.9019997,,,,,,,,,,,,,,,,,,
2007-08-24,48.358723,,20.6189856,175.588896,4.944524,5.912515268,156.531385,177.515819,,3.953487,2.7088006,1.003498,1.015741283,0.9148652,,,,,,,,,,,,,,,,,,
2007-08-27,48.923417,,20.9482868,177.521782,5.023895,6.008097803,157.849608,179.84483,,3.990926,2.7521711,1.012684,1.021413754,0.9188372,,,,,,,,,,,,,,,,,,
2007-08-28,47.867136,,20.5302627,173.970364,4.909058,5.871569986,154.63982,175.550438,,3.93301,2.6974844,0.990014,1.007528218,0.9107015,,,,,,,,,,,,,,,,,,
2007-08-29,48.224679,,20.5927625,175.314902,4.956093,5.92849054,155.596138,176.787547,,3.958286,2.7058592,0.998045,1.002502892,0.9139122,,,,,,,,,,,,,,,,,,
2007-08-30,48.595807,,20.7102663,177.1334,4.965189,5.940084142,156.952132,178.012082,,3.972123,2.721463,1.010143,1.013878866,0.9202504,,,,,,,,,,,,,,,,,,
2007-08-31,49.70892,,21.172118,181.629752,5.050313,6.042608073,159.607704,182.498475,,4.025484,2.7823213,1.032901,1.041715054,0.9346344,,,,,,,,,,,,,,,,,,
2007-09-03,50.242822,,21.4217706,183.27511,5.084909,6.084746833,161.156786,184.467101,,4.044647,2.8153112,1.045802,1.047759966,0.9421573,,,,,,,,,,,,,,,,,,
2007-09-04,50.564837,,21.5384266,184.452365,5.111466,6.117273682,161.843697,185.692752,,4.061303,2.8308096,1.052399,1.053363643,0.9458264,,,,,,,,,,,,,,,,,,
2007-09-05,49.76606,,21.2836768,181.873442,5.037084,6.029063805,160.381115,182.754823,,4.025704,2.7975007,1.035303,1.044388821,0.9326625,,,,,,,,,,,,,,,,,,
2007-09-06,49.869876,,21.2648098,182.988421,5.032063,6.023810672,161.046988,182.684449,,4.039714,2.7951883,1.043385,1.040875229,0.9362772,,,,,,,,,,,,,,,,,,
2007-09-10,48.342981,,20.5360885,177.171678,4.836407,5.790448812,156.36833,176.678766,,3.919214,2.6995891,1.011783,1.009451339,0.9200821,,,,,,,,,,,,,,,,,,
2007-09-11,48.810666,,20.7089628,179.593977,4.907265,5.875933892,157.29961,178.452131,,3.945063,2.7224688,1.023853,1.020849308,0.9207999,,,,,,,,,,,,,,,,,,
2007-09-12,48.832589,,20.7939198,181.255145,4.961948,5.942138515,157.252453,178.943607,,3.93854,2.7337959,1.031208,1.023854736,0.9196161,,,,,,,,,,,,,,,,,,
2007-09-13,49.015885,,20.9137698,183.215367,5.013478,6.004570563,158.072426,180.067193,,3.9479,2.7497091,1.03832,1.033618274,0.9207741,,,,,,,,,,,,,,,,,,
2007-09-14,48.721819,,20.9118835,183.508032,5.03023,6.025380173,157.833389,179.153782,,3.943456,2.7496253,1.034063,1.029457062,0.9184105,,,,,,,,,,,,,,,,,,
2007-09-17,48.181732,,20.716067,180.935697,4.959597,5.941559151,156.06427,177.034398,,3.89972,2.7240563,1.022448,1.020939884,0.9087088,,,,,,,,,,,,,,,,,,
2007-09-18,49.186934,,21.1096498,186.525832,5.097125,6.10697892,158.369858,180.660223,,3.945473,2.7759411,1.047937,1.041075033,0.9165314,,,,,,,,,,,,,,,,,,
2007-09-19,50.177614,,21.6971439,192.310938,5.257858,6.300257938,162.682231,184.642517,,4.026253,2.8533115,1.078911,1.058277798,0.9322042,,,,,,,,,,,,,,,,,,
2007-09-20,50.048699,,21.6538813,191.105033,5.234725,6.2733558,161.44644,184.225288,,4.005863,2.8477964,1.074057,1.052247271,0.930397,,,,,,,,,,,,,,,,,,
2007-09-21,50.108822,13.8469952,21.7278735,193.190447,5.264169,6.309386709,162.0154,184.583832,,4.015179,2.8576897,1.081691,1.053782338,0.9273331,,,,,,,,,,,,,,,,,,
2007-09-24,50.457936,13.8488897,21.8855367,195.628293,5.28633,6.336728293,162.988721,185.943755,,4.044324,2.8785789,1.094947,1.059756394,0.9297749,,,,,,,,,,,,,,,,,,
2007-09-25,50.525091,13.8484842,21.8850951,196.19901,5.300089,6.354008114,163.208962,186.337896,,4.051633,2.8786925,1.099205,1.061281153,0.9195036,,,,,,,,,,,,,,,,,,
2007-09-26,51.433106,13.8664762,22.1870013,199.824431,5.385571,6.457240325,165.636849,189.705127,,4.122653,2.918587,1.113727,1.077376809,0.922047,,,,,,,,,,,,,,,,,,
2007-09-27,52.067816,13.8769708,22.4408291,203.129865,5.447647,6.532447694,166.999791,191.841946,,4.157488,2.9521581,1.127355,1.083093764,0.9311633,,,,,,,,,,,,,,,,,,
2007-09-28,52.099372,13.8775542,22.4049874,203.329606,5.461922,6.550376936,167.603365,191.991555,,4.175819,2.9476187,1.126915,1.083096394,0.9335592,,,,,,,,,,,,,,,,,,
2007-10-01,53.128439,13.8905811,22.8387865,207.676044,5.594601,6.710217963,170.424131,195.880853,,4.230558,3.0048782,1.147037,1.09461417,0.9265582,,,,,,,,,,,,,,,,,,
2007-10-02,53.022135,13.8948876,22.9071257,208.720048,5.558263,6.667484534,169.700882,195.258756,,4.232563,3.0140484,1.144281,1.090111305,0.9286549,,,,,,,,,,,,,,,,,,
2007-10-03,52.377743,13.8918905,22.7893272,204.565955,5.478605,6.572782474,167.581651,192.81843,,4.198908,2.9987308,1.122746,1.077522321,0.9250008,,,,,,,,,,,,,,,,,,
2007-10-04,52.396762,13.9094386,22.8262414,202.31247,5.508892,6.609902068,167.689672,193.126353,,4.192188,3.0037663,1.114336,1.078599886,0.9218299,,,,,,,,,,,,,,,,,,
2007-10-05,53.329638,13.9330001,23.3006149,208.462774,5.600076,6.720098372,169.840969,196.750844,,4.256051,3.0663543,1.145446,1.08953254,0.9177421,,,,,,,,,,,,,,,,,,
2007-10-08,53.393901,13.9332181,23.3921173,209.375912,5.611505,6.734648949,169.382677,196.908996,,4.260308,3.0785754,1.152102,1.092922793,0.9278302,,,,,,,,,,,,,,,,,,
2007-10-09,53.949849,13.9446423,23.5167825,213.55677,5.658237,6.791551308,170.805315,198.825415,,4.295231,3.0951601,1.172634,1.095606931,0.9322124,,,,,,,,,,,,,,,,,,
2007-10-10,53.692274,13.9484343,23.3050534,212.67202,5.588231,6.708409983,169.350817,198.07056,,4.268809,3.0674898,1.169645,1.09749083,0.9333751,,,,,,,,,,,,,,,,,,
2007-10-11,53.53989,13.9449468,23.2862828,212.820762,5.56345,6.679498394,169.503194,197.586217,,4.253268,3.0652034,1.169689,1.106706856,0.9535253,,,,,,,,,,,,,,,,,,
2007-10-15,53.178421,13.9481426,22.9809978,212.260785,5.486273,6.587708319,167.981148,195.999059,,4.21752,3.0252227,1.168321,1.108939003,0.956209,,,,,,,,,,,,,,,,,,
2007-10-16,52.356584,13.9263841,22.6081921,209.011845,5.389643,6.472534255,166.121511,192.900687,,4.142459,2.9763565,1.153757,1.092746103,0.9492712,,,,,,,,,,,,,,,,,,
2007-10-17,52.807428,13.9383019,22.7688129,209.481598,5.460656,6.558569078,168.044217,195.025035,,4.166662,2.9976656,1.16079,1.10337543,0.9597312,,,,,,,,,,,,,,,,,,
2007-10-18,53.209063,13.9339377,22.870351,210.54506,5.499763,6.606348386,167.918419,196.720836,,4.17988,3.0112028,1.167688,1.108058929,0.9557603,,,,,,,,,,,,,,,,,,
2007-10-19,52.813217,13.9240618,22.7310068,207.760179,5.473837,6.57604998,166.710684,195.580634,,4.146918,2.9930503,1.154182,1.110841923,0.9597817,,,,,,,,,,,,,,,,,,
2007-10-22,52.143067,13.9189876,22.513228,203.162206,5.423119,6.515956888,164.345415,193.041048,,4.120323,2.9645779,1.134246,1.098702773,0.9436466,,,,,,,,,,,,,,,,,,
2007-10-23,53.374487,13.9465832,22.9624588,209.146757,5.573481,6.697346768,167.923897,197.367418,,4.200241,3.0238552,1.166169,1.120973716,0.9516215,,,,,,,,,,,,,,,,,,
2007-10-24,53.27278,13.9654151,22.8211071,208.353532,5.561251,6.683510639,166.183124,196.906083,,4.174847,3.0054394,1.162072,1.113212268,0.9546325,,,,,,,,,,,,,,,,,,
2007-10-25,53.120038,13.963346,22.8372004,209.217333,5.553595,6.675144287,166.212241,196.415477,,4.151971,3.0077358,1.166433,1.110980522,0.9478885,,,,,,,,,,,,,,,,,,
2007-10-26,53.699381,13.9514506,23.1841015,214.717114,5.580788,6.708645784,168.432305,198.280588,,4.18681,3.0535529,1.194703,1.120944442,0.9487065,,,,,,,,,,,,,,,,,,
2007-10-29,54.405337,13.9591693,23.4769009,220.728711,5.70161,6.854661006,170.403932,200.77532,,4.218568,3.092255,1.2233,1.134915669,0.9534479,,,,,,,,,,,,,,,,,,
2007-10-30,54.141454,13.9616599,23.3399698,218.955325,5.711758,6.867729011,169.592165,199.536363,,4.183757,3.0744015,1.212903,1.132372412,0.9485597,,,,,,,,,,,,,,,,,,
2007-10-31,54.774752,13.9611983,23.3891444,220.207757,5.773699,6.943024631,171.103762,201.527497,,4.213629,3.0810631,1.221775,1.142150651,0.9676931,1000.0,,,,,,,,,,,,,,,,,
2007-11-01,54.423174,13.9545406,23.1922607,216.723151,5.681235,6.832728459,170.330944,200.150043,,4.206544,3.0553438,1.203611,1.143872951,0.9656953,1006.556261,,,,,,,,,,,,,,,,,
2007-11-05,54.254804,13.9618218,23.0468063,212.569028,5.674733,6.825712322,170.138528,199.416379,,4.232295,3.036365,1.184617,1.133665148,0.9648503,1006.3606365,,,,,,,,,,,,,,,,,
2007-11-06,55.024656,13.9849153,23.3367997,215.906753,5.801094,6.978498164,171.897963,202.171785,,4.279817,3.0747479,1.203139,1.134038246,0.9683143,1023.3034507,,,,,,,,,,,,,,,,,
2007-11-07,54.518853,13.9828558,23.0576653,215.120851,5.7201,6.882019595,169.844872,200.186414,,4.26171,3.0381605,1.199719,1.133552543,0.9729403,1012.323767,,,,,,,,,,,,,,,,,
2007-11-08,53.943201,13.9748727,22.8623688,216.969191,5.619005,6.761282217,167.391199,197.789084,,4.214817,3.0126154,1.205281,1.144525063,0.9675176,1005.6105404,,,,,,,,,,,,,,,,,
2007-11-09,52.978394,13.9587798,22.4051926,216.399334,5.435601,6.541525285,163.181798,194.058656,,4.116179,2.9525712,1.196524,1.135676935,0.9685863,989.7837542,,,,,,,,,,,,,,,,,
2007-11-12,52.213041,13.9475817,22.1701656,211.182685,5.402813,6.502873777,161.938819,191.713885,,4.079368,2.9217873,1.170646,1.127332941,0.9555057,970.8768215,,,,,,,,,,,,,,,,,
2007-11-13,52.333605,13.959945,22.1225459,210.342463,5.396351,6.495911002,161.080896,191.938127,,4.064248,2.9156888,1.167679,1.132778164,0.9528061,963.6979216,,,,,,,,,,,,,,,,,
2007-11-14,53.315426,13.9840595,22.4371679,217.324153,5.565759,6.700571313,164.116993,195.693893,,4.103894,2.9572921,1.206282,1.155879301,0.9570189,978.1310949,,,,,,,,,,,,,,,,,
2007-11-16,53.357164,13.9980303,22.3958764,216.314992,5.568027,6.704165756,164.470629,195.865044,,4.107199,2.9520293,1.202168,1.15728646,0.9588982,978.9238769,,,,,,,,,,,,,,,,,
2007-11-19,52.419874,13.9878306,21.9589621,211.572447,5.409539,6.51425163,160.866582,192.304445,,4.035955,2.8946508,1.174976,1.143992216,0.9448442,953.0846042,,,,,,,,,,,,,,,,,
2007-11-20,52.417107,13.9916467,21.956614,211.550153,5.408885,6.514260208,160.848873,192.288673,,4.035419,2.8945143,1.174818,1.144029743,0.9447573,953.0966685,,,,,,,,,,,,,,,,,
2007-11-21,50.081665,13.9807707,21.0484569,204.427866,5.16562,6.222224546,153.482656,183.627395,,3.841813,2.775056,1.131501,1.099188776,0.9240502,906.6510125,,,,,,,,,,,,,,,,,
2007-11-22,50.10218,13.9859058,21.0654504,204.369956,5.169432,6.227567397,153.389614,184.028516,,3.841872,2.7774602,1.132017,1.102083193,0.9227983,910.4441939,,,,,,,,,,,,,,,,,
2007-11-23,50.500794,13.9851509,21.2192734,205.70664,5.176315,6.236643433,154.678193,185.247311,,3.847908,2.7978889,1.13948,1.110340687,0.921943,915.0096016,,,,,,,,,,,,,,,,,
2007-11-26,49.919954,13.9774835,21.1131909,205.40571,5.117128,6.166153175,153.117386,183.044604,,3.83221,2.7840818,1.133714,1.106038023,0.9263045,916.4738575,,,,,,,,,,,,,,,,,
2007-11-27,48.814801,13.9661876,20.707585,200.660784,5.008953,6.036635536,149.634733,179.09835,,3.764695,2.7308181,1.107079,1.090068307,0.9168937,893.650933,,,,,,,,,,,,,,,,,
2007-11-28,50.221812,13.9847166,21.3330282,207.734431,5.238754,6.314190277,154.623328,184.049775,,3.833244,2.8134789,1.145601,1.101971087,0.9237031,903.500458,,,,,,,,,,,,,,,,,
2007-11-29,50.718861,14.0100924,21.5963109,211.075325,5.333129,6.428708956,156.913222,185.86791,,3.852646,2.8483748,1.163761,1.107285999,0.9309626,912.2421664,,,,,,,,,,,,,,,,,
2007-11-30,51.746373,14.0366253,22.066838,215.360471,5.512431,6.645564882,160.466827,189.880502,,3.927748,2.9106088,1.185355,1.116314786,0.92984,928.3657119,,,,,,,,,,,,,,,,,
2007-12-03,52.039203,14.0432525,22.135248,214.393865,5.497906,6.628896407,160.719623,190.626027,,3.938554,2.91982,1.180449,1.120259715,0.9318515,932.4891752,,,,,,,,,,,,,,,,,
2007-12-04,51.93696,14.0397762,22.0607102,214.660773,5.450098,6.572108323,159.480349,190.169654,,3.916793,2.910163,1.18042,1.124238219,0.9381797,936.3573746,,,,,,,,,,,,,,,,,
2007-12-05,52.962013,14.0441485,22.4269462,219.869544,5.563314,6.709390895,161.837591,194.002702,,3.95823,2.9586434,1.209391,1.134719546,0.9435674,948.1525151,,,,,,,,,,,,,,,,,
2007-12-06,53.306413,14.0670208,22.4779617,222.190145,5.567714,6.715551311,162.214503,195.319385,,3.956343,2.9655491,1.220578,1.141591668,0.9408779,948.2094932,,,,,,,,,,,,,,,,,
2007-12-07,53.491388,14.075286,22.6099478,224.499171,5.583826,6.73581757,162.83189,196.102028,,3.94544,2.9831352,1.231697,1.150652106,0.9397169,947.4390033,,,,,,,,,,,,,,,,,
2007-12-10,53.626735,14.095844,22.6411407,223.107648,5.590449,6.744649445,163.677416,196.545663,,3.941905,2.9874277,1.224428,1.153921219,0.9425824,948.2011899,,,,,,,,,,,,,,,,,
2007-12-11,53.511865,14.1085135,22.6536857,223.492378,5.564557,6.714269307,163.138305,195.965266,,3.936008,2.9892608,1.225326,1.16149601,0.9495178,949.7246089,,,,,,,,,,,,,,,,,
2007-12-12,53.032184,14.1032133,22.4752522,222.736229,5.495844,6.632235709,161.325526,194.175424,,3.923658,2.9659041,1.220478,1.145952543,0.9520258,942.8582452,,,,,,,,,,,,,,,,,
2007-12-13,51.479079,14.0711686,21.6942595,214.600991,5.276285,6.368225978,154.930204,188.247312,,3.814606,2.8630692,1.176359,1.114590495,0.9261701,911.4937142,,,,,,,,,,,,,,,,,
2007-12-14,51.6923,14.0784802,21.696607,214.277868,5.266026,6.35661801,155.167174,188.880589,,3.817883,2.8635498,1.17509,1.122986608,0.9249911,907.3299681,,,,,,,,,,,,,,,,,
2007-12-17,49.988242,14.0704138,20.997609,207.181522,5.076275,6.128487349,150.120909,182.631907,,3.706794,2.771524,1.136297,1.085909676,0.9177571,878.2213932,,,,,,,,,,,,,,,,,
2007-12-18,49.595865,14.0701733,20.8848503,206.475828,5.028177,6.071197928,148.624975,181.467304,,3.668312,2.7568167,1.130235,1.071733803,0.9140586,867.120684,,,,,,,,,,,,,,,,,
2007-12-19,49.679639,14.073507,20.9643379,209.259398,5.050779,6.099231512,149.859548,182.046826,,3.705315,2.7674654,1.144449,1.07328957,0.9214037,875.7695644,,,,,,,,,,,,,,,,,
2007-12-20,49.687898,14.0733435,20.9779424,211.679779,5.059271,6.110255054,150.649862,181.743656,,3.727981,2.7694249,1.156113,1.073891817,0.9296716,876.5141786,,,,,,,,,,,,,,,,,
2007-12-21,50.312962,14.0892681,21.4037446,215.386779,5.153452,6.224717171,151.353729,183.942433,,3.782954,2.8257521,1.188799,1.086034549,0.9297757,883.0399549,,,,,,,,,,,,,,,,,
2007-12-24,50.310894,14.0930986,21.4012803,215.362634,5.152854,6.224794385,151.338335,183.93043,,3.782514,2.8255956,1.188613,1.085957533,0.9296766,883.0515147,,,,,,,,,,,,,,,,,
2007-12-26,50.688911,14.1200066,21.8017498,218.002099,5.234916,6.324658969,152.135067,185.179178,,3.805937,2.8785842,1.202813,1.094185042,0.9423346,892.8630919,,,,,,,,,,,,,,,,,
2007-12-27,50.763777,14.1326873,21.7248997,217.539684,5.228431,6.317637979,151.564943,185.476551,,3.810794,2.8686198,1.201877,1.093685603,0.951439,893.2064306,,,,,,,,,,,,,,,,,
2007-12-28,51.221988,14.1452461,21.8317258,217.739912,5.240389,6.332873618,153.143164,187.33312,,3.841484,2.8828987,1.205793,1.095882082,0.9735329,895.9408121,,,,,,,,,,,,,,,,,
2007-12-31,51.219893,14.1492321,21.8291604,217.738685,5.239772,6.332929985,153.126168,187.321896,,3.840967,2.8827323,1.205192,1.09579325,0.9735199,895.9485998,,,,,,,,,,,,,,,,,
2008-01-02,50.852366,14.1404845,21.647045,214.857116,5.180297,6.261849237,152.989081,186.196886,,3.802681,2.8588547,1.190299,1.090608607,0.9664668,881.8970013,,,,,,,,,,,,,,,,,
2008-01-03,50.649569,14.1520497,21.6184235,213.579168,5.188882,6.272989913,153.496744,185.620411,,3.779648,2.8552459,1.183932,1.079138588,0.9638528,877.7596977,,,,,,,,,,,,,,,,,
2008-01-04,49.504982,14.1832,21.2925146,208.201373,5.067204,6.126743444,149.893034,181.470829,,3.684319,2.8123777,1.15453,1.048143475,0.9492311,860.8512024,,,,,,,,,,,,,,,,,
2008-01-07,48.941453,14.189409,21.1473559,205.29791,5.003375,6.050360337,148.529896,179.473548,,3.655738,2.7933756,1.141449,1.041375137,0.952688,867.2886268,,,,,,,,,,,,,,,,,
2008-01-08,48.99244,14.2144706,21.3877893,209.256448,5.064619,6.125129351,149.507888,179.928618,,3.660726,2.8252947,1.166401,1.051501135,0.9566159,873.0749775,,,,,,,,,,,,,,,,,
2008-01-09,48.449978,14.1968488,21.1765959,208.273433,5.022904,6.075478549,147.095596,177.719097,,3.598814,2.7976124,1.118226,1.037276449,0.9619757,863.3318487,,,,,,,,,,,,,,,,,
2008-01-10,48.909244,14.1612781,21.3315817,211.918553,5.104887,6.175342851,147.913783,179.373811,,3.626093,2.8182472,1.180096,1.053064752,0.970126,862.6857829,,,,,,,,,,,,,,,,,
2008-01-11,48.600741,14.1649163,21.1756095,210.354436,5.043245,6.101601475,146.534716,178.160241,,3.605597,2.7978178,1.172363,1.048958365,0.9644266,858.124934,,,,,,,,,,,,,,,,,
2008-01-14,48.476438,14.152633,21.0797112,208.359864,5.003634,6.054465542,145.618182,177.625553,,3.579711,2.7853206,1.1618,1.051616573,0.9596151,851.9236864,,,,,,,,,,,,,,,,,
2008-01-15,47.233595,14.1305316,20.5759247,202.675097,4.859884,5.881383712,140.210428,172.79977,,3.485444,2.7189569,1.124104,1.033418733,0.9565568,820.7417008,,,,,,,,,,,,,,,,,
2008-01-16,45.870826,14.1290779,20.0051547,196.309333,4.740544,5.73776896,136.332695,167.601726,,3.401482,2.6437438,1.089985,1.010118556,0.9283114,792.6033132,,,,,,,,,,,,,,,,,
2008-01-17,45.389495,14.1255295,19.7520612,192.885172,4.668696,5.651983312,134.815588,165.599493,,3.358408,2.6104785,1.071787,1.007724385,0.9416499,785.8955401,,,,,,,,,,,,,,,,,
2008-01-18,44.892026,14.120973,19.5048397,190.802971,4.607392,5.578536224,132.598385,164.025711,,3.329062,2.5779868,1.065405,0.993502992,0.93559,777.9295133,,,,,,,,,,,,,,,,,
2008-01-21,42.171454,14.1052055,18.4948375,180.145405,4.357769,5.276789647,124.659689,154.149124,,3.129925,2.4447627,1.00776,0.929748752,0.8967192,721.7876273,,,,,,,,,,,,,,,,,
2008-01-22,42.826093,14.1117943,18.816643,184.847157,4.468232,5.41108982,125.255322,156.632792,,3.150236,2.4874052,1.030746,0.948619252,0.8962727,726.6043754,,,,,,,,,,,,,,,,,
2008-01-23,41.972112,14.1029745,18.4476948,180.425754,4.363955,5.285564497,122.533169,153.188706,,3.092717,2.4388324,1.004741,0.939603439,0.8819791,716.1193023,,,,,,,,,,,,,,,,,
2008-01-24,43.690846,14.1311903,19.2233079,191.342483,4.515141,5.469215175,126.216145,159.452808,,3.202646,2.5414006,1.057579,0.988975996,0.9091375,754.7311355,,,,,,,,,,,,,,,,,
2008-01-25,43.689119,14.1362966,19.2211672,191.324058,4.514668,5.469364016,126.209484,159.442002,,3.202158,2.5412697,1.057422,0.988898688,0.9090478,754.7276767,,,,,,,,,,,,,,,,,
2008-01-28,43.592132,14.164772,19.2399238,192.966902,4.512605,5.467566773,125.24926,158.887586,,3.199647,2.5439025,1.064971,0.985576207,0.9201141,753.1165158,,,,,,,,,,,,,,,,,
2008-01-29,44.350656,14.1975395,19.6176144,198.440332,4.64906,5.633483575,126.735102,161.738787,,3.272084,2.5940081,1.095236,0.997155474,0.9203047,758.3129547,,,,,,,,,,,,,,,,,
2008-01-30,44.244873,14.222638,19.5084017,197.488012,4.681501,5.673504542,126.626893,161.238714,,3.278464,2.5797171,1.0913,0.993087146,0.916319,755.0361348,,,,,,,,,,,,,,,,,
2008-01-31,43.67872,14.2336054,19.4275125,195.420265,4.646807,5.632218818,125.333645,159.152033,,3.244448,2.5691716,1.081384,0.985909042,0.9076639,745.9029416,,,,,,,,,,,,,,,,,
2008-02-01,44.383192,14.2575917,19.8991549,200.760999,4.783391,5.798381734,128.395801,161.78427,,3.290705,2.6316984,1.112337,1.005113785,0.9231264,754.414016,,,,,,,,,,,,,,,,,
2008-02-06,43.511413,14.2558848,19.6964854,195.945904,4.704639,5.703739711,126.78946,158.752184,,3.235516,2.6050536,1.092006,0.981049018,0.9202167,745.2324845,,,,,,,,,,,,,,,,,
2008-02-07,43.167609,14.2335654,19.6842418,195.642333,4.633735,5.618552751,125.596522,157.447294,,3.205705,2.6035899,1.087831,0.983706767,0.919831,747.9975637,,,,,,,,,,,,,,,,,
2008-02-08,43.277476,14.2494178,19.8352461,197.204611,4.671238,5.664706799,125.482186,157.824094,,3.206861,2.6237151,1.095084,0.982768472,0.9178743,747.0075442,,,,,,,,,,,,,,,,,
2008-02-11,43.840368,14.2628245,20.0344518,200.604678,4.7557,5.767797642,127.246614,160.013847,,3.2458,2.6502158,1.110489,0.991681308,0.9164611,748.1851716,,,,,,,,,,,,,,,,,
2008-02-12,45.266886,14.2719103,20.5697776,206.822974,4.917737,5.964942245,131.477647,165.537492,,3.327935,2.7211678,1.143061,1.007737228,0.9310215,769.4206807,,,,,,,,,,,,,,,,,
2008-02-13,45.722908,14.2801883,20.6246011,207.5376,4.935502,5.987259838,133.060313,167.259625,,3.358736,2.7285806,1.146438,1.009201346,0.9303325,784.8911342,,,,,,,,,,,,,,,,,
2008-02-14,45.723027,14.2955712,20.6038986,208.101578,4.940482,5.994104813,133.902772,167.322394,,3.357196,2.726006,1.149135,1.021919097,0.9332425,792.75342,,,,,,,,,,,,,,,,,
2008-02-15,44.998286,14.2950199,20.1849797,202.893327,4.791438,5.814161745,132.219774,164.307563,,3.310893,2.6707699,1.12294,1.025808549,0.9353884,788.8883142,,,,,,,,,,,,,,,,,
2008-02-18,45.975067,14.300889,20.5975872,208.630113,4.891188,5.935840969,135.936194,167.817968,,3.392835,2.7254989,1.153096,1.043025637,0.9371021,811.3276181,,,,,,,,,,,,,,,,,
2008-02-19,46.402778,14.2953885,20.6401947,210.434628,4.926314,5.979203686,137.267712,169.378998,,3.418372,2.7312965,1.161749,1.052107554,0.9440898,821.5258252,,,,,,,,,,,,,,,,,
2008-02-20,46.288599,14.2851183,20.7071439,209.955357,4.916528,5.968100701,137.141088,168.859649,,3.403148,2.7403134,1.159296,1.050841526,0.9456997,814.7833328,,,,,,,,,,,,,,,,,
2008-02-21,46.866478,14.2932489,21.1046399,213.363245,5.00852,6.080451442,138.947073,171.244188,,3.427691,2.7930431,1.180811,1.063475589,0.958058,816.3861375,,,,,,,,,,,,,,,,,
2008-02-22,46.948996,14.2938403,21.0930723,212.213507,5.013944,6.087374385,138.36597,171.463709,,3.396551,2.7916804,1.175281,1.059346046,0.9617669,802.6544926,,,,,,,,,,,,,,,,,
2008-02-25,47.440141,14.3110935,21.3133982,214.800692,5.068128,6.153895191,139.663105,173.073317,,3.420279,2.8209836,1.187129,1.062561434,0.9681039,806.3619957,,,,,,,,,,,,,,,,,
2008-02-26,47.352701,14.3171053,21.3499265,216.286076,5.061589,6.146764516,139.801245,172.600395,,3.426483,2.8259828,1.193047,1.070834531,0.9668387,808.964056,,,,,,,,,,,,,,,,,
2008-02-27,47.691953,14.3405851,21.4661131,218.985342,5.116176,6.213865009,139.593345,173.547263,,3.450556,2.8415371,1.204788,1.073633635,0.9749212,802.7911841,,,,,,,,,,,,,,,,,
2008-02-28,47.870346,14.3501821,21.472303,219.755429,5.133437,6.235627929,139.764108,174.030884,,3.488272,2.8425269,1.207036,1.080413279,0.9794765,812.4829734,,,,,,,,,,,,,,,,,
2008-02-29,47.32395,14.3424827,21.1356715,213.957076,5.043411,6.127156461,138.222632,171.719099,,3.462393,2.798121,1.17878,1.080634285,0.981589,809.7041517,,,,,,,,,,,,,,,,,
2008-03-03,47.657812,14.3501693,21.1515848,212.743742,5.081372,6.174030892,139.181906,172.946603,,3.454007,2.8003952,1.176708,1.091638326,0.9870294,812.8921742,,,,,,,,,,,,,,,,,
2008-03-04,47.435631,14.3468918,21.0136128,209.79759,5.050941,6.137887635,138.112366,172.179575,,3.451999,2.782297,1.164563,1.086547927,0.9835151,810.736542,,,,,,,,,,,,,,,,,
2008-03-05,47.977965,14.3732901,21.2219509,212.868375,5.117721,6.219780284,140.065171,174.04225,,3.491934,2.8100449,1.180293,1.097117382,0.9935354,820.8747737,,,,,,,,,,,,,,,,,
2008-03-06,47.74379,14.3640761,21.0726746,211.091813,5.060205,6.150741928,138.677572,172.847121,,3.495093,2.7904507,1.169018,1.095075792,1.0124796,822.0264818,,,,,,,,,,,,,,,,,
2008-03-07,46.884376,14.3370687,20.7011732,205.409079,4.929206,5.992408108,135.67352,169.38984,,3.434642,2.7414355,1.138174,1.076935703,1.0063297,811.799782,,,,,,,,,,,,,,,,,
2008-03-10,45.762878,14.3167783,20.2486649,201.16531,4.792803,5.827510394,132.253352,165.449005,,3.372275,2.6816931,1.114807,1.062665883,0.9975884,795.5307857,,,,,,,,,,,,,,,,,
2008-03-11,45.932434,14.32864,20.3799543,203.605388,4.804386,5.842377701,132.429029,165.91888,,3.363929,2.6992346,1.123798,1.068239982,1.0019559,798.0558608,,,,,,,,,,,,,,,,,
2008-03-12,46.56087,14.3430164,20.7872521,207.106245,4.884714,5.940801738,134.352286,167.971129,,3.381322,2.7533171,1.143746,1.068443483,1.0118735,798.635111,,,,,,,,,,,,,,,,,
2008-03-13,45.60364,14.3567452,20.4490926,202.556499,4.752369,5.780803704,131.04877,164.642003,,3.312812,2.7087138,1.120494,1.05503672,0.9997936,782.4518205,,,,,,,,,,,,,,,,,
2008-03-14,45.504586,14.365573,20.5180193,203.630975,4.74055,5.767228462,130.061838,164.32541,,3.293485,2.7180008,1.127938,1.057711577,0.9976849,774.1126438,,,,,,,,,,,,,,,,,
2008-03-17,44.095923,14.3439412,20.0180096,197.333935,4.607546,5.606355702,126.35281,159.497341,,3.200855,2.6519678,1.093973,1.032621087,0.9750517,739.1516249,,,,,,,,,,,,,,,,,
2008-03-18,45.048699,14.3716345,20.4481747,201.509563,4.726154,5.75132115,129.46057,162.764242,,3.225772,2.7090747,1.11852,1.042881366,0.9803306,751.4284821,,,,,,,,,,,,,,,,,
2008-03-19,44.491551,14.3698442,20.1637155,196.440018,4.670098,5.683987105,128.648384,160.801104,,3.208787,2.671578,1.097068,1.029750913,0.9740363,745.7311012,,,,,,,,,,,,,,,,,
2008-03-20,43.95458,14.3469751,19.7596116,190.49967,4.580755,5.576127566,125.807877,158.975348,,3.189308,2.6182396,1.066484,1.009328575,0.9677557,731.196003,,,,,,,,,,,,,,,,,
2008-03-24,44.873258,14.3918271,20.3068234,195.982047,4.726132,5.7537211,127.990322,162.259625,,3.234754,2.6908394,1.095547,1.018207518,0.9754701,744.1618402,,,,,,,,,,,,,,,,,
2008-03-25,45.005418,14.4035285,20.2830563,199.058904,4.746139,5.778886161,127.487142,162.799177,,3.261157,2.6878538,1.109617,1.017483978,0.978226,746.0738404,,,,,,,,,,,,,,,,,
2008-03-26,44.987736,14.4028602,20.1781601,201.18705,4.744162,5.777294485,127.649439,162.754124,,3.243103,2.6741277,1.116603,1.016916301,0.9757747,743.4283439,,,,,,,,,,,,,,,,,
2008-03-27,44.763817,14.3944924,20.1163144,201.273644,4.716874,5.74490913,126.86209,162.01319,,3.230535,2.6660896,1.116323,1.021729655,0.9735047,739.5907982,,,,,,,,,,,,,,,,,
2008-03-28,44.163933,14.417743,19.8992136,198.670676,4.64943,5.663644421,124.945335,159.904962,,3.193988,2.6374702,1.10399,1.021478377,0.970499,728.4475062,,,,,,,,,,,,,,,,,
2008-03-31,44.19896,14.4293851,19.8596002,198.959966,4.64984,5.664930563,125.1246,159.8577,,3.189551,2.632377,1.103322,1.029470343,0.9720057,728.7579087,,,,,,,,,,,,,,,,,
2008-04-01,44.887862,14.4454684,20.2041586,203.613099,4.761161,5.801116682,127.200007,162.267545,,3.228743,2.678205,1.130434,1.04794103,0.9741114,731.4380939,,,,,,,,,,,,,,,,,
2008-04-02,45.42294,14.4670313,20.425394,207.692904,4.845035,5.904707461,127.920113,164.136652,,3.254871,2.7076895,1.152233,1.056720581,0.980537,737.9505932,,,,,,,,,,,,,,,,,
2008-04-03,45.758473,14.4735351,20.6312516,209.848857,4.89949,5.970982992,128.283254,165.35182,,3.276048,2.7351374,1.163454,1.069008691,0.9911594,745.865245,,,,,,,,,,,,,,,,,
2008-04-04,45.877986,14.4819878,20.7359387,210.814699,4.91932,5.99510913,128.228099,165.849911,,3.290757,2.749177,1.16847,1.066341354,0.9941391,747.7712402,,,,,,,,,,,,,,,,,
2008-04-07,45.741746,14.5717319,20.7217945,212.366531,4.897374,5.969128686,128.205109,165.225888,,3.292556,2.7474666,1.176771,1.069390117,0.9965729,749.8621378,,,,,,,,,,,,,,,,,
2008-04-08,45.6759,14.5508982,20.6225466,211.283663,4.882457,5.951692264,127.323157,164.859357,,3.29065,2.7344758,1.171441,1.075004223,1.0013739,748.3580634,,,,,,,,,,,,,,,,,
2008-04-09,45.344399,14.4711615,20.4657831,209.738118,4.819005,5.875142253,125.367027,163.706011,,3.273072,2.7138607,1.15979,1.069935677,0.9992872,742.6172218,,,,,,,,,,,,,,,,,
2008-04-10,45.057316,14.4724533,20.3633302,208.23715,4.789793,5.840274604,124.869203,162.573986,,3.272414,2.7004431,1.152494,1.068871381,0.9987051,738.6985008,,,,,,,,,,,,,,,,,
2008-04-11,44.90921,14.4800117,20.3317372,206.60662,4.731462,5.769929346,124.549007,161.814455,,3.271278,2.6964169,1.144966,1.068578935,0.9672924,742.0456856,,,,,,,,,,,,,,,,,
2008-04-14,44.448905,14.4689209,19.9939683,205.352419,4.643487,5.66344548,123.687554,160.082499,,3.255547,2.6518073,1.132043,1.063985197,0.9558072,743.046388,,,,,,,,,,,,,,,,,
2008-04-15,44.74061,14.4597918,20.0639975,207.30416,4.662973,5.687879106,122.849976,160.961133,,3.25225,2.6612483,1.138635,1.072254888,0.9624512,743.0794659,,,,,,,,,,,,,,,,,
2008-04-16,45.232565,14.4633803,20.3795096,211.088897,4.718848,5.756682233,124.382089,162.711284,,3.259673,2.7032275,1.163886,1.097843583,0.9723678,745.0078987,,,,,,,,,,,,,,,,,
2008-04-17,45.249686,14.5006627,20.4783358,213.26917,4.759473,5.806906399,124.762343,162.797204,,3.2674,2.7164883,1.175113,1.109528893,0.9828823,747.4683126,,,,,,,,,,,,,,,,,
2008-04-18,45.563079,14.5087083,20.4989479,215.209083,4.783283,5.836768472,125.122003,163.499865,,3.296398,2.7193828,1.185832,1.139896854,1.0018677,765.1279889,,,,,,,,,,,,,,,,,
2008-04-22,45.609638,14.516225,20.6280776,216.924723,4.778246,5.831353481,124.731547,163.551284,,3.284639,2.7366612,1.191902,1.152713685,1.0147686,771.1197718,,,,,,,,,,,,,,,,,
2008-04-23,45.223184,14.5064292,20.5867706,215.347989,4.749386,5.796883201,123.036824,,,3.273762,2.7313497,1.186672,1.143138547,1.0238569,768.8975566,,,,,,,,,,,,,,,,,
2008-04-24,45.180215,14.5104392,20.6140657,213.072619,4.748849,5.796939257,122.029765,161.974157,,3.258842,2.7351308,1.178602,1.140806492,1.0256574,770.4607383,,,,,,,,,,,,,,,,,
2008-04-25,45.351221,14.50265,20.7001654,213.208134,4.791438,5.84959729,122.465571,,,3.282232,2.7467064,1.180933,1.150027989,1.030258,774.6826937,,,,,,,,,,,,,,,,,
2008-04-28,45.701615,14.4589167,20.8380069,216.879316,4.846039,5.916927402,123.803203,,,3.297374,2.7651663,1.199599,1.145971921,1.0292625,776.962321,,,,,,,,,,,,,,,,,
2008-04-29,45.369303,14.4688584,20.6017391,212.332928,4.770531,5.825552275,123.54398,,,3.272939,2.7339728,1.178361,1.138482106,1.0290147,772.0653387,,,,,,,,,,,,,,,,,
2008-04-30,46.523483,14.4817939,21.1096012,217.292818,4.919637,6.00817786,127.461462,,,3.331995,2.8015438,1.210777,1.160033883,1.0469787,792.6737366,,,,,,,,,,,,,,,,,
2008-05-02,49.884305,14.453998,22.1655254,227.780568,5.300884,6.474175569,137.488372,,,3.56701,2.9418696,1.268677,1.204120295,1.0790537,853.5773001,,,,,,,,,,,,,,,,,
2008-05-05,50.357966,14.4352623,22.3510292,230.591512,5.34868,6.533361299,139.64817,,,3.620228,2.9666686,1.282603,1.211686328,1.1073895,866.8227182,,,,,,,,,,,,,,,,,
2008-05-06,50.082259,14.4533874,22.275706,231.431266,5.310372,6.487425298,139.372697,,,3.617505,2.9568482,1.282264,1.213110676,1.1120875,862.6438895,,,,,,,,,,,,,,,,,
2008-05-07,49.53621,14.4371262,22.0810832,228.176432,5.208102,6.363393077,137.219549,,,3.590835,2.9311958,1.2613,1.209268657,1.1192931,853.8909933,,,,,,,,,,,,,,,,,
2008-05-08,49.9359,14.4497204,22.3387286,230.152231,5.238193,6.40090459,138.171376,,,3.609141,2.9655646,1.27252,1.217125332,1.1140207,857.5643127,,,,,,,,,,,,,,,,,
2008-05-09,49.971743,14.4584632,22.309855,230.221896,5.219336,6.378674381,138.320849,,,3.599614,2.9619101,1.271901,1.215193336,1.1190327,857.0582256,,,,,,,,,,,,,,,,,
2008-05-12,50.44782,14.4783368,22.5453407,232.453139,5.30831,6.488106218,139.420342,,,3.643045,2.9933397,1.286883,1.227979456,1.1192741,882.6308081,,,,,,,,,,,,,,,,,
2008-05-13,50.448974,14.4917484,22.5223924,233.109361,5.273317,6.445674709,139.380179,,,3.627154,2.9904732,1.288726,1.217431776,1.1168161,877.0361036,,,,,,,,,,,,,,,,,
2008-05-14,50.623552,14.5002267,22.4160996,231.358914,5.231484,6.395371929,139.509343,,,3.649511,2.9765455,1.278749,1.224437663,1.1174782,875.9220623,,,,,,,,,,,,,,,,,
2008-05-15,51.191111,14.5030603,22.623894,236.368893,5.322144,6.506910572,141.358292,,,3.664393,3.0043005,1.304362,1.229222312,1.1253481,875.4921177,,,,,,,,,,,,,,,,,
2008-05-16,51.770204,14.5121589,22.8808318,240.666741,5.411421,6.616815713,143.145981,,,3.671116,3.0385791,1.326725,1.237484024,1.1727648,877.5278524,,,,,,,,,,,,,,,,,
2008-05-19,51.944809,14.5190282,22.9069648,243.832138,5.400661,6.604495919,143.953572,,,3.675459,3.0422287,1.338345,1.235361004,1.1868419,879.9687501,,,,,,,,,,,,,,,,,
2008-05-20,51.446052,14.4951958,22.7600581,245.018915,5.353722,6.547946426,142.799553,,,3.66067,3.0229138,1.338868,1.22750712,1.1851427,880.1456582,,,,,,,,,,,,,,,,,
2008-05-21,50.682736,14.5100273,22.4166635,241.862993,5.252384,6.424890046,141.09682,,,3.614234,2.9775213,1.317497,1.2283294,1.1766404,870.6747906,,,,,,,,,,,,,,,,,
2008-05-23,50.486414,14.5216887,22.4802212,237.611278,5.245105,6.416772223,141.138273,,,3.62563,2.9861339,1.301258,1.226611931,1.1711872,873.7677187,,,,,,,,,,,,,,,,,
2008-05-26,50.636706,14.5433013,22.5005849,238.743297,5.260814,6.436766687,141.350733,,,3.629128,2.9890146,1.304538,1.224552419,1.167103,880.7243775,,,,,,,,,,,,,,,,,
2008-05-27,50.17492,14.5353502,22.4656306,236.14775,5.241291,6.413691476,141.380087,,,3.604007,2.9845541,1.294357,1.216357947,1.1615758,870.7483424,,,,,,,,,,,,,,,,,
2008-05-28,51.453128,14.548063,23.0989149,242.319553,5.393598,6.600721909,144.938615,,,3.689438,3.0688875,1.333252,1.24195828,1.1746976,894.5303908,,,,,,,,,,,,,,,,,
2008-05-29,50.860239,14.5375716,22.9316607,236.558746,5.338461,6.534124054,144.181481,,,3.669971,3.0468452,1.307122,1.235436957,1.1689849,895.5858589,,,,,,,,,,,,,,,,,
2008-05-30,51.741015,14.5302792,23.3192441,239.115453,5.396531,6.60595162,147.521238,,,3.729351,3.098532,1.321125,1.25490679,1.2344411,923.0683063,,,,,,,,,,,,,,,,,
2008-06-02,51.325122,14.5102998,23.0460795,237.581148,5.357279,6.558750872,146.703336,,,3.738103,3.0624208,1.310968,1.252470286,1.254163,933.6910031,,,,,,,,,,,,,,,,,
2008-06-03,50.856479,14.5155567,22.8694681,230.72643,5.295674,6.484184684,144.854127,,,3.729965,3.0391368,1.277594,1.247597448,1.2634425,926.7157567,,,,,,,,,,,,,,,,,
2008-06-04,50.409385,14.514289,22.7167268,225.496653,5.265417,6.447951907,143.118448,,,3.71027,3.0190231,1.253624,1.235074511,1.2555133,913.1321551,,,,,,,,,,,,,,,,,
2008-06-05,51.244437,14.5423637,23.1300466,234.067098,5.390603,6.601942932,145.427289,,,3.754804,3.0741227,1.30011,1.25941587,1.2375084,923.4992011,1.0,,,,,,,,,,,,,,,,
2008-06-06,50.554534,14.5366468,22.7639725,230.185806,5.275084,6.461392139,143.002091,,,3.689908,3.0256648,1.276202,1.243148078,1.2639179,920.4658912,0.9925384,,,,,,,,,,,,,,,,
2008-06-09,50.282118,14.5466878,22.7087168,228.094183,5.232354,6.409867392,142.796742,,,3.686346,3.0185035,1.267016,1.240992914,1.2735148,920.6745761,0.98670394,,,,,,,,,,,,,,,,
2008-06-10,49.704624,14.5588012,22.3775121,222.537753,5.15698,6.31837572,140.201446,,,3.637415,2.9746755,1.23962,1.225876295,1.2623655,908.3910705,0.9707089,,,,,,,,,,,,,,,,
2008-06-11,49.398006,14.5512171,22.2408839,219.093994,5.097234,6.245995378,138.906927,,,3.62947,2.9566989,1.221109,1.224092522,1.2652744,905.6737012,0.95792794,,,,,,,,,,,,,,,,
2008-06-12,49.618152,14.5534433,22.3950184,221.009148,5.145271,6.305573152,139.251784,,,3.627292,2.9773558,1.228701,1.222339103,1.2627771,905.1379294,0.96389056,,,,,,,,,,,,,,,,
2008-06-13,49.19867,14.5199497,22.2416658,221.1664,5.118108,6.273094042,138.178424,,,3.600786,2.9571571,1.224046,1.221801579,1.2658122,899.0774537,0.95936956,,,,,,,,,,,,,,,,
2008-06-16,49.091916,14.5290692,22.2419324,221.282041,5.133248,6.29240801,136.978799,,,3.585667,2.9573692,1.226489,1.223142837,1.2559364,892.8051041,0.96403976,,,,,,,,,,,,,,,,
2008-06-17,49.183798,14.5411136,22.4645315,224.745988,5.16095,6.327120297,137.908457,,,3.583129,2.9871234,1.246237,1.22619382,1.2515538,886.6098759,0.96978128,,,,,,,,,,,,,,,,
2008-06-18,48.516826,14.5135725,22.0796714,220.747066,5.051055,6.193291737,135.969033,,,3.523967,2.9361641,1.223584,1.209104643,1.2427792,876.1782413,0.95489206,,,,,,,,,,,,,,,,
2008-06-19,48.062677,14.5148691,22.0733506,218.529809,5.025422,6.162632946,134.872314,,,3.503055,2.9354996,1.213552,1.196783126,1.2347328,861.8695913,0.94663108,,,,,,,,,,,,,,,,
2008-06-20,47.402592,14.4851259,21.6166266,212.32737,4.928687,6.044852256,133.028188,,,3.471239,2.8749885,1.178022,1.184898676,1.2240027,856.5701352,0.92984074,,,,,,,,,,,,,,,,
2008-06-23,47.381685,14.4775579,21.5396782,212.988905,4.910635,6.023461904,133.047328,,,3.478409,2.8649358,1.181648,1.182952901,1.2178366,870.4804828,0.92844322,,,,,,,,,,,,,,,,
2008-06-24,46.982951,14.4801463,21.1949735,211.586309,4.835008,5.931509248,131.31813,,,3.463729,2.8193049,1.177897,1.161074282,1.220736,860.4281155,0.90887998,,,,,,,,,,,,,,,,
2008-06-25,47.645948,14.4941909,21.4876163,216.948741,4.924153,6.041507501,133.162241,,,3.502769,2.8583575,1.21226,1.178967511,1.2169701,872.2588292,0.92306234,,,,,,,,,,,,,,,,
2008-06-26,46.576469,14.4785404,21.071173,211.228491,4.769585,5.852773182,129.426962,,,3.438752,2.803117,1.175638,1.158881551,1.199317,849.8635847,0.8996496,,,,,,,,,,,,,,,,
2008-06-27,46.41479,14.4851628,21.150827,211.73798,4.798057,5.888386065,128.854147,,,3.443877,2.8138835,1.181958,1.171078749,1.1934359,847.4411059,0.9009007,,,,,,,,,,,,,,,,
2008-06-30,46.75954,14.4917932,21.3864467,214.586526,4.827629,5.925386146,130.607597,,,3.46081,2.8454033,1.194834,1.186160119,1.20551,860.0983967,0.90857772,,,,,,,,,,,,,,,,
2008-07-01,45.352339,14.4694738,20.8504701,209.872577,4.698144,5.767306609,127.034922,,,3.353903,2.7742642,1.164222,1.157613636,1.183795,827.1918122,0.8826012,,,,,,,,,,,,,,,,
2008-07-02,44.280706,14.4489591,20.3217816,202.240155,4.556079,5.593735849,123.37537,,,3.26377,2.7040905,1.119077,1.134118146,1.1379131,795.224435,0.85240366,,,,,,,,,,,,,,,,
2008-07-03,43.334702,14.4493598,19.8017427,196.500822,4.428606,5.438021899,120.886733,,,3.192927,2.6350634,1.088064,1.10822955,1.1254341,777.886923,0.83763654,,,,,,,,,,,,,,,,
2008-07-04,43.388048,14.4647875,19.7012137,197.39957,4.417736,5.425339172,120.93534,,,3.197309,2.6218461,1.088722,1.102154132,1.1279906,783.4098184,0.8287586,,,,,,,,,,,,,,,,
2008-07-07,43.383861,14.4670874,19.7565985,195.801277,4.402514,5.407330983,121.082375,,,3.190078,2.6293716,1.080808,1.096564226,1.1394173,785.9238938,0.8277231,,,,,,,,,,,,,,,,
2008-07-08,43.281802,14.4693648,19.8542571,196.255517,4.45483,5.472203413,121.785099,,,3.199539,2.6425221,1.088851,1.096660179,1.1422277,787.9069954,0.8299679,,,,,,,,,,,,,,,,
2008-07-09,43.278898,14.4716888,19.852033,196.23528,4.454294,5.472229915,121.772352,,,3.199076,2.6423842,1.088694,1.09660307,1.1422364,787.9145879,0.82990452,,,,,,,,,,,,,,,,
2008-07-10,43.610344,14.5181579,20.0700749,196.777483,4.510119,5.541432675,123.040816,,,3.222904,2.6715521,1.100352,1.09418677,1.1554232,786.96686,0.84244478,,,,,,,,,,,,,,,,
2008-07-11,43.586925,14.5185201,20.1103492,196.291783,4.51433,5.547298708,122.928747,,,3.222106,2.6770702,1.098938,1.089782008,1.1644822,794.8486576,0.83887198,,,,,,,,,,,,,,,,
2008-07-14,43.994544,14.519852,20.2637216,198.063332,4.566616,5.612185597,124.352056,,,3.251207,2.697636,1.1148,1.103826497,1.1648815,799.0123628,0.8465729,,,,,,,,,,,,,,,,
2008-07-15,44.065929,14.5512924,20.3149408,197.443965,4.609457,5.665496257,124.540794,,,3.254578,2.7046118,1.120315,1.102097254,1.1487907,796.6550843,0.85425734,,,,,,,,,,,,,,,,
2008-07-16,44.822102,14.5845616,20.5983713,200.177513,4.720251,5.802273025,126.911203,,,3.310176,2.7424832,1.13695,1.124990761,1.1601561,807.1619846,0.87394714,,,,,,,,,,,,,,,,
2008-07-17,44.177416,14.5846626,20.2890893,193.633475,4.605702,5.662306673,124.518155,,,3.275546,2.7014979,1.097435,1.113513531,1.1381527,791.5213992,0.85843296,,,,,,,,,,,,,,,,
2008-07-18,43.854495,14.5696532,20.1739528,193.75893,4.558347,5.604817595,122.971716,,,3.254533,2.6863407,1.095152,1.108198664,1.1413313,789.6727666,0.85709236,,,,,,,,,,,,,,,,
2008-07-21,43.865883,14.5944968,20.3660623,196.150128,4.577263,5.628745715,123.583255,,,3.255094,2.7120608,1.109771,1.107678298,1.153139,791.0637804,0.86587758,,,,,,,,,,,,,,,,
2008-07-22,43.476141,14.5907064,20.2232421,191.16132,4.551273,5.597510946,122.136836,,,3.242888,2.693221,1.08622,1.100186607,1.1447943,786.6026836,0.85336036,,,,,,,,,,,,,,,,
2008-07-23,43.973656,14.5491833,20.2867561,189.653031,4.600978,5.659281802,122.873377,,,3.260068,2.7018322,1.080076,1.107227414,1.1469593,795.8872236,0.85504788,,,,,,,,,,,,,,,,
2008-07-24,43.501665,14.563042,19.844438,182.773784,4.524155,5.565572778,119.963913,,,3.202801,2.6431445,1.046747,1.091915109,1.1259577,786.3877193,0.84406734,,,,,,,,,,,,,,,,
2008-07-25,43.405557,14.5525682,19.7552426,182.747388,4.519376,5.560376837,119.013738,,,3.191614,2.6314352,1.044338,1.088289473,1.1104727,783.6313973,0.84537972,,,,,,,,,,,,,,,,
2008-07-28,43.514782,14.5626349,19.6605524,182.347545,4.499734,5.536917802,119.073105,,,3.182054,2.6189941,1.038296,1.075110121,1.1124981,782.4294642,0.83993828,,,,,,,,,,,,,,,,
2008-07-29,44.023661,14.5807023,19.8415737,185.715529,4.539712,5.586423968,119.84508,,,3.200774,2.6432722,1.056492,1.083829319,1.1216607,794.4203108,0.85118698,,,,,,,,,,,,,,,,
2008-07-30,44.918408,14.5811078,20.1768246,193.255347,4.617834,5.683188806,122.709711,,,3.22262,2.688103,1.096558,1.099946184,1.1414204,810.9565223,0.86560022,,,,,,,,,,,,,,,,
2008-07-31,44.954527,14.4945371,20.1786691,191.592506,4.621851,5.688845423,122.32334,,,3.216159,2.6885097,1.086506,1.102438073,1.1482529,808.8754292,0.86622668,,,,,,,,,,,,,,,,
2008-08-01,44.312093,14.4915929,19.9575961,184.997137,4.553545,5.605536836,120.335802,,,3.188599,2.6592158,1.051089,1.104332079,1.1301379,800.5624481,0.85636936,,,,,,,,,,,,,,,,
2008-08-04,42.955299,14.4659158,19.4512185,176.984082,4.45775,5.488379447,115.799571,,,3.106264,2.5919074,1.009795,1.067349629,1.1129418,774.9177832,0.84013276,,,,,,,,,,,,,,,,
2008-08-05,43.308207,14.4824799,19.8051756,178.879649,4.500476,5.541615236,116.647099,,,3.145856,2.6392222,1.02074,1.073894785,1.1165536,781.8366686,0.84418658,,,,,,,,,,,,,,,,
2008-08-06,43.876582,14.4840617,20.098941,183.000618,4.578099,5.6378205,116.466841,,,3.173799,2.6785201,1.041599,1.095648494,1.1195479,793.1019,0.85936264,,,,,,,,,,,,,,,,
2008-08-07,43.774265,14.9480254,19.9286363,181.940117,4.540937,5.592801534,116.226804,,,3.15936,2.6559897,1.034919,1.086023713,1.1179888,779.1734968,0.85749463,,,,,,,,,,,,,,,,
2008-08-08,43.580243,14.9546414,19.7561854,179.971199,4.54148,5.594159137,116.115969,,,3.15162,2.633172,1.024552,1.077787314,1.1192824,775.9515976,0.85979734,,,,,,,,,,,,,,,,
2008-08-11,42.627805,14.9612286,19.2297095,174.114247,4.467514,5.503810815,113.95472,,,3.095644,2.5631843,0.990211,1.0524372,1.1026166,760.8470261,0.84168167,,,,,,,,,,,,,,,,
2008-08-12,42.034298,14.9678718,19.0954132,173.303939,4.412549,5.436822114,113.064796,,,3.038579,2.5454445,0.985243,1.042098297,1.0828141,752.0228956,0.83479294,,,,,,,,,,,,,,,,
2008-08-13,41.773065,14.9745824,19.0630925,174.763403,4.341852,5.350453114,112.199322,,,3.013805,2.5412905,0.989009,1.053511527,1.1050287,760.6009582,0.83079423,,,,,,,,,,,,,,,,
2008-08-14,41.792116,14.9812016,19.2097927,176.036078,4.345669,5.355787392,111.595882,,,3.048779,2.560988,0.994189,1.057262494,1.1206829,764.6588928,0.83382021,,,,,,,,,,,,,,,,
2008-08-15,40.798587,14.9878737,18.9431408,172.998427,4.2839,5.280386958,109.880534,,,2.99766,2.5256141,0.980327,1.039138611,1.1068386,751.7267474,0.81452345,,,,,,,,,,,,,,,,
2008-08-18,40.103108,14.9945202,18.7316093,169.368061,4.234549,5.220254625,107.953598,,,2.940391,2.4975816,0.959686,1.024203113,1.0803558,732.916136,0.80558758,,,,,,,,,,,,,,,,
2008-08-19,40.050239,15.0011506,18.7349693,170.837689,4.232401,5.218251871,107.519491,,,2.908477,2.4981786,0.967141,1.00996353,1.0735205,725.8153593,0.80635778,,,,,,,,,,,,,,,,
2008-08-20,40.800201,15.007797,19.0200642,177.39662,4.262693,5.256219069,109.478952,,,2.93924,2.5363124,1.002843,1.024851798,1.0872682,735.1759849,0.81644886,,,,,,,,,,,,,,,,
2008-08-21,40.830318,15.0144018,19.0404761,180.064619,4.258804,5.252087372,109.534543,,,2.934053,2.5391837,1.014561,1.02365343,1.0992664,732.4130148,0.81690161,,,,,,,,,,,,,,,,
2008-08-22,40.68155,15.0210659,19.0535419,179.796278,4.241205,5.231056227,109.392231,,,2.911039,2.5410764,1.012276,1.020114659,1.091641,725.904112,0.81156713,,,,,,,,,,,,,,,,
2008-08-25,40.318966,15.0276723,18.7846732,174.558486,4.205764,5.188031066,107.586506,,,2.899107,2.5054174,0.986899,1.013025341,1.0840467,719.9559909,0.80439705,,,,,,,,,,,,,,,,
2008-08-26,40.092881,15.0342851,18.6588804,174.512954,4.187299,5.165914371,106.742509,,,2.894614,2.4888188,0.985097,1.001761825,1.0892063,718.9630129,0.80712038,,,,,,,,,,,,,,,,
2008-08-27,40.039594,15.0405085,18.7050131,178.644046,4.164401,5.138330497,106.390957,,,2.894878,2.4951355,1.007995,0.995053664,1.0920504,715.8545131,0.8057199,,,,,,,,,,,,,,,,
2008-08-28,40.535692,15.0466982,18.9939649,181.224391,4.240945,5.233343553,107.678359,,,2.926822,2.5338545,1.022739,1.013710024,1.0938124,719.131444,0.81456839,,,,,,,,,,,,,,,,
2008-08-29,40.365979,15.0528846,18.9052753,179.002277,4.218158,5.205909306,106.630998,,,2.911264,2.5221831,1.00859,1.004412036,1.0952616,716.4826344,0.81237179,,,,,,,,,,,,,,,,
2008-09-01,40.481496,15.0595343,18.7241922,176.662626,4.224583,5.214461367,106.622147,,,2.928021,2.4981878,0.996976,1.005094007,1.0851045,719.809789,0.81741999,,,,,,,,,,,,,,,,
2008-09-02,40.149671,15.0661407,18.6399321,174.091542,4.175488,5.154543397,105.904489,,,2.879071,2.4870961,0.983951,0.999378865,1.0713746,714.8418195,0.81075189,,,,,,,,,,,,,,,,
2008-09-03,39.306522,15.0727567,18.3497247,171.585698,4.129448,5.098370528,103.441402,,,2.83393,2.4485276,0.966921,0.972342931,1.0627183,701.4881418,0.795957,,,,,,,,,,,,,,,,
2008-09-04,37.817223,15.0793823,17.737946,165.141798,4.013435,4.95585988,99.230143,,,2.744844,2.3670549,0.930343,0.937109599,1.0332696,677.1802812,0.77253049,,,,,,,,,,,,,,,,
2008-09-05,37.806562,15.0859086,17.8564254,166.953116,4.027632,4.973962913,99.769836,,,2.708635,2.3830035,0.937606,0.932863942,1.0164915,664.7734999,0.78086438,,,,,,,,,,,,,,,,
2008-09-08,37.992415,15.0924124,17.678871,162.819171,4.071107,5.028215904,98.89283,,,2.713107,2.3594582,0.91514,0.919835543,1.0102919,667.8825948,0.78762786,,,,,,,,,,,,,,,,
2008-09-09,36.611733,15.0989707,17.1009893,155.065865,3.958414,4.889755926,96.100821,,,2.633157,2.2825027,0.872838,0.895308661,0.9632914,646.3995129,0.76197799,,,,,,,,,,,,,,,,
2008-09-10,36.928201,15.105513,17.3097077,158.897174,3.999043,4.940479292,97.443816,,,2.655918,2.3104865,0.895447,0.915239687,0.9602453,644.7055629,0.76088964,,,,,,,,,,,,,,,,
2008-09-11,37.265826,15.1120393,17.4855884,165.253237,4.011155,4.956036213,98.764662,,,2.635748,2.3340899,0.925476,0.916434037,0.9611887,645.169439,0.76401192,,,,,,,,,,,,,,,,
2008-09-12,37.597428,15.1187033,17.4855539,169.430667,4.01933,4.966731512,100.019195,,,2.651338,2.3342262,0.947696,0.921857719,0.9732566,648.6225996,0.76795189,,,,,,,,,,,,,,,,
2008-09-15,35.681103,15.1255934,16.5452232,155.88904,3.818645,4.719551728,93.981505,,,2.538639,2.2091242,0.871987,0.876063243,0.9375947,616.3357073,0.72207059,,,,,,,,,,,,,,,,
2008-09-16,34.919415,15.1324578,16.342506,158.692571,3.761074,4.649004934,92.572954,,,2.470004,2.1822576,0.882368,0.862732651,0.9289718,600.5902972,0.70498236,,,,,,,,,,,,,,,,
2008-09-17,32.510154,15.1393207,15.3223611,148.482274,3.459818,4.277510713,86.704393,,,2.290934,2.0465265,0.820639,0.782528335,0.8764388,559.5848596,0.66061087,,,,,,,,,,,,,,,,
2008-09-18,32.954113,15.1459639,15.6319143,157.542361,3.523197,4.356268859,88.128177,,,2.311204,2.0879569,0.863064,0.786840822,0.881879,561.8912657,0.66798867,,,,,,,,,,,,,,,,
2008-09-19,35.187488,15.152596,16.7556352,172.156001,3.755873,4.644232516,93.965148,,,2.455247,2.2380885,0.947707,0.841080967,0.9396468,599.5780164,0.70029982,,,,,,,,,,,,,,,,
2008-09-22,34.636684,15.1682641,16.4591048,167.634895,3.691915,4.56581587,92.336936,,,2.421544,2.1986663,0.918856,0.837404574,0.9359834,598.0116411,0.68735756,,,,,,,,,,,,,,,,
2008-09-23,33.428158,15.1737887,16.0681511,160.588576,3.573014,4.419451323,89.505553,,,2.355633,2.146465,0.883625,0.813876715,0.9071739,584.6224466,0.66914861,,,,,,,,,,,,,,,,
2008-09-24,32.872201,15.1793373,15.8877061,161.889766,3.55758,4.40090006,87.583098,,,2.336405,2.1225177,0.886811,0.80488242,0.9045356,573.0380926,0.65899103,,,,,,,,,,,,,,,,
2008-09-25,33.43661,15.1844611,16.301966,168.578358,3.60766,4.463326472,88.954644,,,2.384385,2.1779212,0.921993,0.822996864,0.913091,578.9025374,0.66399946,,,,,,,,,,,,,,,,
2008-09-26,32.730135,15.1897918,15.9219451,165.782697,3.524417,4.360987718,86.680605,,,2.341578,2.1272595,0.90843,0.796972022,0.902901,566.6642643,0.64218892,,,,,,,,,,,,,,,,
2008-09-29,29.880222,15.1951256,14.6247081,150.247586,3.250995,4.023469504,80.576815,,,2.184229,1.9538644,0.81797,0.717534683,0.8418465,514.5716843,0.59004836,,,,,,,,,,,,,,,,
2008-09-30,31.206896,15.2004194,15.5300813,161.583723,3.40921,4.219557125,83.570362,,,2.260294,2.0750263,0.880536,0.771199153,0.8703546,535.2931985,0.62023255,,,,,,,,,,,,,,,,
2008-10-01,30.9429,15.2058366,15.5022874,161.568282,3.393026,4.200113789,83.860256,,,2.240797,2.0714422,0.8865,0.754193137,0.8524608,527.0188309,0.61628595,,,,,,,,,,,,,,,,
2008-10-02,29.22526,15.2111704,14.8006509,149.094577,3.25853,4.034315384,80.384709,,,2.121402,1.9779555,0.816708,0.714154203,0.7973557,491.7420479,0.58638764,,,,,,,,,,,,,,,,
2008-10-03,28.632158,15.2177816,14.449568,143.638025,3.192151,3.952715459,79.175129,,,2.066221,1.9311613,0.789685,0.694751391,0.7747031,482.9829066,0.56744199,,,,,,,,,,,,,,,,
2008-10-06,26.952545,15.2232212,13.6622865,136.102859,2.999405,3.714779979,76.04459,,,1.928532,1.8260781,0.742385,0.659200273,0.7403067,447.7769806,0.5256921,,,,,,,,,,,,,,,,
2008-10-07,25.603658,15.2285807,13.1161244,130.450919,2.867895,3.552531314,74.28266,,,1.846129,1.7532079,0.708588,0.619546608,0.7143028,428.8288303,0.50487061,,,,,,,,,,,,,,,,
2008-10-08,24.248994,15.2340363,12.7204489,125.856554,2.729367,3.381566661,71.076123,,,1.737726,1.7004391,0.68238,0.588351875,0.6826838,408.1102307,0.48147875,,,,,,,,,,,,,,,,
2008-10-09,23.865753,15.2395849,12.3314088,121.162399,2.674979,3.31519334,69.278932,,,1.69151,1.6485552,0.659018,0.560131952,0.6633989,404.9569177,0.47681806,,,,,,,,,,,,,,,,
2008-10-10,22.735234,15.2451928,11.7447023,116.296722,2.526325,3.131505594,66.185368,,,1.597275,1.570255,0.633051,0.523779916,0.6493479,389.5702241,0.45222313,,,,,,,,,,,,,,,,
2008-10-13,25.140829,15.2507238,13.0865557,133.328189,2.844677,3.526247427,72.405564,,,1.758333,1.7496556,0.7323,0.584276404,0.6996124,424.0684342,0.49578623,,,,,,,,,,,,,,,,
2008-10-14,25.515283,15.2562099,13.3212286,135.213871,2.916657,3.615930544,73.253383,,,1.796933,1.781119,0.74703,0.590562267,0.7076872,437.7048164,0.50687939,,,,,,,,,,,,,,,,
2008-10-15,23.635193,15.2612424,12.4380366,119.181316,2.681262,3.324788791,69.835609,,,1.680185,1.6632094,0.663501,0.539045937,0.6608515,416.8609646,0.46673911,,,,,,,,,,,,,,,,
2008-10-16,23.416852,15.2668199,12.4201294,116.592182,2.639218,3.273093188,71.082822,,,1.659867,1.6609172,0.654125,0.522436847,0.6504011,408.338705,0.46119261,,,,,,,,,,,,,,,,
2008-10-17,23.71104,15.2724374,12.466043,117.150349,2.677891,3.321455369,71.007314,,,1.687604,1.6671529,0.654457,0.54340035,0.655071,411.5155575,0.47718562,,,,,,,,,,,,,,,,
2008-10-20,25.014704,15.277962,13.1551041,127.164191,2.804731,3.479130307,72.621233,,,1.770084,1.7593292,0.709794,0.572671466,0.6896679,427.7861009,0.50818123,,,,,,,,,,,,,,,,
2008-10-21,25.205125,15.283517,13.1409136,125.902903,2.802102,3.476352249,72.155516,,,1.778782,1.7575393,0.707836,0.567593041,0.6867837,431.4033557,0.51149161,,,,,,,,,,,,,,,,
2008-10-22,23.520074,15.2891008,12.1519866,114.081539,2.617714,3.248197617,67.01922,,,1.654796,1.6255011,0.639154,0.518887953,0.6475518,397.3729253,0.46250289,,,,,,,,,,,,,,,,
2008-10-23,22.941324,15.2946574,11.7846816,109.737621,2.53811,3.149893536,65.947901,,,1.617679,1.5765187,0.617897,0.503663266,0.6337586,385.1681434,0.44721069,,,,,,,,,,,,,,,,
2008-10-24,21.70138,15.3002589,11.1037605,101.836439,2.382793,2.957684252,62.838975,,,1.504685,1.4856261,0.574007,0.456461941,0.6072583,362.8849964,0.42446945,,,,,,,,,,,,,,,,
2008-10-27,20.728475,15.3058524,10.5060527,94.704355,2.303777,2.860055777,60.65885,,,1.446311,1.405848,0.538399,0.43796473,0.593533,340.0304988,0.39367333,,,,,,,,,,,,,,,,
2008-10-28,22.086854,15.3115228,11.253679,106.711215,2.461437,3.056003287,65.419444,,,1.523841,1.5058339,0.60659,0.458207973,0.6130991,358.4459965,0.42001079,,,,,,,,,,,,,,,,
2008-10-29,22.797825,15.3171564,11.4821771,111.946407,2.545143,3.160284232,66.379621,,,1.572701,1.5365137,0.631228,0.475756782,0.6276291,368.0109817,0.43485655,,,,,,,,,,,,,,,,
2008-10-30,23.250974,15.3229213,12.0095623,120.774631,2.584032,3.208971737,69.083646,,,1.64495,1.6072066,0.676684,0.50100031,0.6334068,391.216005,0.44745058,,,,,,,,,,,,,,,,
2008-10-31,23.57543,15.3284811,12.202958,120.556198,2.611513,3.243508138,70.748777,,,1.657398,1.6331935,0.674506,0.523905452,0.6439542,404.768973,0.45982978,,,,,,,,,,,,,,,,
2008-11-03,23.767747,15.3338118,12.3783181,123.279725,2.624927,3.260597727,71.526351,,,1.689383,1.6567628,0.690855,0.53006913,0.6483974,401.8283426,0.46590548,,,,,,,,,,,,,,,,
2008-11-04,24.805246,15.340292,12.7947949,130.539477,2.741109,3.40524341,72.998226,,,1.767914,1.7126041,0.727374,0.549258574,0.6681127,421.3443396,0.49116959,,,,,,,,,,,,,,,,
2008-11-05,24.119417,15.3459929,12.3205723,122.068699,2.668292,3.315323025,71.204056,,,1.705964,1.6492392,0.682758,0.523589327,0.6460417,403.0759334,0.48019248,,,,,,,,,,,,,,,,
2008-11-06,23.616664,15.3516696,12.131686,116.99877,2.598146,3.228670431,70.249639,,,1.675091,1.6240594,0.658034,0.511709656,0.6399821,390.4545418,0.46415639,,,,,,,,,,,,,,,,
2008-11-07,24.015062,15.3571845,12.2850852,118.174494,2.650066,3.293565217,71.336796,,,1.718718,1.6446889,0.66534,0.531448858,0.6396939,395.8059224,0.47763066,,,,,,,,,,,,,,,,
2008-11-10,23.976269,15.3628515,12.1840603,119.606696,2.634976,3.275277745,70.287755,,,1.722424,1.631268,0.669068,0.530718191,0.6375674,394.1526378,0.47827675,,,,,,,,,,,,,,,,
2008-11-11,23.690741,15.3780234,12.2932201,120.694667,2.565959,3.189996671,71.326231,,,1.70038,1.645977,0.677341,0.520261031,0.6399281,392.2235262,0.47011728,,,,,,,,,,,,,,,,
2008-11-12,23.02532,15.3933523,11.8011324,110.651112,2.485022,3.089881336,68.985121,,,1.637182,1.5802164,0.627363,0.489113105,0.6127236,378.6099915,0.45101805,,,,,,,,,,,,,,,,
2008-11-13,23.556384,15.3949875,12.3699653,115.974326,2.549775,3.170733047,71.89788,,,1.659914,1.6564462,0.653853,0.494726838,0.6198005,380.3066971,0.45625687,,,,,,,,,,,,,,,,
2008-11-14,23.362055,15.3966183,12.2341104,115.019961,2.550595,3.172190525,71.338682,,,1.649655,1.6383639,0.650466,0.49794032,0.6185002,379.5250672,0.45895006,,,,,,,,,,,,,,,,
2008-11-17,23.08067,15.3983672,12.2698561,114.543555,2.532555,3.150202447,71.902677,,,1.637745,1.643247,0.648398,0.488358911,0.6140073,375.8072961,0.45265561,,,,,,,,,,,,,,,,
2008-11-18,22.45419,15.4000199,12.0238481,108.886769,2.480671,3.08614177,70.368382,,,1.619339,1.6104206,0.61756,0.477739058,0.5827217,369.3123111,0.44358997,,,,,,,,,,,,,,,,
2008-11-19,22.125855,15.401677,12.0093362,106.200512,2.433832,3.028331412,70.799136,,,1.603674,1.6085755,0.606805,0.472746506,0.5764398,372.2945241,0.43859695,,,,,,,,,,,,,,,,
2008-11-20,22.124749,15.4034564,12.0080613,106.131015,2.433539,3.028372064,70.794451,,,1.603444,1.6085019,0.606708,0.472711245,0.576383,372.2818745,0.43850407,,,,,,,,,,,,,,,,
2008-11-21,21.838306,15.4050567,11.6945264,98.766158,2.365093,2.943686045,69.693127,,,1.56373,1.5666355,0.566184,0.454702823,0.5730728,362.2790619,0.42365084,,,,,,,,,,,,,,,,
2008-11-24,22.42468,15.4066875,12.1506854,109.478596,2.458624,3.060378586,71.579597,,,1.621726,1.6277822,0.621828,0.46933009,0.5702137,375.1955949,0.43764777,,,,,,,,,,,,,,,,
2008-11-25,22.419856,15.4083358,12.130563,111.363337,2.454186,3.055288856,71.050312,,,1.612751,1.6251872,0.634109,0.472234116,0.5664699,377.4540982,0.43426523,,,,,,,,,,,,,,,,
2008-11-26,22.878878,15.4099404,12.4057277,116.907248,2.504393,3.118148305,72.45051,,,1.638245,1.6621649,0.659294,0.485858836,0.570504,383.0671297,0.44067115,,,,,,,,,,,,,,,,
2008-11-27,23.254864,15.4115975,12.4186956,115.947559,2.524791,3.143951066,72.136689,,,1.651129,1.6640034,0.656227,0.496851307,0.5750084,390.0952066,0.44827047,,,,,,,,,,,,,,,,
2008-11-28,23.649967,15.4132458,12.6603662,117.514301,2.572029,3.203145271,73.042084,,,1.671763,1.6964943,0.666128,0.514034016,0.5757457,399.4497021,0.44914968,,,,,,,,,,,,,,,,
2008-12-01,23.017278,15.4149597,12.1729654,110.696638,2.476708,3.084961636,70.972847,,,1.6194,1.6312845,0.630342,0.486384411,0.5690626,381.9598176,0.43868783,,,,,,,,,,,,,,,,
2008-12-02,22.914107,15.4167129,12.2779545,111.172622,2.459767,3.064258667,71.897776,,,1.616073,1.6454517,0.634779,0.480332631,0.5654915,380.3686876,0.43734601,,,,,,,,,,,,,,,,
2008-12-03,22.734817,15.4185055,12.2669265,112.378106,2.470364,3.07784952,72.260132,,,1.603574,1.6440733,0.639093,0.467103398,0.5657025,372.819981,0.43864506,,,,,,,,,,,,,,,,
2008-12-04,22.746256,15.4202325,12.3028405,111.288838,2.483984,3.095210054,73.279735,,,1.604303,1.6489851,0.635862,0.471956073,0.5619036,371.4104549,0.43585592,,,,,,,,,,,,,,,,
2008-12-05,22.534893,15.4219814,12.4221628,111.547687,2.49291,3.106732809,74.275677,,,1.598905,1.6650743,0.640426,0.471244071,0.555727,375.2210178,0.43421292,,,,,,,,,,,,,,,,
2008-12-08,23.084937,15.4237565,12.8325254,121.495415,2.57503,3.209378338,75.733582,,,1.649847,1.7201638,0.69487,0.494726869,0.5580571,392.9350235,0.44949701,,,,,,,,,,,,,,,,
2008-12-09,23.029913,15.4255098,12.7291747,120.989026,2.549024,3.177436119,74.742943,,,1.680433,1.7064185,0.692468,0.49212348,0.5579483,406.4709861,0.45318492,,,,,,,,,,,,,,,,
2008-12-10,23.176973,15.4273024,12.78873,124.835396,2.56942,3.203248872,72.916188,,,1.705414,1.7145019,0.71104,0.500089836,0.5542563,410.4633656,0.45923267,,,,,,,,,,,,,,,,
2008-12-11,23.518736,15.4273461,12.742608,123.784975,2.613966,3.25924157,72.138977,,,1.721887,1.7084249,0.704906,0.519963378,0.5571379,418.8146212,0.46644719,,,,,,,,,,,,,,,,
2008-12-12,23.508542,15.4290906,12.8733872,125.654554,2.615269,3.261297204,73.466806,,,1.709643,1.7260526,0.720041,0.514343576,0.5541951,412.7371879,0.45794005,,,,,,,,,,,,,,,,
2008-12-15,23.234411,15.4308307,12.6460092,123.138565,2.59698,3.238946268,71.674158,,,1.688742,1.6956876,0.702766,0.514380388,0.5479573,408.2939218,0.45399017,,,,,,,,,,,,,,,,
2008-12-16,23.759271,15.4325446,12.8762707,128.730423,2.652652,3.308745845,72.728788,,,1.72585,1.7266451,0.73265,0.534484989,0.5600902,418.560102,0.46014156,,,,,,,,,,,,,,,,
2008-12-17,23.450028,15.4343285,12.676484,129.216215,2.61711,3.26489515,71.379482,,,1.684057,1.6999776,0.73176,0.522610085,0.5588863,407.0820413,0.45526476,,,,,,,,,,,,,,,,
2008-12-18,23.811542,15.4361561,12.8021007,127.398285,2.643279,3.297945194,72.411016,,,1.691407,1.7169128,0.726923,0.524098608,0.5707092,410.530228,0.46101938,,,,,,,,,,,,,,,,
2008-12-19,23.988073,15.4379705,12.8617819,125.940176,2.65085,3.307826081,72.370858,,,1.687775,1.7250136,0.719298,0.526250096,0.5745665,407.770018,0.46749109,,,,,,,,,,,,,,,,
2008-12-22,23.868776,15.4397019,12.5803604,120.590629,2.671661,3.334215881,71.424359,,,1.688885,1.6874069,0.692371,0.53315286,0.5639747,413.6645212,0.46889719,,,,,,,,,,,,,,,,
2008-12-23,23.737205,15.4415251,12.474634,117.216661,2.657395,3.316871998,70.434197,,,1.686537,1.6733412,0.674396,0.530582622,0.5578476,412.6887941,0.46592576,,,,,,,,,,,,,,,,
2008-12-24,23.735837,15.443274,12.4733351,117.203008,2.657083,3.316921633,70.432441,,,1.686287,1.673268,0.674287,0.530553347,0.5577922,412.6828867,0.46583137,,,,,,,,,,,,,,,,
2008-12-26,23.879111,15.4450622,12.4839804,118.90506,2.685393,3.352671967,70.160969,,,1.686972,1.6747953,0.680182,0.531995454,0.5635659,414.2003706,0.4661216,,,,,,,,,,,,,,,,
2008-12-29,23.86343,15.4484069,12.4176866,119.667333,2.685505,3.353260983,69.830881,,,1.694027,1.6659991,0.68137,0.527476997,0.5589478,413.8378987,0.4714999,,,,,,,,,,,,,,,,
2008-12-30,24.213469,15.4502301,12.6174778,121.565025,2.728879,3.407819543,70.3152,,,1.725922,1.6941777,0.689521,0.541031856,0.5619882,421.0757265,0.47708379,,,,,,,,,,,,,,,,
2008-12-31,24.212107,15.4522413,12.6256193,121.550919,2.728551,3.407869632,70.313741,,,1.725664,1.6941085,0.689039,0.541001412,0.5619324,421.0646137,0.4769884,,,,,,,,,,,,,,,,
2009-01-02,24.736685,15.4538066,12.9371865,130.054399,2.789983,3.484959259,72.498356,,,1.771353,1.7360268,0.736074,0.54569818,0.5656238,429.7574112,0.48735894,,,,,,,,,,,,,,,,
2009-01-05,24.876529,15.4554855,12.959748,133.13249,2.818958,3.521568647,72.475818,,,1.765679,1.7391587,0.754216,0.549234756,0.5628038,433.1520782,0.50028638,,,,,,,,,,,,,,,,
2009-01-06,25.281582,15.4571994,12.9822531,135.66898,2.864716,3.579129951,71.951903,,,1.798939,1.7422832,0.766692,0.557171122,0.575035,437.0184821,0.52100197,,,,,,,,,,,,,,,,
2009-01-07,24.967963,15.4587909,12.767868,130.495225,2.80854,3.509466592,70.839092,,,1.760098,1.7136213,0.740297,0.539065007,0.5667197,428.5245372,0.51965941,,,,,,,,,,,,,,,,
2009-01-08,25.276689,15.4602206,12.9954732,133.875206,2.840373,3.549677368,71.519111,,,1.783882,1.7442653,0.759908,0.546281869,0.5731456,431.9546347,0.53497447,,,,,,,,,,,,,,,,
2009-01-09,25.39912,15.4624023,12.9813943,133.006159,2.870325,3.58755695,71.151173,,,1.77756,1.7424812,0.753861,0.553896233,0.576482,433.6582914,0.5343924,,,,,,,,,,,,,,,,
2009-01-12,24.77367,15.4641687,12.600718,126.40838,2.803194,3.504229124,69.693225,,,1.722886,1.6915052,0.717737,0.534955394,0.5692592,417.7573162,0.51631461,,,,,,,,,,,,,,,,
2009-01-13,24.844595,15.4657864,12.7164787,126.533863,2.808694,3.511509477,70.264363,,,1.737272,1.7071404,0.719304,0.540547998,0.5730924,415.7543109,0.51390546,,,,,,,,,,,,,,,,
2009-01-14,24.262371,15.4675265,12.3550003,121.44449,2.734468,3.419271227,68.655648,,,1.680857,1.658739,0.690991,0.528184024,0.5619887,404.7649539,0.50823859,,,,,,,,,,,,,,,,
2009-01-15,24.486324,15.4690131,12.473838,124.65622,2.75363,3.443665817,69.963691,,,1.70196,1.6747849,0.712985,0.529522913,0.5564395,408.3388445,0.50886003,,,,,,,,,,,,,,,,
2009-01-16,24.631788,15.4707488,12.5385062,124.950629,2.784693,3.482948223,70.565966,,,1.719762,1.6835631,0.717405,0.54020552,0.5540309,409.7992231,0.51717954,,,,,,,,,,,,,,,,
2009-01-19,24.544996,15.4725021,12.4446091,123.75987,2.780873,3.478654099,69.727388,,,1.707681,1.6710651,0.708568,0.53598334,0.5529408,409.0218806,0.51495706,,,,,,,,,,,,,,,,
2009-01-20,24.103893,15.4741854,12.1805691,118.97611,2.742715,3.431440655,70.259877,,,1.680121,1.6357361,0.679605,0.526053453,0.5401073,404.0577588,0.49491149,,,,,,,,,,,,,,,,
2009-01-21,24.424561,15.4758949,12.341549,123.013337,2.789467,3.490335866,71.725799,,,1.690014,1.6574353,0.700374,0.535702125,0.5442459,407.573402,0.49612919,,,,,,,,,,,,,,,,
2009-01-22,24.313221,15.4774776,12.2677056,121.093976,2.777312,3.475621848,70.777473,,,1.674531,1.6476265,0.689755,0.535868217,0.5408102,406.5847655,0.49070678,,,,,,,,,,,,,,,,
2009-01-23,24.421337,15.4787018,12.344028,122.091936,2.778869,3.478039482,70.960709,,,1.679082,1.6579669,0.693197,0.536899032,0.5450183,408.5809616,0.49625304,,,,,,,,,,,,,,,,
2009-01-26,24.39803,15.479738,12.4004567,123.218677,2.777626,3.476963579,71.145335,,,1.673179,1.6656385,0.699879,0.539201322,0.5464533,407.2391886,0.49675096,,,,,,,,,,,,,,,,
2009-01-27,24.37427,15.480818,12.37115,123.693801,2.755814,3.450156853,71.466615,,,1.673723,1.6618063,0.703102,0.53596704,0.5516574,408.4756461,0.49845262,,,,,,,,,,,,,,,,
2009-01-28,24.777514,15.4821209,12.5704999,128.863219,2.808718,3.516795589,72.507769,,,1.715923,1.6886555,0.728454,0.548019039,0.5557971,419.1749318,0.50990846,,,,,,,,,,,,,,,,
2009-01-29,24.558772,15.4838479,12.4599491,126.837154,2.771041,3.470148293,72.109943,,,1.69281,1.6739026,0.717482,0.5416696,0.5475759,413.5636072,0.50159957,,,,,,,,,,,,,,,,
2009-01-30,24.496483,15.4849716,12.3972241,125.926442,2.771096,3.470684467,72.078776,,,1.697352,1.6655752,0.711682,0.541210403,0.5423222,414.3670814,0.50019776,,,,,,,,,,,,,,,,
2009-02-02,24.435589,15.4864319,12.3376227,124.067906,2.765816,3.464495861,71.464,,,1.696829,1.657667,0.701025,0.533307161,0.5420253,410.2661884,0.49792619,,,,,,,,,,,,,,,,
2009-02-03,24.57166,15.4875861,12.4340386,127.272533,2.790735,3.496097042,72.434465,,,1.712296,1.6707205,0.719083,0.542015332,0.5462564,407.568541,0.50088733,,,,,,,,,,,,,,,,
2009-02-04,24.564735,15.4891033,12.3683701,128.864299,2.801511,3.51003899,72.222227,,,1.716486,1.6619984,0.724593,0.544038151,0.5429601,406.1057068,0.51066692,,,,,,,,,,,,,,,,
2009-02-05,24.717511,15.4902575,12.5297932,131.989157,2.808243,3.518920421,72.823829,,,1.72658,1.6837865,0.741002,0.547864212,0.5447538,409.2601743,0.51851365,,,,,,,,,,,,,,,,
2009-02-06,25.030241,15.4914555,12.7675527,137.342752,2.852062,3.574231934,73.944901,,,1.754335,1.715832,0.767998,0.557359716,0.5451253,414.1515825,0.52180306,,,,,,,,,,,,,,,,
2009-02-09,24.998066,15.4927715,12.6740797,135.637033,2.830358,3.547525297,73.120209,,,1.745641,1.7033769,0.757702,0.557793541,0.5486227,410.5317767,0.52314343,,,,,,,,,,,,,,,,
2009-02-10,24.711442,15.4939171,12.5739307,133.271959,2.7805,3.485549489,72.5548,,,1.72849,1.6900241,0.743652,0.548452528,0.5440784,405.9510192,0.51887748,,,,,,,,,,,,,,,,
2009-02-11,24.806468,15.4950888,12.586233,132.626271,2.776636,3.481151921,72.354391,,,1.733619,1.6917788,0.739967,0.552098861,0.5467423,407.5039445,0.52167655,,,,,,,,,,,,,,,,
2009-02-12,24.796151,15.4963392,12.5404912,131.474823,2.761161,3.462219591,72.60849,,,1.732489,1.6857353,0.734089,0.549774456,0.5465636,410.0229301,0.51076806,,,,,,,,,,,,,,,,
2009-02-13,25.152005,15.497511,12.6986803,134.950012,2.828693,3.547267019,73.661688,,,1.769536,1.7070896,0.753413,0.559606463,0.5487724,417.0449241,0.51897301,,,,,,,,,,,,,,,,
2009-02-16,25.193109,15.4988926,12.7237139,135.526116,2.830449,3.549934668,73.664181,,,1.80943,1.7105557,0.75605,0.56297,0.5442168,434.7028709,0.51950261,,,,,,,,,,,,,,,,
2009-02-17,24.700285,15.4993211,12.4935764,129.305364,2.751777,3.451814114,72.366266,,,1.753481,1.6797396,0.722618,0.551284234,0.541388,420.7121134,0.50438392,,,,,,,,,,,,,,,,
2009-02-18,24.584256,15.5006021,12.5189363,129.181573,2.736466,3.433060551,72.315086,,,1.744729,1.6832479,0.720865,0.55231277,0.541139,421.0501733,0.49967217,,,,,,,,,,,,,,,,
2009-02-19,24.749217,15.5017826,12.6298556,129.54955,2.743537,3.44236597,72.685028,,,1.749015,1.6982513,0.722745,0.555319215,0.5409894,425.2546762,0.49980324,,,,,,,,,,,,,,,,
2009-02-20,24.470468,15.5033085,12.4754401,126.064268,2.713778,3.405509481,71.961349,,,1.728372,1.6775967,0.70469,0.546286317,0.5299682,422.5000947,0.49156251,,,,,,,,,,,,,,,,
2009-02-25,24.32398,15.5045327,12.3980226,125.244842,2.666138,3.346222351,71.642465,,,1.706479,1.6672967,0.696596,0.539859199,0.5306389,420.2617613,0.48388179,,,,,,,,,,,,,,,,
2009-02-26,24.302821,15.5058662,12.4063209,125.266305,2.650655,3.327236434,71.510843,,,1.70614,1.6685136,0.696243,0.539396226,0.5331469,422.9257364,0.4801071,,,,,,,,,,,,,,,,
2009-02-27,24.330317,15.5073615,12.4854177,125.20817,2.648275,3.324682431,71.976973,,,1.699603,1.6792545,0.696603,0.53693847,0.534236,423.1156634,0.47721512,,,,,,,,,,,,,,,,
2009-03-02,23.470842,15.5087169,12.0785666,119.054211,2.551489,3.203705028,69.602215,,,1.63813,1.6246259,0.662263,0.515473978,0.5205294,412.4240565,0.45921559,,,,,,,,,,,,,,,,
2009-03-03,23.572865,15.5100198,12.0896818,119.277187,2.571059,3.228642135,70.227574,,,1.644634,1.6262189,0.665487,0.515151612,0.5209938,415.2999546,0.46410662,,,,,,,,,,,,,,,,
2009-03-04,23.988184,15.5112266,12.2775489,125.476049,2.616536,3.286100537,71.160943,,,1.669175,1.6515844,0.700744,0.534711068,0.5328591,427.4376662,0.47539575,,,,,,,,,,,,,,,,
2009-03-05,23.600711,15.5123633,12.1147348,122.782085,2.568739,3.226559171,69.960758,,,1.650415,1.6297862,0.681583,0.521876239,0.5215058,418.7889655,0.46610516,,,,,,,,,,,,,,,,
2009-03-06,23.502597,15.4738574,12.1537187,122.425138,2.557309,3.212620149,70.581497,,,1.651168,1.6351277,0.677908,0.523821366,0.5154413,423.9594101,0.46449655,,,,,,,,,,,,,,,,
2009-03-09,23.305095,15.4064383,12.0570879,121.295861,2.519179,3.165165212,70.2516,,,1.638758,1.6222299,0.670746,0.519614149,0.5060022,419.1021435,0.46226909,,,,,,,,,,,,,,,,
2009-03-10,23.812676,15.4121965,12.4555558,127.835546,2.596494,3.262640607,72.129978,,,1.683768,1.67592,0.70634,0.540963942,0.5100553,424.2527771,0.47298295,,,,,,,,,,,,,,,,
2009-03-11,23.834646,0.0,12.4169244,127.866495,2.591763,3.257151294,72.093998,,,1.671932,1.6708252,0.706477,0.537086945,0.5073069,424.6897312,0.47228719,,,,,,,,,,,,,,,,
2009-03-12,24.009939,0.0,12.4717536,129.343379,2.60352,3.27232632,72.609734,,,1.679762,1.6783005,0.712071,0.539348937,0.5148892,426.6588428,0.47284273,,,,,,,,,,,,,,,,
2009-03-13,23.951316,0.0,12.4634995,129.086555,2.597602,3.265310156,72.329006,,,1.677345,1.6772915,0.709248,0.535304681,0.5155847,428.6463832,0.47374182,,,,,,,,,,,,,,,,
2009-03-16,24.027988,0.0,12.410583,128.064965,2.592859,3.25976557,71.996117,,,1.675723,1.6702753,0.702635,0.531192837,0.5162807,428.8701854,0.47380725,,,,,,,,,,,,,,,,
2009-03-17,24.328633,0.0,12.5905222,131.09413,2.633698,3.31147871,73.128014,,,1.703856,1.6945779,0.719372,0.521777599,0.5134949,428.477015,0.47741799,,,,,,,,,,,,,,,,
2009-03-18,24.678319,0.0,12.7673079,133.049037,2.669838,3.357307245,74.115203,,,1.731318,1.718458,0.730826,0.531493894,0.512293,427.2559124,0.4823488,,,,,,,,,,,,,,,,
2009-03-19,24.823879,0.0,12.7820845,133.624554,2.663787,3.350135047,74.429142,,,1.731762,1.7205489,0.734869,0.539682061,0.5158622,428.8244283,0.49192468,,,,,,,,,,,,,,,,
2009-03-20,24.80925,0.0,12.6914202,132.323848,2.657503,3.342660582,74.181735,,,1.723567,1.7084586,0.728593,0.537385406,0.5226623,427.9613086,0.48952893,,,,,,,,,,,,,,,,
2009-03-23,25.805003,0.0,13.1561096,140.272462,2.758775,3.470358268,76.759224,,,1.787221,1.77106,0.769023,0.55346096,0.532127,435.8320612,0.50942488,,,,,,,,,,,,,,,,
2009-03-24,25.305966,,12.9648508,136.992072,2.718448,3.420124673,75.075409,,,1.754981,1.745443,0.750453,0.547383577,0.5338393,433.8790518,0.50352829,,,,,,,,,,,,,,,,
2009-03-25,25.315983,,12.9780759,137.789169,2.715427,3.416753294,75.425671,,,1.758147,1.7473268,0.756076,0.550479918,0.5356105,431.7538254,0.50560561,,,,,,,,,,,,,,,,
2009-03-26,25.619057,,13.1749114,140.059106,2.767544,3.482706017,76.487387,,,1.788581,1.7739056,0.769798,0.563055995,0.534614,436.0930589,0.51436702,,,,,,,,,,,,,,,,
2009-03-27,25.494958,,13.0975691,137.907735,2.730149,3.43612124,75.799454,,,1.778401,1.7636101,0.75792,0.569106671,0.5301598,433.0673983,0.51078978,,,,,,,,,,,,,,,,
2009-03-30,24.995974,,12.8449085,133.900478,2.678004,3.370956463,74.338871,,,1.755568,1.7296892,0.735698,0.554690001,0.5207954,426.8105962,0.49593159,,,,,,,,,,,,,,,,
2009-03-31,25.156513,,13.012795,134.816844,2.705765,3.406265887,74.985469,,,1.757758,1.7524045,0.740024,0.555531058,0.5241176,429.3333814,0.49159434,,,,,,,,,,,,,,,,
2009-04-01,25.609798,,13.2147788,137.890915,2.751125,3.46373501,76.375074,,,1.795251,1.7797119,0.757227,0.561161295,0.5302289,435.9389482,0.5022394,,,,,,,,,,,,,,,,
2009-04-02,26.510461,,13.4517787,143.023331,2.835925,3.570857672,78.596387,,,1.862204,1.8117344,0.788776,0.582661127,0.5460559,448.7489371,0.51820714,,,,,,,,,,,,,,,,
2009-04-03,27.093179,,13.6673634,145.082134,2.885277,3.633413244,80.288091,,,1.896252,1.8408749,0.800141,0.600341485,0.5503068,453.1266176,0.52409211,,,,,,,,,,,,,,,,
2009-04-06,27.122151,,13.6318502,144.594792,2.881972,3.629722977,80.37761,,,1.894012,1.836203,0.797258,0.598400504,0.5572927,453.8281164,0.52444599,,,,,,,,,,,,,,,,
2009-04-07,27.170316,,13.6415272,143.052602,2.908451,3.663504911,79.779702,,,1.902657,1.8376164,0.791073,0.601231672,0.5574581,456.4180267,0.5177896,,,,,,,,,,,,,,,,
2009-04-08,27.638293,,13.775033,143.612046,2.985833,3.761391088,80.313053,,,1.925215,1.8557057,0.798062,0.613375874,0.564331,462.0854794,0.52992504,,,,,,,,,,,,,,,,
2009-04-09,28.180221,,13.9826974,148.400559,3.041134,3.831491662,81.623399,,,1.963407,1.8837829,0.822702,0.629807537,0.5745711,470.1833174,0.55086297,,,,,,,,,,,,,,,,
2009-04-13,28.363519,,13.9882874,149.184301,3.071386,3.870071879,81.932428,,,1.975254,1.8846487,0.829655,0.624266891,0.5859027,476.9336809,0.55166148,,,,,,,,,,,,,,,,
2009-04-14,28.014507,,13.8830774,147.290905,3.065635,3.863325563,81.2737,,,1.964533,1.8705931,0.819492,0.620401038,0.5771318,474.210909,0.54838137,,,,,,,,,,,,,,,,
2009-04-15,28.170416,,13.9255309,146.718867,3.103585,3.911608892,81.795265,,,1.972872,1.8764225,0.817636,0.62887082,0.5793159,482.8026894,0.55407953,,,,,,,,,,,,,,,,
2009-04-16,28.601812,,14.1742185,148.775567,3.163821,3.987981174,84.140983,,,1.992671,1.9100258,0.830953,0.647250913,0.5892244,495.7953469,0.56047454,,,,,,,,,,,,,,,,
2009-04-17,28.410275,,14.2035292,147.897903,3.169457,3.995593571,83.934023,,,1.987622,1.9140876,0.826846,0.653021116,0.5943074,499.7621881,0.56778006,,,,,,,,,,,,,,,,
2009-04-20,27.965437,,13.9586728,144.081618,3.119055,3.932599789,81.557047,,,1.955552,1.8812276,0.80413,0.637899735,0.5957215,492.3474701,0.56083001,,,,,,,,,,,,,,,,
2009-04-22,28.58297,,14.1399614,144.814195,3.185814,4.017208113,83.853783,,,1.995874,1.9057548,0.811097,0.643707618,0.599529,502.9712938,0.56776797,,,,,,,,,,,,,,,,
2009-04-23,29.16417,,14.3616611,148.004094,3.22172,4.062974691,85.73295,,,2.023385,1.9357259,0.827192,0.655580184,0.6025342,512.1413327,0.5664943,,,,,,,,,,,,,,,,
2009-04-24,30.23674,,14.738355,149.878247,3.31872,4.185745653,89.112408,,,2.098028,1.9865716,0.845783,0.663752254,0.6200905,529.4641582,0.57927276,,,,,,,,,,,,,,,,
2009-04-27,30.233994,,14.6181259,146.72506,3.308766,4.173740448,88.567187,,,2.099325,1.9704995,0.82903,0.664351111,0.6273191,528.1075801,0.57714006,,,,,,,,,,,,,,,,
2009-04-28,30.307295,,14.7291359,147.356055,3.315329,4.182537803,89.123612,,,2.117994,1.9855675,0.830724,0.664166419,0.6389298,528.7405828,0.58311772,,,,,,,,,,,,,,,,
2009-04-29,31.497156,,15.1774265,152.088154,3.423306,4.319202299,91.951757,,,2.191061,2.0461291,0.856879,0.68562061,0.64386,539.9466755,0.60575961,,,,,,,,,,,,,,,,
2009-04-30,31.901667,,15.1591285,152.396961,3.447177,4.34986801,92.810307,,,2.203227,2.043785,0.859319,0.666769453,0.641417,545.3452457,0.61962041,,,,,,,,,,,,,,,,
2009-05-04,33.452642,,15.7445444,161.32808,3.592297,4.533404566,97.523528,,,2.295032,2.1228384,0.911849,0.683612328,0.6685228,561.2205006,0.64741233,,,,,,,,,,,,,,,,
2009-05-05,33.445063,,15.651496,162.061717,3.576357,4.513872268,96.868953,,,2.295254,2.1104208,0.915155,0.686641832,0.6598265,565.1901503,0.65694782,,,,,,,,,,,,,,,,
2009-05-06,33.907912,,15.8229091,163.69138,3.617999,4.566972582,97.194434,,,2.312922,2.1336581,0.927664,0.695897377,0.6696579,568.6938538,0.66009207,,,,,,,,,,,,,,,,
2009-05-07,33.295221,,15.5601056,158.960728,3.562694,4.497808419,95.143155,,,2.292086,2.0983541,0.902874,0.721193105,0.6676801,566.9084756,0.65057235,,,,,,,,,,,,,,,,
2009-05-08,34.409495,,15.8984223,162.559095,3.67223,4.636570554,97.445424,,,2.347012,2.1440932,0.925692,0.747331746,0.6870979,584.7180936,0.67160118,,,,,,,,,,,,,,,,
2009-05-11,33.724584,,15.7735784,161.110381,3.622757,4.574743558,96.740038,,,2.308208,2.12739,0.917519,0.753803196,0.6896039,586.4531018,0.66020314,,,,,,,,,,,,,,,,
2009-05-12,33.510182,,15.782079,159.195129,3.598804,4.545082416,95.527237,,,2.304018,2.1286638,0.909332,0.747190974,0.6833096,579.3284472,0.65360731,,,,,,,,,,,,,,,,
2009-05-13,32.566406,,15.4361817,154.714079,3.497148,4.417344831,92.773369,,,2.253136,2.0821564,0.881001,0.743773712,0.6720575,573.3413532,0.64135039,,,,,,,,,,,,,,,,
2009-05-14,33.23283,,15.6396779,156.732378,3.58411,4.527657614,95.065519,,,2.301643,2.1097175,0.894595,0.735863929,0.672676,585.3387156,0.6466102,,,,,,,,,,,,,,,,
2009-05-15,33.372341,,15.64503,155.478646,3.587821,4.532923166,95.035275,,,2.303682,2.1105657,0.886681,0.722014227,0.6786597,589.6290131,0.63998121,,,,,,,,,,,,,,,,
2009-05-18,35.013377,,16.2130592,162.544483,3.730201,4.71326482,100.225533,,,2.399757,2.1872761,0.929928,0.757073214,0.7009863,605.9625968,0.65682908,,,,,,,,,,,,,,,,
2009-05-19,34.821823,,16.1675464,162.146836,3.719488,4.700348749,100.264016,,,2.405738,2.1812711,0.926798,0.742152617,0.7000949,613.6363503,0.65548052,,,,,,,,,,,,,,,,
2009-05-20,34.307347,,16.1356838,162.541917,3.701631,4.678387551,98.594884,,,2.390161,2.1771061,0.925921,0.723678153,0.6975023,610.4860729,0.64965318,,,,,,,,,,,,,,,,
2009-05-21,33.355307,,15.8971954,159.520097,3.633672,4.593131881,95.587366,,,2.344779,2.1450828,0.907582,0.716326029,0.6855263,595.8954649,0.63667891,,,,,,,,,,,,,,,,
2009-05-22,33.789006,,16.0410281,160.838244,3.690402,4.665363081,97.122239,,,2.374308,2.1646035,0.916399,0.732546389,0.6892268,602.8226677,0.64382132,,,,,,,,,,,,,,,,
2009-05-25,34.033129,,16.1091594,161.429909,3.727072,4.712285644,97.850685,,,2.389023,2.173919,0.92002,0.754291057,0.6917788,606.6714264,0.65097298,,,,,,,,,,,,,,,,
2009-05-26,34.635673,,16.2482334,164.508348,3.760267,4.754825595,99.870324,,,2.416146,2.1927998,0.937042,0.743195989,0.6997204,606.5216556,0.65556457,,,,,,,,,,,,,,,,
2009-05-27,34.860252,,16.3201997,164.261731,3.75798,4.752534964,99.574681,,,2.428099,2.202634,0.937442,0.738577691,0.6979664,606.3379947,0.65721019,,,,,,,,,,,,,,,,
2009-05-28,35.491644,,16.5348713,167.649485,3.805339,4.812989352,101.655279,,,2.460664,2.2317448,0.959052,0.745179671,0.7089569,611.8854957,0.66938022,,,,,,,,,,,,,,,,
2009-05-29,35.493322,,16.6223408,167.618837,3.819653,4.831690529,101.443372,,,2.469313,2.2436391,0.960011,0.754641665,0.71602,615.0605602,0.67733471,,,,,,,,,,,,,,,,
2009-06-01,35.833394,,16.7229749,171.355065,3.89161,4.923257356,103.58441,,,2.49591,2.2574057,0.982245,0.775645027,0.7308518,628.637386,0.69321402,,,,,,,,,,,,,,,,
2009-06-02,35.463326,,16.6578599,168.740448,3.895125,4.928313065,103.165626,,,2.491534,2.248752,0.970995,0.791031443,0.7286183,636.013913,0.6958851,,,,,,,,,,,,,,,,
2009-06-03,34.437233,,16.1956563,163.453954,3.798056,4.806176343,99.938554,,,2.440052,2.1864987,0.937659,0.780913391,0.7193729,627.351288,0.68277994,,,,,,,,,,,,,,,,
2009-06-04,35.278504,,16.4496369,166.812478,3.886588,4.918723687,103.755758,,,2.487924,2.2209123,0.961477,0.793551176,0.7596171,637.1663387,0.7021769,,,,,,,,,,,,,,,,
2009-06-05,35.403603,,16.3996109,166.485387,3.881748,4.913220374,103.458097,,,2.496258,2.2142931,0.959705,0.794762748,0.7654446,644.3670342,0.70703321,,,,,,,,,,,,,,,,
2009-06-08,35.19344,,16.4362911,166.994575,3.873396,4.903258639,102.88352,,,2.492072,2.2193771,0.964782,0.797609359,0.7652097,642.3027161,0.70542324,,,,,,,,,,,,,,,,
2009-06-09,35.212604,,16.3509356,165.793609,3.852152,4.876986707,102.750215,,,2.491692,2.207989,0.955957,0.799834327,0.7593167,640.1893875,0.70383025,,,,,,,,,,,,,,,,
2009-06-10,35.296789,,16.4056215,166.833276,3.850481,4.877340087,101.639966,,,2.498263,2.215503,0.961846,0.78646296,0.7549558,640.6462822,0.70699145,,,,,,,,,,,,,,,,
2009-06-12,35.530406,,16.623928,167.560907,3.884279,4.920725595,102.072493,,,2.518139,2.2451029,0.965194,0.781034485,0.7546522,644.7723085,0.70605616,,,,,,,,,,,,,,,,
2009-06-15,34.670038,,16.2591326,163.615676,3.787633,4.798972352,98.355872,,,2.468614,2.1959974,0.939344,0.761679988,0.7393034,634.5080817,0.68695222,,,,,,,,,,,,,,,,
2009-06-16,34.715491,,16.2012667,161.168044,3.77576,4.784513314,97.548881,,,2.461064,2.1883184,0.923314,0.747243403,0.7380473,629.1880666,0.68445672,,,,,,,,,,,,,,,,
2009-06-17,34.828785,,16.1954165,160.202442,3.770505,4.778445821,97.962625,,,2.450965,2.18766,0.920041,0.740971171,0.7366091,626.219727,0.68081824,,,,,,,,,,,,,,,,
2009-06-18,34.902761,,16.1036808,159.485842,3.811049,4.830381762,98.887914,,,2.459525,2.1754087,0.915849,0.750331215,0.7411212,630.2454938,0.68300588,,,,,,,,,,,,,,,,
2009-06-19,35.400975,,16.2748842,160.914388,3.882324,4.921276146,99.978301,,,2.490419,2.1986482,0.924798,0.762099944,0.7411897,637.2616048,0.69484699,,,,,,,,,,,,,,,,
2009-06-22,34.371439,,15.9251568,156.035104,3.763758,4.77167827,95.509509,,,2.439223,2.1515738,0.895103,0.732540302,0.7228317,620.8134527,0.67404936,,,,,,,,,,,,,,,,
2009-06-23,34.474979,,16.056723,156.3844,3.787048,4.801756978,95.603561,,,2.451099,2.1694616,0.899243,0.735549896,0.7290134,626.594064,0.67744969,,,,,,,,,,,,,,,,
2009-06-24,34.662547,,16.1941645,155.532839,3.828366,4.854711043,96.375886,,,2.473711,2.1881435,0.89717,0.747501595,0.7299177,626.4560841,0.68174709,,,,,,,,,,,,,,,,
2009-06-25,35.361767,,16.4764787,160.459229,3.875908,4.915567745,98.343105,,,2.507756,2.226382,0.926367,0.772106965,0.7385329,631.0405421,0.69154153,,,,,,,,,,,,,,,,
2009-06-26,35.359261,,16.5202052,160.532153,3.887868,4.931336497,98.621198,,,2.505506,2.2324176,0.924146,0.762225464,0.7348444,631.9643741,0.69678282,,,,,,,,,,,,,,,,
2009-06-29,35.882962,,16.7040388,162.524357,3.933614,4.988094473,98.91544,,,2.536997,2.2573978,0.939596,0.765839768,0.7390147,638.6133135,0.70211624,,,,,,,,,,,,,,,,
2009-06-30,35.648153,,16.6907321,160.891382,3.922587,4.974743035,97.388318,,,2.526463,2.2557349,0.929204,0.75110016,0.7448698,644.2945154,0.69879165,,,,,,,,,,,,,,,,
2009-07-01,35.918772,,16.7747379,160.765702,3.956273,5.018058025,98.47611,,,2.538278,2.2672245,0.931459,0.75197908,0.7422481,645.5454894,0.69339781,,,,,,,,,,,,,,,,
2009-07-02,35.948414,,16.745972,159.287505,3.977641,5.045773478,98.579136,,,2.543756,2.2634729,0.923451,0.762616233,0.7462162,646.3774821,0.68813944,,,,,,,,,,,,,,,,
2009-07-03,36.086851,,16.8448813,158.725816,3.985861,5.056827917,98.665273,,,2.557749,2.2769761,0.92284,0.778737254,0.7486113,652.4428178,0.69303617,,,,,,,,,,,,,,,,
2009-07-06,36.239801,,16.8200181,157.578693,3.995441,5.069626216,99.070348,,,2.566,2.2737525,0.916662,0.773924768,0.7471269,649.1151654,0.69026347,,,,,,,,,,,,,,,,
2009-07-07,35.994983,,16.6314971,154.151087,3.95207,5.015252816,98.220507,,,2.546203,2.2484107,0.895075,0.769353398,0.747574,650.0230026,0.6905184,,,,,,,,,,,,,,,,
2009-07-08,36.033339,,16.616093,153.636188,3.939184,4.999566113,97.329761,,,2.544804,2.2464637,0.890691,0.770494555,0.7440502,653.1716887,0.68391229,,,,,,,,,,,,,,,,
2009-07-09,36.030818,,16.6142961,153.61673,3.938768,4.999655082,97.318267,,,2.544418,2.2463556,0.890552,0.770484674,0.7440022,653.1570012,0.68376247,,,,,,,,,,,,,,,,
2009-07-10,36.406718,,16.7432105,153.92364,3.952211,5.017327974,98.065227,,,2.567955,2.2639132,0.892918,0.765668742,0.7457031,654.344872,0.68628531,,,,,,,,,,,,,,,,
2009-07-13,36.698539,,16.7597323,154.278431,3.933214,4.993844874,99.302515,,,2.572829,2.2662819,0.893899,0.765846451,0.7486316,653.4164789,0.68940451,,,,,,,,,,,,,,,,
2009-07-14,36.493479,,16.6559003,152.960271,3.9253,4.984413753,99.668736,,,2.553191,2.2523848,0.887071,0.766784718,0.7405835,652.4046645,0.68937469,,,,,,,,,,,,,,,,
2009-07-15,37.288319,,17.0185103,159.447946,4.032521,5.121116637,103.903699,,,2.607904,2.3015268,0.927597,0.787226216,0.7537215,667.3963388,0.69946205,,,,,,,,,,,,,,,,
2009-07-16,37.693657,,17.1820557,160.842483,4.078712,5.180399356,105.16781,,,2.640958,2.323768,0.940262,0.79345104,0.7528772,677.2369759,0.70261688,,,,,,,,,,,,,,,,
2009-07-17,37.64686,,17.1451209,161.534152,4.081224,5.184232083,105.306354,,,2.636949,2.3189155,0.941867,0.798964655,0.7498313,676.1050381,0.70708199,,,,,,,,,,,,,,,,
2009-07-20,38.493053,,17.4546387,164.897223,4.163938,5.28989292,108.327922,,,2.690663,2.360886,0.962423,0.824424821,0.7570811,689.1978398,0.71275393,,,,,,,,,,,,,,,,
2009-07-21,38.506348,,17.4431373,164.703034,4.149434,5.272141381,108.660966,,,2.698764,2.359473,0.962116,0.826744581,0.759487,689.037844,0.71416438,,,,,,,,,,,,,,,,
2009-07-22,38.367027,,17.3321271,163.738365,4.155723,5.280778017,108.251914,,,2.688018,2.3446112,0.957866,0.821127087,0.7519158,686.6142667,0.70633576,,,,,,,,,,,,,,,,
2009-07-23,39.076646,,17.5198155,167.21519,4.224261,5.368507298,109.849796,,,2.738205,2.3701179,0.978347,0.809542449,0.7715229,703.5643027,0.71636411,,,,,,,,,,,,,,,,
2009-07-24,39.534233,,17.6235021,167.917222,4.280214,5.440258045,111.135059,,,2.77678,2.3842732,0.982566,0.809053655,0.782839,713.406653,0.73134171,,,,,,,,,,,,,,,,
2009-07-27,39.704956,,17.6996268,167.882848,4.336479,5.51241992,112.921128,,,2.79686,2.3947043,0.982552,0.809120946,0.7882625,718.9337187,0.74054903,,,,,,,,,,,,,,,,
2009-07-28,39.975593,,17.8113459,167.27086,4.354067,5.535458661,113.354629,,,2.81376,2.4099466,0.981689,0.808682977,0.7843975,716.6558338,0.7352181,,,,,,,,,,,,,,,,
2009-07-29,39.819411,,17.7247698,164.957479,4.335345,5.512351504,113.356237,,,2.7986,2.39839,0.968153,0.809926291,0.78543,720.2385374,0.74581631,,,,,,,,,,,,,,,,
2009-07-30,40.445076,,17.9258646,166.882099,4.379185,5.568744391,115.866945,,,2.83514,2.4257497,0.97874,0.82384536,0.8050829,735.6291996,0.76016427,,,,,,,,,,,,,,,,
2009-07-31,41.274001,,18.1029047,167.680201,4.46536,5.678970355,117.142941,,,2.884777,2.4498555,0.983954,0.841866757,0.8204634,755.7862875,0.76375008,,,,,,,,,,,,,,,,
2009-08-03,42.064891,,18.4419295,171.266561,4.540834,5.775612534,120.28087,,,2.934177,2.4958854,1.005471,0.863256474,0.8407268,764.770893,0.77239246,,,,,,,,,,,,,,,,
2009-08-04,42.344101,,18.5449906,170.84529,4.564117,5.805925333,121.198761,,,2.951481,2.5099823,1.004799,0.873679568,0.851988,769.9647729,0.77756648,,,,,,,,,,,,,,,,
2009-08-05,42.600183,,18.6861902,172.052297,4.596875,5.848299494,122.088397,,,2.964272,2.5292413,1.009964,0.888682177,0.8544142,771.9451438,0.78432679,,,,,,,,,,,,,,,,
2009-08-06,42.231947,,18.4548019,170.621993,4.539744,5.776380926,120.998557,,,2.937499,2.4980792,0.997756,0.892645429,0.8558332,772.7505574,0.79245261,,,,,,,,,,,,,,,,
2009-08-07,42.571781,,18.5837236,172.355163,4.571663,5.817685447,122.246549,,,2.96084,2.5156759,1.007859,0.894235333,0.8675291,776.8134316,0.79774706,,,,,,,,,,,,,,,,
2009-08-10,42.827412,,18.8965751,173.469945,4.585958,5.836593882,124.560798,,,2.976803,2.5581648,1.016391,0.906869324,0.8783101,782.6036173,0.80424606,,,,,,,,,,,,,,,,
2009-08-11,42.480515,,18.6743153,169.755664,4.55215,5.794310385,123.159916,,,2.952598,2.5282397,0.998338,0.906868195,0.8637024,778.5948419,0.79819917,,,,,,,,,,,,,,,,
2009-08-12,42.729229,,18.8577389,171.654053,4.566842,5.8137184,123.695631,,,2.968877,2.5532139,1.012739,0.916217434,0.8738371,786.7622798,0.80507308,,,,,,,,,,,,,,,,
2009-08-13,42.462276,,18.7830612,172.437332,4.552747,5.796500477,123.486152,,,2.951152,2.5432607,1.019913,0.907602865,0.8691181,783.9714458,0.80525048,,,,,,,,,,,,,,,,
2009-08-14,41.977213,,18.6158043,171.545774,4.510203,5.743113139,121.286934,,,2.9183,2.5207781,1.012784,0.894678148,0.8583265,773.5776413,0.80895532,,,,,,,,,,,,,,,,
2009-08-17,41.426161,,18.3138684,167.394645,4.435751,5.649050012,118.650091,,,2.879905,2.480068,0.987295,0.867908474,0.8468191,761.9360067,0.80144159,,,,,,,,,,,,,,,,
2009-08-18,42.418118,,18.4954002,168.772119,4.538896,5.781037415,121.411689,,,2.946317,2.5047834,0.993114,0.887092616,0.861381,773.9500205,0.81821676,,,,,,,,,,,,,,,,
2009-08-19,42.761443,,18.5447155,170.124325,4.56472,5.814633909,121.896228,,,2.967033,2.5116088,0.999643,0.879288958,0.8579926,783.4697363,0.82138842,,,,,,,,,,,,,,,,
2009-08-20,42.912589,,18.6062868,171.954672,4.621261,5.887346236,123.262042,,,2.97511,2.5200932,1.009717,0.87677095,0.8678676,788.7108636,0.8285615,,,,,,,,,,,,,,,,
2009-08-21,43.738945,,19.0218587,174.333182,4.686867,5.97161781,126.358118,,,3.030127,2.5764854,1.027446,0.882241355,0.8767474,803.3882694,0.84565976,,,,,,,,,,,,,,,,
2009-08-24,43.525492,,18.9558893,174.281811,4.704002,5.994184143,125.294896,,,3.018105,2.5677134,1.026626,0.876923007,0.8772635,804.830848,0.84905319,,,,,,,,,,,,,,,,
2009-08-25,43.547735,,18.7798661,173.825478,4.712197,6.005366211,123.92476,,,3.023997,2.5440453,1.02056,0.872920249,0.8790086,810.411181,0.84976253,,,,,,,,,,,,,,,,
2009-08-26,43.84308,,18.8800271,174.692183,4.737389,6.038200178,125.136353,,,3.041893,2.5577525,1.026949,0.88688381,0.8865738,816.6434173,0.85655804,,,,,,,,,,,,,,,,
2009-08-27,43.739912,,18.8366931,174.181072,4.750682,6.055878809,125.903477,,,3.038788,2.5520411,1.025298,0.897967384,0.8941816,820.4470332,0.85844423,,,,,,,,,,,,,,,,
2009-08-28,43.92881,,18.8360357,174.335486,4.789772,6.106437752,126.894509,,,3.051044,2.5521051,1.026053,0.916277854,0.8967071,820.8827441,0.85911422,,,,,,,,,,,,,,,,
2009-08-31,43.442992,,18.7028743,170.784426,4.758707,6.067608311,124.899507,,,3.021784,2.534214,1.00366,0.905441206,0.8905397,814.4633468,0.84835687,,,,,,,,,,,,,,,,
2009-09-01,42.736733,,18.4626054,168.890716,4.69551,5.987789922,122.893494,,,2.973929,2.5018081,0.992815,0.889961834,0.8885128,802.9560859,0.83833068,,,,,,,,,,,,,,,,
2009-09-02,42.541369,,18.3088589,168.106632,4.671746,5.958210121,121.645492,,,2.960765,2.4811258,0.985802,0.892383833,0.8904801,800.4925984,0.84017682,,,,,,,,,,,,,,,,
2009-09-03,42.850181,,18.3912494,168.758359,4.698962,5.993638243,123.349403,,,2.982029,2.4924383,0.991445,0.914368037,0.8915365,799.7821627,0.84313175,,,,,,,,,,,,,,,,
2009-09-04,43.5474,,18.5989344,171.496127,4.765734,6.079510469,125.241952,,,3.027825,2.5207286,1.008531,0.929144029,0.8936412,809.521747,0.86508943,,,,,,,,,,,,,,,,
2009-09-08,44.52343,,19.0480351,174.882257,4.866863,6.209221082,128.096271,,,3.096784,2.5817319,1.030614,0.9610935,0.9050581,823.8408319,0.87813596,,,,,,,,,,,,,,,,
2009-09-09,44.724626,,19.0859335,175.684963,4.909915,6.264905019,127.265353,,,3.112848,2.5870221,1.032284,0.953056195,0.9025947,827.1604086,0.87913717,,,,,,,,,,,,,,,,
2009-09-10,44.866349,,19.1517272,177.600852,4.955714,6.324096978,128.378404,,,3.121734,2.5960926,1.044448,0.96582094,0.9025198,827.9655256,0.87539239,,,,,,,,,,,,,,,,
2009-09-11,44.928777,,19.0718005,177.081865,4.95298,6.321391799,127.740806,,,3.122577,2.5854195,1.04118,0.970444762,0.8994708,831.8560417,0.87051745,,,,,,,,,,,,,,,,
2009-09-14,45.484637,,19.2216976,178.286764,5.015963,6.402517513,129.845584,,,3.159405,2.6058871,1.05055,0.982818696,0.902604,832.973839,0.87553562,,,,,,,,,,,,,,,,
2009-09-15,45.733756,,19.3119931,179.949307,5.034167,6.426552858,130.487206,,,3.178172,2.61828,1.057685,0.979441294,0.9011897,836.6633082,0.87564282,,,,,,,,,,,,,,,,
2009-09-16,46.022929,,19.5035981,183.07639,5.073771,6.477879946,132.657605,,,3.198313,2.6444009,1.076529,0.988503433,0.9040508,846.4847167,0.8855393,,,,,,,,,,,,,,,,
2009-09-17,46.018126,,19.4597275,182.749823,5.042616,6.438928044,131.871839,,,3.197495,2.6386172,1.073438,0.974921711,0.9126401,845.6694032,0.88279551,,,,,,,,,,,,,,,,
2009-09-18,46.242612,,19.6293263,184.24528,5.046394,6.444532865,133.452563,,,3.209392,2.6617579,1.083238,0.997052604,0.9148523,846.9794779,0.88715217,,,,,,,,,,,,,,,,
2009-09-21,46.483171,,19.6733316,184.842216,5.057739,6.459813984,133.979123,,,3.227925,2.6678824,1.088147,1.000960331,0.9175247,855.7855722,0.89350096,,,,,,,,,,,,,,,,
2009-09-22,46.67684,,19.6840537,186.137767,5.098261,6.51234562,135.283266,,,3.240568,2.6694973,1.096398,1.010547679,0.9219743,862.664271,0.8953743,,,,,,,,,,,,,,,,
2009-09-23,46.124419,,19.3835957,183.507076,5.015636,6.407652229,132.658345,,,3.202185,2.628946,1.07756,0.995370611,0.9192662,855.5382899,0.88999531,,,,,,,,,,,,,,,,
2009-09-24,46.137986,,19.4053391,181.869346,5.015162,6.407819831,132.321524,,,3.20043,2.6320496,1.069817,1.001749782,0.9285025,854.3163098,0.88973311,,,,,,,,,,,,,,,,
2009-09-25,46.459892,,19.4372589,182.66921,5.037201,6.436752613,133.454495,,,3.219399,2.6365323,1.07473,1.006843705,0.9252464,855.8211421,0.89125442,,,,,,,,,,,,,,,,
2009-09-28,47.053527,,19.5483247,185.84142,5.094079,6.510193199,134.366543,,,3.262144,2.6517398,1.091586,1.007252749,0.9308449,863.3695207,0.90327106,,,,,,,,,,,,,,,,
2009-09-29,46.771097,,19.4967265,186.347136,5.04914,6.453585893,134.217341,,,3.248873,2.6448982,1.091094,1.007903115,0.9262721,860.1506969,0.90079022,,,,,,,,,,,,,,,,
2009-09-30,47.102699,,19.6112106,187.64122,5.064261,6.473682931,134.708267,,,3.277696,2.6605894,1.096872,1.018712351,0.9354402,868.3496279,0.91266696,,,,,,,,,,,,,,,,
2009-10-01,46.802738,,19.4854749,185.197891,5.007883,6.402436724,132.681047,,,3.26021,2.6436897,1.07791,1.025920886,0.9327971,864.0280459,0.90652994,,,,,,,,,,,,,,,,
2009-10-02,47.112556,,19.6844812,186.974427,5.042941,6.4480199,134.778081,,,3.281398,2.6708468,1.090043,1.029837965,0.935342,870.9674755,0.9122992,,,,,,,,,,,,,,,,
2009-10-05,48.083726,,20.2376674,189.964728,5.138491,6.570957246,138.084553,,,3.35135,2.7460561,1.110624,1.042150876,0.9400648,891.4704562,0.92556842,,,,,,,,,,,,,,,,
2009-10-06,48.494259,,20.4947463,190.639631,5.192805,6.641214962,139.430325,,,3.381821,2.7810978,1.115892,1.04898596,0.9507185,902.3616756,0.93525313,,,,,,,,,,,,,,,,
2009-10-07,48.699364,,20.4639797,189.994938,5.221244,6.678471498,140.350037,,,3.398862,2.7770903,1.116231,1.062360084,0.9526214,909.1489668,0.93583662,,,,,,,,,,,,,,,,
2009-10-08,49.207138,,20.6852635,193.432098,5.316275,6.800815679,142.552782,,,3.434565,2.8072781,1.134051,1.089613862,0.9592912,912.0274732,0.9527402,,,,,,,,,,,,,,,,
2009-10-09,49.357106,,20.792199,194.549252,5.355195,6.85145047,142.57024,,,3.443043,2.8219541,1.139202,1.097396148,0.9636275,909.4871723,0.95444914,,,,,,,,,,,,,,,,
2009-10-13,49.872027,,21.0141997,195.593012,5.420413,6.935720276,145.231986,,,3.478321,2.8522418,1.149013,1.116984151,0.9657062,915.3393175,0.96203913,,,,,,,,,,,,,,,,
2009-10-14,50.357509,,21.2992249,200.047229,5.495839,7.033072343,146.71361,,,3.508958,2.8910818,1.17622,1.113714075,0.967638,916.9509697,0.97510853,,,,,,,,,,,,,,,,
2009-10-15,50.359082,,21.4769557,201.459955,5.503399,7.043628744,147.679479,,,3.508323,2.9153676,1.186782,1.105590794,0.9698986,913.857388,0.97400165,,,,,,,,,,,,,,,,
2009-10-16,50.387718,,21.3830866,200.209411,5.518521,7.063857157,147.160802,,,3.507666,2.9028069,1.1764,1.104596935,0.9695156,917.9808895,0.97119955,,,,,,,,,,,,,,,,
2009-10-19,50.964687,,21.5932553,203.460981,5.578434,7.141400731,148.253988,,,3.549597,2.9314943,1.194074,1.125835653,0.9745395,924.9834503,0.9848507,,,,,,,,,,,,,,,,
2009-10-20,49.380006,,20.8626139,198.110599,5.395327,6.90796761,143.098012,,,3.440552,2.8325433,1.161538,1.11465847,0.9572776,899.7824131,0.9592666,,,,,,,,,,,,,,,,
2009-10-21,49.491339,,21.0070653,198.087771,5.428716,6.951540663,143.265587,,,3.446432,2.8523106,1.165558,1.120109869,0.9644177,907.7236031,0.96163125,,,,,,,,,,,,,,,,
2009-10-22,49.645772,,21.0551253,200.392762,5.450391,6.980152398,143.734816,,,3.457597,2.8590016,1.17608,1.111611054,0.96518,917.2632259,0.97079638,,,,,,,,,,,,,,,,
2009-10-23,49.315859,,20.8590415,197.792685,5.409952,6.92925135,142.356377,,,3.436958,2.83257,1.158882,1.110144448,0.9651183,912.6342333,0.96722411,,,,,,,,,,,,,,,,
2009-10-26,49.048531,,20.7447686,198.072883,5.392473,6.90772939,141.611958,,,3.417805,2.8172361,1.162893,1.094250088,0.9567141,907.7685674,0.96412537,,,,,,,,,,,,,,,,
2009-10-27,48.061816,,20.4186573,192.934262,5.247632,6.723113943,136.917698,,,3.343877,2.7731613,1.129442,1.068921398,0.938144,893.7437906,0.95194786,,,,,,,,,,,,,,,,
2009-10-28,46.107708,,19.5924745,184.418599,5.014607,6.425496881,129.060614,,,3.207138,2.6612394,1.076661,1.027886104,0.9194922,863.159141,0.92238794,,,,,,,,,,,,,,,,
2009-10-29,47.763943,,20.4732203,194.441576,5.258371,6.738480676,137.012167,,,3.323006,2.7810621,1.138936,1.078197816,0.9519889,890.2339451,0.96112593,,,,,,,,,,,,,,,,
2009-10-30,47.503659,,20.0611224,188.454761,5.172356,6.62914523,134.690063,,,3.304986,2.725239,1.100259,1.069220411,0.9506458,882.6722511,0.94483947,,,,,,,,,,,,,,,,
2009-11-03,47.73894,,20.2677955,192.385701,5.193407,6.656915049,135.173119,,,3.322062,2.7534822,1.122376,1.066213117,0.9620617,889.7925063,0.95081929,,,,,,,,,,,,,,,,
2009-11-04,48.788591,,20.7080131,195.705556,5.287104,6.777795494,138.658263,,,3.398369,2.8134504,1.145564,1.086518945,0.996021,906.2509932,0.96574616,,,,,,,,,,,,,,,,
2009-11-05,49.235526,,20.9447147,198.025314,5.367441,6.881598364,140.861107,,,3.429648,2.8457747,1.162292,1.086640241,1.0071039,913.0684874,0.97027338,,,,,,,,,,,,,,,,
2009-11-06,49.298998,,20.9969806,197.121547,5.398542,6.922331951,141.214336,,,3.433405,2.8530455,1.158544,1.091953413,1.0110749,917.166288,0.97274604,,,,,,,,,,,,,,,,
2009-11-09,50.397034,,21.514161,202.085543,5.523628,7.08352842,145.407867,,,3.513789,2.9234752,1.189175,1.127295067,1.0282653,939.7522706,0.98628131,,,,,,,,,,,,,,,,
2009-11-10,50.199915,,21.5226694,202.562777,5.496313,7.049409434,144.126788,,,3.496158,2.9248065,1.192158,1.117248431,1.0292876,935.4519868,0.98656544,,,,,,,,,,,,,,,,
2009-11-11,50.172242,,21.5438812,203.144565,5.477711,7.026430546,143.617685,,,3.496696,2.9278636,1.192179,1.106656875,1.0317602,936.9368973,0.98594052,,,,,,,,,,,,,,,,
2009-11-12,49.350884,,21.0908,197.242931,5.397757,6.924773376,140.502187,,,3.442729,2.8664887,1.158361,1.087671882,1.0218494,923.9828456,0.97035507,,,,,,,,,,,,,,,,
2009-11-13,50.084887,,21.3491948,199.955726,5.503015,7.060592838,142.843975,,,3.495399,2.9017633,1.175853,1.100101609,1.0309255,937.2983828,0.98608924,,,,,,,,,,,,,,,,
2009-11-16,50.439649,,21.6021448,203.358611,5.603212,7.189982358,145.362638,,,3.52162,2.9363,1.19759,1.116883603,1.0243062,952.7199129,0.99030078,,,,,,,,,,,,,,,,
2009-11-17,50.193701,,21.6552355,205.757879,5.596834,7.182709204,146.12526,,,3.506701,2.9436881,1.21132,1.123053745,1.0151366,954.818062,0.99253888,,,,,,,,,,,,,,,,
2009-11-18,49.953583,,21.4919576,203.428782,5.530064,7.097940888,144.197263,,,3.492972,2.9216832,1.19586,1.118757527,1.0131078,948.1012648,0.99235279,,,,,,,,,,,,,,,,
2009-11-19,49.808596,,21.3933703,202.253521,5.562989,7.141049367,144.500655,,,3.479685,2.9084651,1.193419,1.119002476,1.0096608,949.3631607,0.99608835,,,,,,,,,,,,,,,,
2009-11-20,49.804794,,21.3910923,202.229098,5.562372,7.141140044,144.483532,,,3.479147,2.9083297,1.193227,1.119039971,1.0096791,949.3602799,0.99603165,,,,,,,,,,,,,,,,
2009-11-23,50.187399,,21.56097,203.573044,5.615752,7.21052787,146.104844,,,3.506555,2.9315814,1.202909,1.130218953,1.0109439,953.7405044,1.0003332,,,,,,,,,,,,,,,,
2009-11-24,50.305023,,21.7341222,205.261823,5.617825,7.214086135,147.46962,,,3.510009,2.9552793,1.212383,1.136333372,1.0069583,953.1647459,1.00019184,,,,,,,,,,,,,,,,
2009-11-25,50.779341,,21.8540897,207.538697,5.646423,7.251684699,148.409555,,,3.54519,2.9717535,1.222446,1.157080168,1.0124325,954.8013909,1.00867034,,,,,,,,,,,,,,,,
2009-11-26,50.281773,,21.4299799,202.439252,5.593479,7.184613173,145.348633,,,3.510295,2.9143166,1.196152,1.148049788,1.0036947,949.8604816,0.99225251,,,,,,,,,,,,,,,,
2009-11-27,50.432361,,21.5960202,204.820751,5.632941,7.236156813,146.130967,,,3.521122,2.9370744,1.207604,1.147989606,1.011499,957.9072099,0.99551415,,,,,,,,,,,,,,,,
2009-11-30,51.0745,,21.7887879,204.796389,5.713771,7.340844291,148.848592,,,3.565144,2.9634687,1.207134,1.178447147,1.0149433,965.4085095,1.0058991,,,,,,,,,,,,,,,,
2009-12-01,51.823806,,22.1206546,209.618024,5.764971,7.407502693,151.045313,,,3.61819,3.0087831,1.23167,1.182485126,1.0249384,975.2557107,1.02550703,,,,,,,,,,,,,,,,
2009-12-02,52.151086,,22.3284117,210.000471,5.814089,7.471500533,153.047408,,,3.639437,3.0372201,1.233639,1.185804347,1.0184832,978.5033768,1.02799734,,,,,,,,,,,,,,,,
2009-12-03,52.034482,,22.1392405,208.666804,5.785556,7.435789043,152.874776,,,3.628414,3.0116727,1.228085,1.186946726,1.0177967,975.6010363,1.02678644,,,,,,,,,,,,,,,,
2009-12-04,51.762651,,22.1689711,206.792839,5.77609,7.424545962,151.673656,,,3.610329,3.0158965,1.214183,1.185377539,1.0125259,971.0263555,1.02173771,,,,,,,,,,,,,,,,
2009-12-07,52.111145,,22.394589,209.19553,5.827318,7.491285798,154.13146,,,3.63795,3.0467631,1.228485,1.203127199,1.0191514,983.6866322,1.03427362,,,,,,,,,,,,,,,,
2009-12-08,51.751484,,22.216434,206.656757,5.78876,7.442674821,152.4689,,,3.609805,3.0227145,1.21539,1.200580502,1.0093434,980.3086437,1.02700526,,,,,,,,,,,,,,,,
2009-12-09,51.564483,,22.153752,206.987318,5.78183,7.434681746,151.103023,,,3.594878,3.0143699,1.220501,1.20081873,1.0096988,975.5578361,1.02547071,,,,,,,,,,,,,,,,
2009-12-10,52.267487,,22.3510305,209.021251,5.855156,7.52984234,152.327365,,,3.645752,3.0413819,1.234074,1.195478629,1.0213013,986.1000076,1.03505602,,,,,,,,,,,,,,,,
2009-12-11,52.406545,,22.4454392,210.281679,5.858811,7.535486355,153.444495,,,3.65732,3.0544042,1.242644,1.199229353,1.0213774,990.147339,1.03851912,,,,,,,,,,,,,,,,
2009-12-14,52.306779,,22.4477775,210.218317,5.843823,7.517143747,152.391494,,,3.649653,3.0549048,1.243015,1.198460623,1.0256439,991.5425841,1.04263263,,,,,,,,,,,,,,,,
2009-12-15,52.047943,,22.4645478,210.112287,5.813657,7.479280871,152.218665,,,3.628679,3.0573683,1.242354,1.199303562,1.0290482,986.6190034,1.04292948,,,,,,,,,,,,,,,,
2009-12-16,52.20707,,22.476094,208.173463,5.803597,7.467260444,151.870982,,,3.641858,3.0591214,1.231812,1.190383867,1.0362425,988.562656,1.04715116,,,,,,,,,,,,,,,,
2009-12-17,51.761276,,22.2057449,203.877301,5.745506,7.393468988,149.135697,,,3.60894,3.0225341,1.205489,1.178823595,1.0266087,985.4100588,1.03680462,,,,,,,,,,,,,,,,
2009-12-18,51.972044,,22.2263046,203.136001,5.733559,7.379003866,148.925127,,,3.624896,3.025511,1.20026,1.183972003,1.0376688,990.8010001,1.04050284,,,,,,,,,,,,,,,,
2009-12-21,51.968695,,22.2404077,200.710007,5.725752,7.369864305,148.184896,,,3.628848,3.0276099,1.187099,1.17837056,1.043766,988.360345,1.04137946,,,,,,,,,,,,,,,,
2009-12-22,52.835076,,22.5517451,204.305359,5.821174,7.493531451,151.861295,,,3.688508,3.0701355,1.211257,1.185281141,1.0523206,1001.6347284,1.05460746,,,,,,,,,,,,,,,,
2009-12-23,53.14,,22.7137577,204.5027,5.841627,7.520789636,152.942617,,,3.707664,3.0923541,1.213209,1.200243524,1.0587598,1003.0192717,1.0554053,,,,,,,,,,,,,,,,
2009-12-24,53.13625,,22.7113448,204.478144,5.841041,7.520963509,152.924533,,,3.70706,3.0922106,1.213023,1.200233748,1.0585931,1003.0145669,1.0553179,,,,,,,,,,,,,,,,
2009-12-28,53.336848,,22.8028602,205.531286,5.864388,7.5519473,153.295546,,,3.719499,3.1048422,1.217428,1.205999126,1.0574757,1003.5879367,1.05121749,,,,,,,,,,,,,,,,
2009-12-29,53.404731,,22.8285563,206.88833,5.883093,7.576955746,154.009711,,,3.724734,3.1085227,1.223919,1.220024289,1.0614243,1000.6934935,1.05201966,,,,,,,,,,,,,,,,
2009-12-30,54.378669,,23.1349295,207.779089,5.962971,7.680719134,156.135713,,,3.790988,3.1504322,1.227864,1.244284993,1.0676767,1023.3692523,1.07020593,,,,,,,,,,,,,,,,
2009-12-31,54.374811,,23.1325063,207.754109,5.962319,7.68083805,156.11772,,,3.790419,3.1502909,1.227327,1.244277869,1.0676183,1023.3638958,1.07012702,,,,,,,,,,,,,,,,
2010-01-04,54.517673,,23.313573,212.356519,6.015206,7.74987116,157.996478,,,3.803016,3.1751384,1.253946,1.250163953,1.0783959,1033.472003,1.08170094,,,,,,,,,,,,,,,,
2010-01-05,54.538887,,23.3589113,212.716833,5.992037,7.720992335,158.480195,,,3.807121,3.1815032,1.258932,1.254058405,1.0785971,1037.6722543,1.0825928,,,,,,,,,,,,,,,,
2010-01-06,54.859052,,23.6047219,214.174839,6.080821,7.83629718,160.575893,,,3.826761,3.2151703,1.269256,1.274603428,1.0941424,1048.8892957,1.08864141,,,,,,,,,,,,,,,,
2010-01-07,54.663424,,23.5398477,213.623454,6.084113,7.841527798,160.441522,,,3.808649,3.206528,1.264577,1.283908494,1.1006327,1045.8546913,1.08554483,,,,,,,,,,,,,,,,
2010-01-08,54.994888,,23.5876618,213.184897,6.103107,7.867032435,161.929106,,,3.833343,3.2132319,1.263979,1.295391745,1.1184717,1051.8568927,1.09743741,,,,,,,,,,,,,,,,
2010-01-11,55.247995,,23.7457939,213.326922,6.156906,7.937326634,163.012807,,,3.852628,3.2349601,1.266498,1.298747375,1.1235658,1054.622325,1.10236386,,,,,,,,,,,,,,,,
2010-01-12,55.470094,,23.8011869,212.462663,6.173184,7.959293763,163.374945,,,3.86984,3.2426978,1.260309,1.301275586,1.1392357,1059.4862381,1.1069481,,,,,,,,,,,,,,,,
2010-01-13,55.671459,,23.8395802,213.055308,6.184049,7.974282531,163.630893,,,3.881935,3.2481208,1.264633,1.326351485,1.13733,1069.5114804,1.11944461,,,,,,,,,,,,,,,,
2010-01-14,55.492873,,23.7423396,211.379154,6.149975,7.931349961,161.667807,,,3.866071,3.2350724,1.251414,1.340475469,1.134401,1065.4452562,1.11456061,,,,,,,,,,,,,,,,
2010-01-15,55.330778,,23.5112711,209.363055,6.113663,7.885512908,160.020437,,,3.855424,3.2037974,1.237121,1.330972909,1.1402638,1067.399121,1.11450511,,,,,,,,,,,,,,,,
2010-01-18,55.691463,,23.6041366,211.191174,6.143895,7.925455888,161.338444,,,3.881039,3.2166365,1.245429,1.341159539,1.1594695,1072.5273812,1.12003169,,,,,,,,,,,,,,,,
2010-01-19,56.106442,,23.8530132,212.370668,6.194714,7.991972716,162.856521,,,3.906557,3.2507233,1.252251,1.353451334,1.1677929,1082.350307,1.12510934,,,,,,,,,,,,,,,,
2010-01-20,55.311817,,23.5348613,207.381169,6.09848,7.868861871,160.534186,,,3.853077,3.2075892,1.225056,1.344409729,1.1532644,1068.3967969,1.10595929,,,,,,,,,,,,,,,,
2010-01-21,54.175338,,22.9236713,201.997885,5.935713,7.659897736,155.102608,,,3.775487,3.1245439,1.191956,1.316476178,1.1357561,1045.1517278,1.07753687,,,,,,,,,,,,,,,,
2010-01-22,54.313276,,22.8838974,202.146452,5.936957,7.662420587,154.908867,,,3.784383,3.1193142,1.19029,1.309787095,1.1373424,1047.7555427,1.08337428,,,,,,,,,,,,,,,,
2010-01-25,54.309248,,22.8811469,202.117279,5.936362,7.662599484,154.890804,,,3.783814,3.1191554,1.190103,1.309855289,1.1373376,1047.7430342,1.08332267,,,,,,,,,,,,,,,,
2010-01-26,53.893081,,22.6399492,199.873248,5.877785,7.587956571,153.704389,,,3.751092,3.0864932,1.178302,1.296048213,1.1250323,1041.5285765,1.07022062,,,,,,,,,,,,,,,,
2010-01-27,53.439457,,22.3752371,198.489588,5.799171,7.487432097,151.796403,,,3.721919,3.0506266,1.171659,1.293147855,1.1167982,1032.8091902,1.05003327,,,,,,,,,,,,,,,,
2010-01-28,53.121178,,22.2656281,200.659755,5.774124,7.456009666,151.31394,,,3.704143,3.0358627,1.180313,1.283819588,1.1226943,1031.821865,1.0514012,,,,,,,,,,,,,,,,
2010-01-29,53.112768,,22.4142862,199.436362,5.829013,7.527772711,151.405934,,,3.704732,3.0563168,1.175897,1.285588577,1.1333372,1036.1594192,1.06132123,,,,,,,,,,,,,,,,
2010-02-01,53.738612,,22.6539685,202.495343,5.895754,7.614845246,152.352525,,,3.744629,3.0891847,1.193427,1.296471717,1.1453326,1047.5640748,1.0734232,,,,,,,,,,,,,,,,
2010-02-02,54.397239,,23.0577001,203.962564,5.972666,7.715069145,155.144464,,,3.788373,3.1444218,1.201092,1.324671254,1.1568795,1054.5395736,1.08818548,,,,,,,,,,,,,,,,
2010-02-03,54.55946,,23.1090671,203.890441,5.961334,7.701379349,157.04199,,,3.804852,3.1516146,1.199118,1.358419454,1.1481809,1050.5741714,1.09194288,,,,,,,,,,,,,,,,
2010-02-04,52.76173,,22.1779571,194.814464,5.722043,7.393288378,149.789622,,,3.677981,3.0248397,1.147532,1.310187088,1.1191845,1022.1068539,1.0580419,,,,,,,,,,,,,,,,
2010-02-05,51.388102,,21.6968061,190.893591,5.588482,7.221642707,147.148851,,,3.585006,2.9594125,1.127615,1.286068715,1.0954918,990.3087652,1.03422529,,,,,,,,,,,,,,,,
2010-02-08,52.010335,,21.9015307,191.670293,5.645008,7.295511017,148.148139,,,3.623731,2.9875057,1.131478,1.291868714,1.1101696,1000.653345,1.03091229,,,,,,,,,,,,,,,,
2010-02-09,53.072381,,22.3786217,196.541894,5.77871,7.46910887,152.284018,,,3.69616,3.0527397,1.158614,1.321832939,1.1159358,1022.0853651,1.05745539,,,,,,,,,,,,,,,,
2010-02-10,53.531796,,22.5584713,197.690497,5.814895,7.51678001,153.826652,,,3.728328,3.0774465,1.162914,1.321211051,1.1217644,1030.0439227,1.05852144,,,,,,,,,,,,,,,,
2010-02-11,53.950907,,22.8808167,200.846173,5.888735,7.613108376,155.856374,,,3.756121,3.1215851,1.182029,1.333588434,1.1357238,1044.8695911,1.05820181,,,,,,,,,,,,,,,,
2010-02-12,53.854312,,22.7823166,200.298609,5.85224,7.566879554,154.895714,,,3.74951,3.1083409,1.178944,1.336679065,1.1322087,1037.0595278,1.05826207,,,,,,,,,,,,,,,,
2010-02-17,54.701761,,23.1830412,204.152666,5.945247,7.688007782,157.531795,,,3.804991,3.1631691,1.202573,1.362014675,1.1552136,1052.6395666,1.06989976,,,,,,,,,,,,,,,,
2010-02-18,54.829786,,23.2323713,205.784365,5.954686,7.701162248,158.00644,,,3.815541,3.1700853,1.211667,1.376605175,1.1554512,1050.3500477,1.07068108,,,,,,,,,,,,,,,,
2010-02-19,55.006753,,23.2463278,204.707286,5.935679,7.677531104,157.509314,,,3.826169,3.1721784,1.20592,1.398021155,1.1594724,1056.4988964,1.07249109,10.0,,,,,,,,,,,,,,,
2010-02-22,54.728124,,23.0482949,203.360966,5.923751,7.663039797,157.286339,,,3.805284,3.1453652,1.198073,1.390349866,1.1546535,1053.6659328,1.06863355,9.827658,,,,,,,,,,,,,,,
2010-02-23,53.688959,,22.4853778,199.974607,5.826734,7.538517698,154.428864,,,3.736349,3.0687955,1.178803,1.353694337,1.1474786,1041.2822288,1.04333603,9.621552,,,,,,,,,,,,,,,
2010-02-24,53.597563,,22.5247093,199.013628,5.800796,7.50587595,153.850306,,,3.730599,3.0743426,1.172848,1.353476917,1.1425136,1037.2690696,1.03489974,9.630009,,,,,,,,,,,,,,,
2010-02-25,53.361524,,22.477579,199.755572,5.804983,7.512200186,152.899779,,,3.709471,3.0680937,1.178905,1.346576129,1.1446375,1038.6432358,1.02751271,9.574083,,,,,,,,,,,,,,,
2010-02-26,53.562349,,22.5635422,201.34364,5.85082,7.572408109,154.201753,,,3.723773,3.0800124,1.187925,1.34624132,1.160741,1043.6749856,1.02922916,9.572341,,,,,,,,,,,,,,,
2010-03-01,53.984104,,22.7631433,203.15154,5.894596,7.629960157,155.446052,,,3.751435,3.1074438,1.197787,1.349564979,1.1631405,1048.3193786,1.04204913,9.752026,,,,,,,,,,,,,,,
2010-03-02,54.311685,,22.9554953,204.674131,5.933009,7.680587386,155.85465,,,3.772968,3.1338871,1.206673,1.352903151,1.1677879,1053.2258377,1.04944413,9.804907,,,,,,,,,,,,,,,
2010-03-03,54.105485,,22.9107233,204.629638,5.880913,7.614103785,154.051061,,,3.75497,3.1279634,1.20564,1.350508468,1.1646087,1054.5118989,1.04174216,9.687323,,,,,,,,,,,,,,,
2010-03-04,53.803226,,22.8398949,204.796891,5.840915,7.563247556,152.310663,,,3.734765,3.1184825,1.20803,1.354034577,1.1561595,1051.1707165,1.04406561,9.683621,,,,,,,,,,,,,,,
2010-03-05,54.178864,,22.8635349,207.686351,5.834791,7.55622324,152.332332,,,3.758676,3.1218964,1.224251,1.375104646,1.1591499,1049.6320991,1.05666296,9.683721,,,,,,,,,,,,,,,
2010-03-08,54.127566,,22.7043974,207.020368,5.829724,7.550573835,151.828259,,,3.75775,3.1003605,1.219721,1.370607573,1.1594013,1053.2455085,1.06259401,9.686746,,,,,,,,,,,,,,,
2010-03-09,54.508484,,22.9146009,209.768281,5.888832,7.628005949,153.161363,,,3.783888,3.12924,1.237221,1.383535098,1.1593868,1063.3462,1.07347871,9.773122,,,,,,,,,,,,,,,
2010-03-10,54.81583,,23.049705,210.9984,5.918662,7.667554418,154.454817,,,3.80565,3.1478698,1.24452,1.396120507,1.1605234,1060.9461878,1.07652523,9.955269,,,,,,,,,,,,,,,
2010-03-11,54.844123,,23.1088944,210.898693,5.908186,7.654913869,155.158599,,,3.808865,3.156138,1.240433,1.400930716,1.155839,1057.009955,1.08753835,9.92416,,,,,,,,,,,,,,,
2010-03-12,54.508201,,22.9467674,209.477606,5.859332,7.592560782,153.979109,,,3.786704,3.1341961,1.234949,1.391025358,1.1581011,1053.2346401,1.08147601,9.904627,,,,,,,,,,,,,,,
2010-03-15,54.182719,,22.6996794,208.763478,5.798254,7.514353667,152.02894,,,3.765958,3.1006554,1.227671,1.376348238,1.1496814,1054.0331224,1.07790016,9.843427,,,,,,,,,,,,,,,
2010-03-16,54.524234,,22.7147579,211.36395,5.85005,7.58234372,153.291321,,,3.794713,3.1028994,1.242136,1.394719651,1.1604921,1060.5478208,1.08599977,9.935354,,,,,,,,,,,,,,,
2010-03-17,54.265501,,22.7006297,210.430935,5.835554,7.564475049,152.120672,,,3.777416,3.1011567,1.239125,1.381673108,1.15989,1055.2581835,1.08877558,9.889562,,,,,,,,,,,,,,,
2010-03-18,54.311245,,22.8820988,210.002087,5.849349,7.583257468,151.910188,,,3.779675,3.1261136,1.236611,1.371512937,1.1615579,1054.5810699,1.09036843,9.899765,,,,,,,,,,,,,,,
2010-03-19,54.01843,,22.7481477,207.321917,5.822735,7.549682418,150.660935,,,3.760155,3.108016,1.221619,1.367096312,1.1588272,1048.6772285,1.08144484,9.865914,,,,,,,,,,,,,,,
2010-03-22,53.859408,,22.6461122,208.210714,5.805441,7.528171719,149.932314,,,3.747377,3.0942739,1.225253,1.358766367,1.1528327,1041.0676692,1.07985188,9.809701,,,,,,,,,,,,,,,
2010-03-23,54.120006,,22.7388522,208.428272,5.808996,7.533683047,151.170201,,,3.769078,3.1071185,1.231356,1.378737953,1.1550865,1043.0123395,1.08618234,9.858421,,,,,,,,,,,,,,,
2010-03-24,53.803122,,22.4125712,207.353195,5.752992,7.461990125,149.825697,,,3.747643,3.062766,1.226331,1.366473581,1.1546548,1038.3942,1.08041145,9.761336,,,,,,,,,,,,,,,
2010-03-25,53.765987,,22.3811607,206.022523,5.758031,7.469411752,148.791001,,,3.74653,3.0586617,1.219251,1.362366857,1.1618783,1037.8466427,1.07745379,9.771921,,,,,,,,,,,,,,,
2010-03-26,53.441166,,22.3891484,206.632804,5.733962,7.439096934,149.186841,,,3.729517,3.0599351,1.223117,1.355498213,1.1592509,1029.7695711,1.07905536,9.773454,,,,,,,,,,,,,,,
2010-03-29,53.544969,,22.5268429,209.621097,5.714961,7.415322635,151.466674,,,3.735877,3.078914,1.241117,1.371295743,1.1643675,1033.9653859,1.08699817,9.806626,,,,,,,,,,,,,,,
2010-03-30,53.048326,,22.4063971,209.926947,5.679381,7.370066669,150.347658,,,3.700833,3.0626346,1.239987,1.372305526,1.1613583,1032.9083671,1.09537906,9.744303,,,,,,,,,,,,,,,
2010-03-31,53.396476,,22.4967282,211.334137,5.697577,7.394546499,150.539416,,,3.7217,3.075166,1.244487,1.371899519,1.1577361,1039.1233763,1.09455328,9.754893,,,,,,,,,,,,,,,
2010-04-01,53.757489,,22.6707153,213.583306,5.72937,7.436678554,151.629478,,,3.745038,3.0991331,1.257796,1.374089416,1.1671834,1044.5093244,1.10648949,9.899134,,,,,,,,,,,,,,,
2010-04-05,53.573535,,22.6661002,214.195269,5.733376,7.442774593,152.166878,,,3.732216,3.0986879,1.261037,1.372200053,1.1712324,1045.4281727,1.10393745,9.874592,,,,,,,,,,,,,,,
2010-04-06,53.43777,,22.7279533,213.942496,5.721946,7.428818333,151.77815,,,3.726666,3.1073284,1.257996,1.373900246,1.1743774,1046.7914541,1.11494088,9.885238,,,,,,,,,,,,,,,
2010-04-07,53.431826,,22.6988485,213.563525,5.719265,7.42622739,151.275642,,,3.722679,3.103536,1.253604,1.375621167,1.1697012,1042.4294024,1.10941378,9.901113,,,,,,,,,,,,,,,
2010-04-08,54.029206,,22.9233485,216.448893,5.785485,7.513061701,152.681762,,,3.762518,3.1344101,1.26938,1.389378799,1.174952,1052.3190454,1.12597647,9.979621,,,,,,,,,,,,,,,
2010-04-09,53.996583,,22.804629,215.334166,5.761586,7.482957192,151.654485,,,3.754088,3.1183693,1.262368,1.382440728,1.1705978,1051.8940627,1.12457042,9.922029,,,,,,,,,,,,,,,
2010-04-12,53.715091,,22.6681595,212.613194,5.72149,7.43180396,150.964172,,,3.74051,3.0999012,1.249603,1.389673333,1.168683,1045.0551299,1.11968615,9.925047,,,,,,,,,,,,,,,
2010-04-13,53.721303,,22.6984561,212.507037,5.720137,7.430937296,152.107149,,,3.738432,3.1042282,1.254434,1.40243164,1.1660633,1041.1978141,1.12521444,9.961505,,,,,,,,,,,,,,,
2010-04-14,54.2086,,22.8663575,213.497472,5.774207,7.50203709,153.984931,,,3.773768,3.1273654,1.260472,1.413609523,1.174744,1046.7111148,1.12865445,10.049908,,,,,,,,,,,,,,,
2010-04-15,54.606984,,22.9007275,212.152245,5.775173,7.504201883,153.389841,,,3.801084,3.1322508,1.254005,1.416977814,1.1800559,1047.9060237,1.13119617,10.101883,,,,,,,,,,,,,,,
2010-04-16,54.049074,,22.546333,208.472804,5.683694,7.386298246,151.927468,,,3.763933,3.0839943,1.232677,1.399356362,1.1630382,1042.6218622,1.1222744,10.033936,,,,,,,,,,,,,,,
2010-04-19,53.756239,,22.5038697,207.80948,5.631675,7.319604378,150.444733,,,3.739217,3.0783743,1.227909,1.398640815,1.1532324,1041.0780363,1.11505987,9.983697,,,,,,,,,,,,,,,
2010-04-20,54.132168,,22.5410566,208.985843,5.651901,7.346755724,150.932312,,,3.764064,3.0836418,1.23242,1.401888068,1.1548639,1047.3522233,1.11336032,10.037478,,,,,,,,,,,,,,,
2010-04-22,54.211548,,22.623152,208.626985,5.688175,7.39477197,150.170564,,,3.768106,3.0950484,1.232415,1.39535267,1.1554076,1043.9439971,1.11591424,10.109702,,,,,,,,,,,,,,,
2010-04-23,54.26396,,22.6247683,209.161656,5.682194,7.387898693,150.831848,,,3.775682,3.0954545,1.233864,1.40074552,1.1537728,1040.3077584,1.1218149,10.184488,,,,,,,,,,,,,,,
2010-04-26,53.975795,,22.5012918,206.983287,5.662687,7.36343906,149.887961,,,3.755047,3.078761,1.222076,1.401966558,1.150733,1039.4682108,1.11561864,10.105565,,,,,,,,,,,,,,,
2010-04-27,52.900986,,22.030912,200.134418,5.553497,7.222398148,144.993375,,,3.681787,3.0146464,1.18172,1.380568928,1.1409,1026.49366,1.09236583,9.980731,,,,,,,,,,,,,,,
2010-04-28,52.525042,,21.9747651,200.6122,5.545615,7.213009948,144.203978,,,3.655856,3.0071517,1.182059,1.382677417,1.1412014,1018.1829555,1.08751937,9.93634,,,,,,,,,,,,,,,
2010-04-29,53.192925,,22.2304162,204.473824,5.601231,7.286171305,145.682581,,,3.696552,3.0423215,1.20507,1.401402,1.1569366,1026.2050671,1.10255837,10.098629,,,,,,,,,,,,,,,
2010-04-30,53.677898,,22.3005932,203.611581,5.664857,7.369781967,145.837536,,,3.728684,3.0521086,1.199934,1.393723017,1.1606179,1028.5587765,1.09617549,10.18833,,,,,,,,,,,,,,,
2010-05-03,53.73464,,22.3739964,200.90365,5.701927,7.418875812,145.407645,,,3.731228,3.0623378,1.191578,1.395014802,1.1642669,1030.3614004,1.09102869,10.217781,,,,,,,,,,,,,,,
2010-05-04,52.697737,,21.8519594,194.284957,5.560823,7.236274698,140.792199,,,3.663304,2.9910734,1.151805,1.381097268,1.1470519,1019.1687951,1.07189931,10.142511,,,,,,,,,,,,,,,
2010-05-05,52.406223,,21.73406,195.021564,5.504047,7.16328165,139.934703,,,3.641792,2.9751165,1.153569,1.371934919,1.1316885,1002.6078222,1.06892881,10.071984,,,,,,,,,,,,,,,
2010-05-06,51.065952,,21.1526015,191.803926,5.322882,6.928482728,135.569586,,,3.539509,2.8957143,1.129853,1.329579834,1.1158599,974.224572,1.03885721,9.868739,,,,,,,,,,,,,,,
2010-05-07,50.05194,,20.771906,190.075116,5.2254,6.802472102,132.027684,,,3.463891,2.8437845,1.114744,1.283588576,1.1045396,960.398522,1.01958842,9.679381,,,,,,,,,,,,,,,
2010-05-10,52.206355,,21.6070463,197.23346,5.485468,7.141645316,139.126739,,,3.61393,2.9582551,1.162896,1.346583592,1.1373326,994.3685917,1.06993271,10.041055,,,,,,,,,,,,,,,
2010-05-11,51.990683,,21.4400282,194.316739,5.443608,7.088068064,136.16749,,,3.596078,2.9355737,1.147211,1.33278867,1.1353807,996.9551329,1.0505504,10.029748,,,,,,,,,,,,,,,
2010-05-12,52.144991,,21.6932195,196.141462,5.555742,7.234847527,138.193902,,,3.612784,2.9704021,1.159787,1.354314425,1.1445945,1009.8229935,1.05540329,10.074032,,,,,,,,,,,,,,,
2010-05-13,51.761222,,21.6545042,194.636895,5.492578,7.153530508,137.068615,,,3.584377,2.9652813,1.14882,1.352541401,1.145731,1012.4044406,1.05399266,10.033712,,,,,,,,,,,,,,,
2010-05-14,50.414877,,21.1233641,191.314814,5.320558,6.930468356,133.228823,,,3.490615,2.8927654,1.12351,1.32386896,1.125678,992.6830322,1.03186208,9.856298,,,,,,,,,,,,,,,
2010-05-17,50.183108,,20.922441,189.885677,5.265704,6.859870726,131.123921,,,3.476099,2.8654397,1.109007,1.309907834,1.1238651,985.0309693,1.02580022,9.811145,,,,,,,,,,,,,,,
2010-05-18,49.237383,,20.4450954,184.711877,5.123802,6.675937384,127.23262,,,3.409388,2.8002804,1.077031,1.273339894,1.1020425,965.6227991,1.00690431,9.606242,,,,,,,,,,,,,,,
2010-05-19,47.609761,,20.0072201,180.412934,5.018542,6.539654328,123.908985,,,3.293048,2.7405193,1.055221,1.231396461,1.0657535,940.5954321,0.97925073,9.350159,,,,,,,,,,,,,,,
2010-05-20,46.582081,,19.4678045,175.621121,4.961455,6.46608191,120.446357,,,3.221456,2.6668562,1.026032,1.199899204,1.0421196,923.5906946,0.94705352,9.105393,,,,,,,,,,,,,,,
2010-05-21,48.11849,,20.0249501,181.700887,5.145187,6.706141119,124.676041,,,3.332292,2.7432681,1.061948,1.238797787,1.0564576,945.3829763,0.98349356,9.274484,,,,,,,,,,,,,,,
2010-05-24,48.184251,,20.0163475,180.396131,5.072938,6.612863207,125.400108,,,3.331298,2.742255,1.055755,1.253988806,1.0394006,935.5917083,0.99304424,9.242034,,,,,,,,,,,,,,,
2010-05-25,47.709405,,19.812585,178.086036,5.037664,6.567695029,123.466144,,,3.302842,2.7145321,1.041851,1.239534707,1.0363571,926.2463866,0.98265787,9.249236,,,,,,,,,,,,,,,
2010-05-26,48.642908,,20.1370539,180.770325,5.127528,6.685569029,125.44679,,,3.359291,2.7591017,1.063671,1.28220776,1.0427285,936.4993847,1.00476146,9.35169,,,,,,,,,,,,,,,
2010-05-27,50.621287,,20.8729911,186.755719,5.314585,6.930134559,131.60576,,,3.497563,2.8599877,1.102601,1.322246306,1.0783267,971.6160546,1.04374059,9.732726,,,,,,,,,,,,,,,
2010-05-28,50.698875,,20.9791936,186.561165,5.328683,6.949375047,131.732128,,,3.508898,2.8747133,1.097783,1.327857562,1.0837873,987.4080882,1.04333923,9.720854,,,,,,,,,,,,,,,
2010-05-31,51.227624,,21.2154556,191.227995,5.381485,7.019038968,133.773212,,,3.544085,2.9072624,1.117598,1.336644262,1.1077229,1002.8152073,1.05826039,9.782849,,,,,,,,,,,,,,,
2010-06-01,50.588511,,20.8390857,187.091734,5.29858,6.911833563,131.079999,,,3.500239,2.8558616,1.095383,1.325228733,1.0897276,994.9538838,1.03879099,9.670897,,,,,,,,,,,,,,,
2010-06-02,51.654854,,21.1506719,190.536146,5.376549,7.014303539,133.501545,,,3.572678,2.8987318,1.115377,1.340098861,1.0937202,1016.1144502,1.0517536,9.884748,,,,,,,,,,,,,,,
2010-06-04,51.042971,,20.876318,187.083232,5.309519,6.927769802,130.078702,,,3.526754,2.86131,1.09152,1.319894703,1.0934743,1012.4119576,1.04002572,9.748749,,,,,,,,,,,,,,,
2010-06-07,50.750805,,20.7427835,184.951554,5.290665,6.904011828,127.889086,,,3.503593,2.8431832,1.078354,1.305168841,1.0881605,1010.2137971,1.03512751,9.698601,,,,,,,,,,,,,,,
2010-06-08,51.019891,,20.8517609,186.670881,5.332127,6.958917153,129.500845,,,3.524373,2.858288,1.08942,1.32666947,1.0825988,1016.3210973,1.03730498,9.691878,,,,,,,,,,,,,,,
2010-06-09,50.887791,,20.8108625,185.986994,5.327838,6.954172037,129.767745,,,3.514708,2.8528554,1.085919,1.329945695,1.0984209,1020.4410121,1.03917716,9.686063,,,,,,,,,,,,,,,
2010-06-10,51.608875,,21.1501733,190.221268,5.440121,7.10147417,133.20028,,,3.568682,2.8995245,1.114047,1.348446887,1.101579,1034.0005674,1.05225479,9.829046,,,,,,,,,,,,,,,
2010-06-11,51.93746,,21.3245004,191.353734,5.478111,7.151911406,133.946702,,,3.588092,2.9235878,1.122687,1.350366706,1.1090404,1030.6291576,1.06185197,9.868921,,,,,,,,,,,,,,,
2010-06-14,52.196546,,21.3757219,190.316934,5.497065,7.177514348,134.314836,,,3.604316,2.9307827,1.120539,1.359202862,1.1118465,1034.2584892,1.06903695,9.927154,,,,,,,,,,,,,,,
2010-06-15,53.209571,,21.6299173,193.119934,5.580339,7.287050568,137.020895,,,3.676856,2.9657925,1.138163,1.381155177,1.1363224,1046.4029717,1.08189499,10.1339,,,,,,,,,,,,,,,
2010-06-16,53.497212,,21.7486408,194.005284,5.591335,7.302296026,137.017339,,,3.695794,2.98224,1.140798,1.388025868,1.1487917,1053.0036779,1.08606896,10.175611,,,,,,,,,,,,,,,
2010-06-17,53.444536,,21.8210517,192.959811,5.606803,7.323369128,136.741113,,,3.687136,2.992342,1.133355,1.39022167,1.1415021,1053.6861051,1.08336882,10.146461,,,,,,,,,,,,,,,
2010-06-18,53.404256,,21.8793226,192.544952,5.60731,7.324919687,137.341051,,,3.685619,3.0005069,1.132032,1.395784033,1.1412066,1059.2531141,1.08120152,10.13836,,,,,,,,,,,,,,,
2010-06-21,53.705192,,21.9729941,194.143692,5.635757,7.362944779,138.193537,,,3.705639,3.0135234,1.140134,1.399586109,1.156206,1065.8795635,1.08848826,10.182421,,,,,,,,,,,,,,,
2010-06-22,54.035289,,22.0198401,193.3088,5.650148,7.382627786,138.398929,,,3.724314,3.0201239,1.138727,1.409862549,1.1586389,1069.6394377,1.09086997,10.185046,,,,,,,,,,,,,,,
2010-06-23,54.128707,,21.9803954,193.967063,5.686425,7.43089382,138.676548,,,3.729508,3.0148999,1.144603,1.407985041,1.1619823,1072.4095701,1.09346432,10.181359,,,,,,,,,,,,,,,
2010-06-24,53.668704,,21.8326684,189.797014,5.597856,7.31612999,137.166722,,,3.698132,2.9948371,1.126755,1.397606405,1.151683,1062.7409804,1.07920357,10.100422,,,,,,,,,,,,,,,
2010-06-25,54.266483,,22.0986472,192.185166,5.680827,7.425371069,139.170079,,,3.738094,3.0314653,1.139965,1.409397196,1.1657,1073.1803121,1.09097813,10.161515,,,,,,,,,,,,,,,
2010-06-28,54.645963,,22.218766,190.00935,5.702403,7.454467131,139.160204,,,3.761107,3.0481077,1.130486,1.410446515,1.1695471,1081.9981762,1.08835148,10.20663,,,,,,,,,,,,,,,
2010-06-29,53.385515,,21.7766383,183.584981,5.500317,7.191359199,134.38955,,,3.677142,2.9876305,1.09205,1.385000705,1.1530081,1057.6427751,1.06224008,9.986971,,,,,,,,,,,,,,,
2010-06-30,53.465816,,21.734753,181.001867,5.475951,7.160355323,133.059181,,,3.694942,2.9820635,1.076901,1.383137679,1.1572173,1057.7463066,1.05283897,10.022344,,,,,,,,,,,,,,,
2010-07-01,53.105784,,21.6577413,182.423484,5.483291,7.170784086,133.746105,,,3.670199,2.9716767,1.082972,1.37972618,1.1456704,1050.8131372,1.05473802,10.000354,,,,,,,,,,,,,,,
2010-07-02,53.559982,,21.8392165,183.111836,5.537639,7.24267919,134.294622,,,3.703051,2.996754,1.086091,1.390270977,1.1687478,1061.7351708,1.06514786,10.113298,,,,,,,,,,,,,,,
2010-07-05,53.344589,,21.7603066,181.188322,5.531842,7.235984168,133.17952,,,3.689664,2.9861076,1.077626,1.388083797,1.166155,1065.5774571,1.06085578,10.043504,,,,,,,,,,,,,,,
2010-07-06,53.800148,,21.9767173,184.764396,5.592337,7.315937186,135.132802,,,3.716738,3.0159796,1.097298,1.393449428,1.1626155,1070.9266151,1.06941576,10.041128,,,,,,,,,,,,,,,
2010-07-07,54.095017,,22.1649865,189.361527,5.656615,7.400864619,136.368293,,,3.740233,3.0419922,1.12221,1.403348692,1.1680795,1082.342586,1.07522908,10.157751,,,,,,,,,,,,,,,
2010-07-08,54.421204,,22.1089656,190.568698,5.692217,7.448321653,136.443228,,,3.75859,3.0344887,1.128317,1.402040419,1.1739416,1091.9755584,1.07357026,10.279496,,,,,,,,,,,,,,,
2010-07-09,54.417314,,22.1064939,190.545525,5.691535,7.448337053,136.426882,,,3.75804,3.0343319,1.128137,1.402191993,1.1739146,1091.9719571,1.07352766,10.292602,,,,,,,,,,,,,,,
2010-07-12,54.204793,,21.9339908,189.085883,5.666213,7.416120907,135.471773,,,3.746754,3.010848,1.12065,1.393888756,1.1737845,1084.1330822,1.07379466,10.321242,,,,,,,,,,,,,,,
2010-07-13,54.629758,,22.1820681,190.416291,5.734207,7.505947352,136.462214,,,3.77696,3.045068,1.1299,1.398235602,1.1650219,1095.8129749,1.07880208,10.510997,,,,,,,,,,,,,,,
2010-07-14,54.891558,,22.1725676,189.848295,5.765263,7.54750125,135.455725,,,3.796435,3.0439493,1.125172,1.397068999,1.1644613,1099.3076656,1.07964214,10.539742,,,,,,,,,,,,,,,
2010-07-15,55.202703,,22.2317188,189.41954,5.787783,7.577881704,134.9825,,,3.82227,3.0522498,1.1264,1.403234714,1.1709395,1100.8901457,1.07929629,10.60379,,,,,,,,,,,,,,,
2010-07-16,54.798392,,22.0840679,185.88822,5.740964,7.517540719,132.793217,,,3.793036,3.0321767,1.106403,1.400659184,1.1641893,1097.8514632,1.07465688,10.429092,,,,,,,,,,,,,,,
2010-07-19,55.435463,,22.425443,188.841511,5.821238,7.623490592,134.731382,,,3.832642,3.0791987,1.123389,1.414684627,1.17464104,1110.1485582,1.0782842,10.494588,,,,,,,,,,,,,,,
2010-07-20,55.65386,,22.5287566,193.157162,5.797125,7.592879968,136.623086,,,3.84774,3.0935605,1.142712,1.415439137,1.18283207,1100.1639495,1.08976654,10.488759,,,,,,,,,,,,,,,
2010-07-21,55.795303,,22.5848135,193.014773,5.816372,7.618990517,137.717514,,,3.85457,3.1014395,1.142879,1.422204585,1.19147636,1101.6321189,1.09350222,10.48134,,,,,,,,,,,,,,,
2010-07-22,56.657876,,23.0358449,196.814003,5.948099,7.792390732,140.414291,,,3.910609,3.1635122,1.164942,1.432723133,1.20550018,1122.1317098,1.10945215,10.695549,,,,,,,,,,,,,,,
2010-07-23,56.970135,,23.1803849,198.403652,6.002584,7.864698883,142.229079,,,3.930695,3.1835358,1.175315,1.43957247,1.21480511,1128.6030282,1.12084904,10.742909,,,,,,,,,,,,,,,
2010-07-26,56.948971,,23.2407913,198.582111,6.015163,7.88213065,142.509561,,,3.933228,3.1920148,1.178411,1.440688241,1.21417234,1128.7870288,1.1280782,10.798772,,,,,,,,,,,,,,,
2010-07-27,57.100549,,23.3344817,198.667278,6.024678,7.89554749,142.942332,,,3.943954,3.2050609,1.182275,1.443846271,1.21125439,1127.3704639,1.1269528,10.78367,,,,,,,,,,,,,,,
2010-07-28,57.260427,,23.2679257,199.875709,6.008022,7.8746847,141.520239,,,3.952517,3.1961214,1.184405,1.445411668,1.21470154,1122.5323443,1.12532812,10.729516,,,,,,,,,,,,,,,
2010-07-29,57.714015,,23.3364032,199.465894,6.040525,7.91820253,141.203349,,,3.97921,3.2057208,1.182708,1.459719466,1.22354954,1130.8428264,1.12860701,10.745912,,,,,,,,,,,,,,,
2010-07-30,58.760645,,23.6674091,200.856496,6.138275,8.047242909,142.188683,,,4.052817,3.2513862,1.191377,1.482428639,1.23817764,1146.0421202,1.13818788,10.9479,,,,,,,,,,,,,,,
2010-08-02,59.368837,,23.9289623,204.355354,6.186426,8.111326277,143.238457,,,4.091244,3.2875131,1.214752,1.483250591,1.24010825,1158.8158616,1.15186291,10.963397,,,,,,,,,,,,,,,
2010-08-03,58.731563,,23.6596535,203.014375,6.072088,7.962465946,143.719329,,,4.04716,3.2507137,1.200891,1.487697192,1.22926412,1144.649665,1.14763167,10.816689,,,,,,,,,,,,,,,
2010-08-04,58.624755,,23.6970387,202.973983,6.089798,7.986621731,145.25819,,,4.037541,3.2560449,1.203769,1.492620715,1.23082041,1144.1076614,1.15223384,10.82172,,,,,,,,,,,,,,,
2010-08-05,58.557765,,23.7315457,203.822119,6.069613,7.961131025,145.371342,,,4.037743,3.260981,1.208927,1.495795727,1.23221815,1142.9693993,1.16340933,10.808946,,,,,,,,,,,,,,,
2010-08-06,58.535624,,23.6789671,203.217874,6.058546,7.947582113,144.365216,,,4.03492,3.2539538,1.205051,1.500819933,1.22418952,1146.2889642,1.16176379,10.75558,,,,,,,,,,,,,,,
2010-08-09,58.435221,,23.5768021,202.890218,6.032997,7.915043106,144.165446,,,4.028965,3.2401141,1.200871,1.504039685,1.22065485,1137.5521085,1.15817511,10.78518,,,,,,,,,,,,,,,
2010-08-10,58.287317,,23.3410431,201.030341,6.00722,7.882193936,142.294786,,,4.016643,3.2079208,1.190089,1.494886778,1.21876936,1133.5174726,1.15002576,10.75581,,,,,,,,,,,,,,,
2010-08-11,57.564755,,22.9807919,196.190798,5.92558,7.776069442,138.744566,,,3.962645,3.1586232,1.164653,1.477281153,1.21927549,1127.1160784,1.13836828,10.648935,,,,,,,,,,,,,,,
2010-08-12,57.742129,,23.1072125,197.024803,5.913736,7.761459923,140.282846,,,3.970318,3.1761802,1.167859,1.495128891,1.22042628,1128.6526701,1.15329542,10.645004,,,,,,,,,,,,,,,
2010-08-13,58.015464,,23.1512385,197.563426,5.994639,7.868521668,139.990511,,,3.985169,3.1824191,1.179449,1.480347702,1.2361958,1139.7215071,1.15934869,10.677287,,,,,,,,,,,,,,,
2010-08-16,58.188746,,23.2832879,198.685354,6.021253,7.904403605,140.690711,,,3.990633,3.2007508,1.184804,1.486285288,1.25244952,1145.2024955,1.17300561,10.670348,,,,,,,,,,,,,,,
2010-08-17,58.877905,,23.5581833,200.858104,6.086431,7.990886853,142.363188,,,4.03867,3.2387074,1.199786,1.500758165,1.26346728,1156.1409773,1.18948321,10.776283,,,,,,,,,,,,,,,
2010-08-18,59.231834,,23.7080725,200.299426,6.132372,8.052150693,142.859249,,,4.058544,3.2594932,1.197543,1.50859662,1.27230718,1165.1322689,1.19470733,10.849172,,,,,,,,,,,,,,,
2010-08-19,59.333066,,23.6401583,197.554995,6.117951,8.034205189,142.056151,,,4.07011,3.2503588,1.18415,1.50728133,1.2723595,1169.5974924,1.18661888,10.740058,,,,,,,,,,,,,,,
2010-08-20,59.328013,,23.6675224,197.016648,6.116677,8.033501905,140.547308,,,4.078658,3.2543132,1.181014,1.502755736,1.27071484,1171.7651496,1.18847535,10.775301,,,,,,,,,,,,,,,
2010-08-23,59.346644,,23.6581001,194.876954,6.109512,8.025067105,140.075911,,,4.086527,3.2532141,1.168948,1.510204917,1.27014084,1175.1278035,1.18224181,10.750587,,,,,,,,,,,,,,,
2010-08-24,58.958423,,23.5034492,192.017365,6.070827,7.975237693,138.529417,,,4.069861,3.2321634,1.155206,1.507103001,1.2646144,1169.4096582,1.16899992,10.736369,,,,,,,,,,,,,,,
2010-08-25,58.594024,,23.3643083,191.054285,6.021579,7.911527509,138.271527,,,4.04654,3.2132422,1.150542,1.51175754,1.25069987,1162.5954141,1.16299946,10.658343,,,,,,,,,,,,,,,
2010-08-26,58.386048,,23.2160703,187.980885,6.003535,7.888779683,137.175796,,,4.035155,3.1930701,1.134001,1.51462648,1.25338727,1161.5621155,1.16129008,10.600144,,,,,,,,,,,,,,,
2010-08-27,59.564683,,23.7336311,193.453684,6.120155,8.042892796,140.434738,,,4.109729,3.264364,1.162294,1.537667971,1.27090077,1191.0063607,1.18765051,10.845578,,,,,,,,,,,,,,,
2010-08-30,58.988932,,23.5231278,189.323489,6.035625,7.932847,137.979371,,,4.080523,3.235602,1.143904,1.535685954,1.26905977,1184.9316029,1.17462962,10.75882,,,,,,,,,,,,,,,
2010-08-31,59.698224,,23.688492,192.637643,6.067161,7.975221632,138.928311,,,4.131335,3.2585453,1.158065,1.543681847,1.28536378,1193.6559374,1.18392485,10.858428,,,,,,,,,,,,,,,
2010-09-01,60.46341,,23.95229,198.705706,6.158109,8.095671027,142.153718,,,4.166094,3.2950312,1.191088,1.550419877,1.29147362,1207.7639176,1.21351497,11.001573,,,,,,,,,,,,,,,
2010-09-02,60.361429,,23.918299,197.445151,6.153538,8.0906496,142.988434,,,4.161458,3.2905535,1.185468,1.549876922,1.29274383,1204.5646661,1.21347395,10.960101,,,,,,,,,,,,,,,
2010-09-03,60.020331,,23.7539836,197.819158,6.128901,8.059246194,141.277872,,,4.136468,3.2681482,1.184363,1.549763166,1.27744957,1198.3141629,1.20317176,10.924156,,,,,,,,,,,,,,,
2010-09-06,59.930941,,23.7343235,197.850204,6.134978,8.068200833,141.146105,,,4.126729,3.2656402,1.186758,1.54375,1.27810195,1198.3213422,1.20560271,10.872198,,,,,,,,,,,,,,,
2010-09-08,59.918646,,23.8431583,196.242658,6.099089,8.021998513,142.012895,,,4.128066,3.2808077,1.180939,1.545973399,1.28361616,1188.2501041,1.20377326,10.825121,,,,,,,,,,,,,,,
2010-09-09,60.460987,,24.1207607,196.277745,6.146136,8.084807335,143.218232,,,4.168627,3.3191916,1.183415,1.564919612,1.29640506,1190.4820016,1.21779622,10.924037,,,,,,,,,,,,,,,
2010-09-10,60.677071,,24.241417,195.760573,6.15794,8.101309042,142.949344,,,4.182743,3.3359884,1.184138,1.574284472,1.29236813,1192.1374879,1.2230273,11.025456,,,,,,,,,,,,,,,
2010-09-13,61.34236,,24.4752641,200.091512,6.179104,8.130118329,144.711564,,,4.226978,3.3683566,1.205637,1.57961926,1.29813346,1206.2082644,1.23644941,11.168052,,,,,,,,,,,,,,,
2010-09-14,61.53051,,24.50153,198.819837,6.216907,8.180815992,144.530785,,,4.24244,3.372172,1.20297,1.582418889,1.29813639,1217.3917572,1.24082608,11.243135,,,,,,,,,,,,,,,
2010-09-15,62.004703,,24.7016393,200.102686,6.245539,8.21946525,145.814186,,,4.276997,3.3999013,1.211,1.588957001,1.29612184,1218.3667869,1.24759351,11.312761,,,,,,,,,,,,,,,
2010-09-16,61.896221,,24.6070684,198.818389,6.253157,8.230478207,145.599388,,,4.269938,3.3870964,1.203767,1.592466179,1.30479187,1212.9143629,1.24576253,11.307782,,,,,,,,,,,,,,,
2010-09-17,61.918799,,24.6685268,197.218122,6.284965,8.273321581,144.646405,,,4.285073,3.3957577,1.195208,1.597324948,1.31604023,1220.8464457,1.24027597,11.369215,,,,,,,,,,,,,,,
2010-09-20,62.51632,,24.888168,200.176083,6.320373,8.320913705,146.114706,,,4.318573,3.4261789,1.212795,1.605127252,1.32508657,1230.4909012,1.25338734,11.517754,,,,,,,,,,,,,,,
2010-09-21,62.343421,,24.8668741,198.453805,6.314455,8.314141694,145.193375,,,4.308137,3.4234592,1.204055,1.600881248,1.33299757,1228.0806271,1.25101019,11.508142,,,,,,,,,,,,,,,
2010-09-22,62.510205,,24.9300496,199.742835,6.311947,8.311838922,145.838435,,,4.314591,3.4323588,1.213375,1.59793994,1.33022136,1231.3645491,1.26572706,11.50371,,,,,,,,,,,,,,,
2010-09-23,62.652608,,24.9790603,201.138745,6.298931,8.295705328,145.407423,,,4.323048,3.4393066,1.2209,1.595240187,1.33569784,1230.5840946,1.26749851,11.546977,10000.0,,,,,,,,,,,,,,
2010-09-24,62.466697,,24.8599894,199.978969,6.244253,8.224716769,144.119754,,,4.313124,3.4231339,1.210763,1.59474271,1.33709384,1233.4830916,1.27604469,11.582482,10015.87533333,,,,,,,,,,,,,,
2010-09-27,62.980701,,25.05473,202.197699,6.277174,8.269044034,145.265125,,,4.349134,3.4501272,1.223176,1.608922508,1.33650165,1236.3841835,1.28272089,11.599434,10053.59016667,1.0,,,,,,,,,,,,,
2010-09-28,63.203253,,25.1225935,203.381802,6.285204,8.280620226,145.921213,,,4.363591,3.4596693,1.228776,1.610656308,1.33615185,1235.0426193,1.29365705,11.623413,10072.79383333,0.99988762,,,,,,,,,,,,,
2010-09-29,63.040134,,25.007659,204.82171,6.26435,8.254156274,144.297987,,,4.351244,3.4440477,1.228467,1.609428354,1.33121124,1231.4295502,1.29915589,11.618848,10036.55016667,1.00313312,,,,,,,,,,,,,
2010-09-30,63.572403,,25.0344521,205.423481,6.301847,8.304532308,144.746915,,,4.389892,3.4479449,1.228862,1.607605362,1.33466114,1246.8882978,1.29898643,11.693429,10019.72383333,1.00355764,,,,,,,,,,,,,
2010-10-01,64.797149,,25.5051512,207.401908,6.362488,8.385404728,147.162769,,,4.482508,3.5129803,1.240531,1.632356392,1.35053385,1269.6568734,1.3251564,11.880295,10137.85666667,1.02229736,,,,,,,,,,,,,
2010-10-04,64.976449,,25.5809253,207.705555,6.3395,8.3561326,146.106712,,,4.498114,3.5236276,1.241634,1.637275996,1.3450265,1269.5697915,1.32499535,11.850924,10136.21583333,1.02287774,,,,,,,,,,,,,
2010-10-05,65.818514,,25.9223257,210.228438,6.441037,8.490917885,147.561477,,,4.554603,3.5708595,1.258844,1.646562567,1.34582002,1283.6793229,1.33327768,12.08313,10260.40866667,1.03035992,,,,,,,,,,,,,
2010-10-06,66.063446,,25.9265235,207.811317,6.43557,8.484773651,146.38673,,,4.586099,3.5716522,1.248844,1.653467621,1.36130643,1290.9922834,1.33601069,12.170935,10313.0725,1.03099426,,,,,,,,,,,,,
2010-10-07,65.883339,,25.7888544,206.001588,6.415804,8.459749619,145.267987,,,4.578046,3.552906,1.239521,1.651576451,1.36048358,1284.3709723,1.34274278,12.11814,10242.26783333,1.0343358,,,,,,,,,,,,,
2010-10-08,66.575949,,26.1360216,208.921999,6.4698,8.531958818,147.117457,,,4.621905,3.6009338,1.255827,1.66773067,1.36549984,1296.9981524,1.34443251,12.233957,10316.323,1.03651308,,,,,,,,,,,,,
2010-10-11,67.283202,,26.4564267,208.870714,6.547089,8.634904197,148.761235,,,4.678304,3.6452795,1.256743,1.678267237,1.37541982,1313.3954458,1.35194039,12.233957,10379.49218624,1.04100662,,,,,,,,,,,,,
2010-10-13,68.640376,,26.7808114,210.877793,6.622204,8.735015081,150.311397,,,4.780502,3.6901757,1.268677,1.692653233,1.40046967,1321.1956077,1.36716192,12.611266,10451.12886757,1.05211118,,,,,,,,,,,,,
2010-10-14,68.531943,,26.6493756,211.208757,6.597301,8.703262766,149.554709,,,4.76945,3.6722943,1.269441,1.695043081,1.40103255,1322.8791482,1.37063965,12.533999,10413.39126194,1.05376734,,,,,,,,,,,,,
2010-10-15,68.824132,,26.746887,211.471296,6.576065,8.676326871,150.49771,,,4.788683,3.6859449,1.269672,1.701948927,1.40311565,1315.9443231,1.3725816,12.595086,10408.71364752,1.05493044,,,,,,,,,,,,,
2010-10-18,68.433721,,26.6138537,211.680053,6.575697,8.676904958,149.297964,,,4.763041,3.6678434,1.267667,1.703857147,1.40443018,1307.1214871,1.36659047,12.557441,10388.06550536,1.05082384,,,,,,,,,,,,,
2010-10-19,67.013569,,26.1392225,206.53014,6.403504,8.450836929,145.616778,,,4.663521,3.6026925,1.235043,1.685905813,1.37117986,1286.8308452,1.33420597,12.274776,10196.62730116,1.02516292,,,,,,,,,,,,,
2010-10-20,67.971679,,26.3649148,207.932065,6.468703,8.537866763,147.949574,,,4.734459,3.6339933,1.245933,1.698638873,1.37975875,1299.0953418,1.35192289,12.465904,10215.93523893,1.03812702,,,,,,,,,,,,,
2010-10-21,68.005344,,26.4205329,205.316402,6.477108,8.550021506,146.879527,,,4.746111,3.6418716,1.233041,1.702702579,1.38013707,1295.0488359,1.34895678,12.483946,10114.49713628,1.0352829,,,,,,,,,,,,,
2010-10-22,67.795504,,26.1454651,205.04243,6.446065,8.510112454,146.181693,,,4.729765,3.6042049,1.228534,1.703999804,1.39386382,1289.6393238,1.34761039,12.522964,10075.83049956,1.03277496,,,,,,,,,,,,,
2010-10-25,67.521116,,26.3363382,206.346141,6.432222,8.492888166,146.191086,,,4.705611,3.6307101,1.233476,1.710655912,1.40212906,1281.7503724,1.3467883,12.642529,10056.91519826,1.03140214,,,,,,,,,,,,,
2010-10-26,68.11599,,26.5398848,209.779826,6.507714,8.593572222,147.71389,,,4.737919,3.6589624,1.25529,1.714446083,1.40875957,1295.0432951,1.35812266,12.673847,10219.92636524,1.04036938,,,,,,,,,,,,,
2010-10-27,67.596686,,26.3783208,208.713657,6.49462,8.577358302,148.171704,,,4.699446,3.6369295,1.251386,1.7042298,1.40973707,1296.3247736,1.35836342,12.539936,10220.56983541,1.0406267,,,,,,,,,,,,,
2010-10-28,67.677207,,26.4593758,207.721231,6.466447,8.54122152,147.183235,,,4.707004,3.6483113,1.249584,1.705631906,1.40839525,1291.2336726,1.35806685,12.645461,10146.11978078,1.04006978,,,,,,,,,,,,,
2010-10-29,68.424499,,26.8802131,208.548342,6.551765,8.654916449,149.003249,,,4.761819,3.7065609,1.254784,1.71378489,1.43298516,1305.2869704,1.36674613,12.706308,10204.59062587,1.04692541,,,,,,,,,,,,,
2010-11-01,68.980753,,27.0842033,211.70672,6.604136,8.725151271,149.792677,,,4.795385,3.7349123,1.278799,1.719485553,1.44698462,1311.886559,1.37502939,12.728745,10342.65756629,1.05376954,,,,,,,,,,,,,
2010-11-03,69.719664,,27.4846298,212.67005,6.626825,8.75619797,150.953988,,,4.856222,3.7903525,1.284459,1.732200847,1.45074076,1320.1866257,1.37970856,12.856489,10330.75614466,1.0562123,,,,,,,,,,,,,
2010-11-04,70.376332,,27.7406922,216.761137,6.725215,8.887233025,151.961281,,,4.90097,3.8258892,1.305657,1.74141301,1.46736836,1334.0407872,1.39243074,12.962735,10407.46487581,1.0656783,,,,,,,,,,,,,
2010-11-05,70.20998,,27.6144879,216.139377,6.699636,8.854552694,151.467845,,,4.888603,3.8087162,1.298581,1.738909638,1.47845915,1330.6744448,1.39683632,12.915994,10444.60859922,1.06778166,,,,,,,,,,,,,
2010-11-08,70.206835,,27.6643027,216.721293,6.700328,8.8565521,150.463218,,,4.889601,3.8158139,1.299477,1.740835751,1.48626216,1333.5980683,1.39403475,12.915976,10449.26775503,1.06542876,,,,,,,,,,,,,
2010-11-09,69.762259,,27.4702858,213.455627,6.606695,8.73393151,148.367466,,,4.850602,3.7892894,1.28137,1.734804667,1.47212261,1311.4982128,1.37217666,12.818949,10499.8114887,1.0496756,,,,,,,,,,,,,
2010-11-10,69.088897,,27.3976607,213.757519,6.528339,8.631450439,147.835511,,,4.79148,3.7795023,1.280099,1.714973228,1.4665546,1297.6982533,1.35833043,12.710227,10518.38507112,1.04028452,,,,,,,,,,,,,
2010-11-11,69.249413,,27.3210609,212.100875,6.527288,8.631111352,148.949488,,,4.811788,3.7691665,1.270977,1.725403774,1.4573632,1296.3824562,1.36851702,12.752164,10431.41914223,1.04536853,,,,,,,,,,,,,
2010-11-12,68.606085,,27.0144733,209.165555,6.462701,8.546807047,146.422695,,,4.766221,3.7271162,1.253858,1.711461313,1.4485749,1280.0483846,1.35731735,12.565122,10307.47100275,1.03813043,,,,,,,,,,,,,
2010-11-16,67.689711,,26.7137159,205.67585,6.331635,8.374592631,144.17303,,,4.705006,3.6858671,1.231217,1.701023992,1.43992162,1260.1139299,1.34237694,12.376412,10194.2741416,1.02774712,,,,,,,,,,,,,
2010-11-17,68.415258,,27.0187025,206.517653,6.397238,8.462340991,146.011308,,,4.753665,3.7281441,1.242275,1.7115583,1.45469494,1277.1395158,1.34672339,12.546152,10263.0827453,1.03113834,,,,,,,,,,,,,
2010-11-18,69.386897,,27.4382439,209.770366,6.447285,8.529565678,147.805501,,,4.822911,3.78622,1.258237,1.727211379,1.46544165,1292.4351552,1.35714115,12.73061,10316.29288734,1.03946654,,,,,,,,,,,,,
2010-11-19,69.998073,,27.5270149,210.137875,6.470168,8.560884018,148.221385,,,4.87184,3.798688,1.259902,1.738679028,1.46357731,1294.4656731,1.36222387,12.906322,10374.45986935,1.04275258,,,,,,,,,,,,,
2010-11-22,69.345901,,27.1702827,206.53262,6.367085,8.425611115,145.600407,,,4.830056,3.7497244,1.236841,1.725873043,1.46267624,1271.6322995,1.34572848,12.827401,10261.27247215,1.03031257,,,,,,,,,,,,,
2010-11-23,67.876279,,26.5662827,201.73298,6.25703,8.281062193,141.601162,,,4.731322,3.6666609,1.209026,1.70450898,1.45084937,1252.4635763,1.32701412,12.528371,10110.84397456,1.01618582,,,,,,,,,,,,,
2010-11-24,69.189384,,27.1753647,206.269525,6.376197,8.43970647,145.353341,,,4.820437,3.7508699,1.237044,1.722430973,1.47511448,1272.5098216,1.35293381,12.731201,10339.73782135,1.03547367,,,,,,,,,,,,,
2010-11-25,69.281781,,27.2482528,205.237568,6.396573,8.467720949,145.413101,,,4.829548,3.7611456,1.230908,1.723475071,1.4885362,1271.9927609,1.35289967,12.784139,10327.77116887,1.03509636,,,,,,,,,,,,,
2010-11-26,68.690071,,27.0283128,202.522509,6.326945,8.376637789,143.783855,,,4.79277,3.7310424,1.211272,1.713555699,1.48577424,1258.0842858,1.33306412,12.721251,10273.70700339,1.02007943,,,,,,,,,,,,,
2010-11-29,68.250538,,26.8302383,201.80325,6.301145,8.343514035,142.387436,,,4.759672,3.7039207,1.207182,1.705410005,1.47712774,1253.7866511,1.32761359,12.62316,10218.83120668,1.01548501,,,,,,,,,,,,,
2010-11-30,69.240424,,27.2167406,200.813662,6.38602,8.456871144,144.225328,,,4.8347,3.7575029,1.202501,1.720566406,1.49504455,1270.7174031,1.33436366,12.786416,10244.66606104,1.01922634,,,,,,,,,,,,,
2010-12-01,69.536544,,27.3935995,205.517542,6.453095,8.54670589,145.724307,,,4.847577,3.7821453,1.231524,1.723106304,1.49685599,1285.8506901,1.34438134,12.826103,10357.56680233,1.02843828,,,,,,,,,,,,,
2010-12-02,69.38949,,27.2759471,206.175438,6.499736,8.60950979,146.027506,,,4.832738,3.7661295,1.232011,1.720228797,1.49965561,1291.9509666,1.35721213,12.731911,10479.51241757,1.0366642,,,,,,,,,,,,,
2010-12-03,68.799993,,27.1475377,206.346486,6.506147,8.619062126,145.637385,,,4.781255,3.7486276,1.232438,1.711876538,1.48816968,1290.0923441,1.35950993,12.624991,10533.32645329,1.03831051,,,,,,,,,,,,,
2010-12-06,68.531829,,26.9841232,205.682351,6.472036,8.574955242,145.005368,,,4.760652,3.7262919,1.229826,1.708829525,1.48505007,1282.5550094,1.3534623,12.570188,10496.73116951,1.03371638,,,,,,,,,,,,,
2010-12-07,68.470318,,26.8828134,204.76659,6.47639,8.581768319,144.60495,,,4.757079,3.7125289,1.228847,1.715112545,1.48877223,1281.4447184,1.35697334,12.490925,10474.05320628,1.03629668,,,,,,,,,,,,,
2010-12-08,67.775321,,26.6863643,201.845249,6.428799,8.519787956,142.340341,,,4.712557,3.6856303,1.210875,1.700414207,1.48172133,1272.6314723,1.34059239,12.402848,10381.83423935,1.02356299,,,,,,,,,,,,,
2010-12-09,66.967455,,26.3322238,201.502705,6.377831,8.453280899,140.251375,,,4.647543,3.6369595,1.208622,1.679827938,1.46889616,1261.3960049,1.32781202,12.280768,10311.26784439,1.01357515,,,,,,,,,,,,,
2010-12-10,66.910045,,26.5075947,202.703369,6.439461,8.535955549,139.986641,,,4.639199,3.6613891,1.217547,1.678364803,1.4910928,1260.6025973,1.34225667,12.35045,10390.23744207,1.02411541,,,,,,,,,,,,,
2010-12-13,67.541859,,26.7406043,205.263101,6.477233,8.58705555,140.707255,,,4.682596,3.6937776,1.231797,1.683073511,1.49643099,1272.8768835,1.35455006,12.481079,10430.13009009,1.03374741,1.0,,,,,,,,,,,,
2010-12-14,67.824947,,26.7101051,204.219848,6.522943,8.648685618,140.747907,,,4.708062,3.6897885,1.22368,1.678510281,1.50802116,1279.9063695,1.34547843,12.529929,10384.96086149,1.02720143,0.99783395,,,,,,,,,,,,
2010-12-15,66.966467,,26.3109864,201.642131,6.463721,8.571272753,139.098487,,,4.649018,3.6349084,1.209342,1.668343938,1.49732318,1269.7369062,1.32530594,12.415909,10305.59252661,1.01184277,0.98824285,,,,,,,,,,,,
2010-12-16,66.424864,,26.0862702,200.178887,6.432494,8.530930142,138.223933,,,4.611876,3.6041026,1.199387,1.664815017,1.49762196,1257.4933704,1.31633706,12.372662,10297.96528932,1.00483277,0.9921451,,,,,,,,,,,,
2010-12-17,66.960804,,26.3727228,202.164519,6.43995,8.541857062,139.929371,,,4.647269,3.6438662,1.215392,1.674949033,1.50305752,1265.2828711,1.32664848,12.459295,10308.18979342,1.01292506,1.0,,,,,,,,,,,,
2010-12-20,66.333437,,26.1365596,199.691941,6.423215,8.520722541,138.794976,,,4.602832,3.6114805,1.201209,1.662811168,1.49468341,1251.2784926,1.32330072,12.401649,10354.38629045,1.00925286,0.9928734,,,,,,,,,,,,
2010-12-21,66.876618,,26.4578834,202.669715,6.487355,8.606807907,140.074047,,,4.635809,3.6560588,1.215827,1.669050742,1.50314139,1267.0769592,1.3243326,12.465823,10479.83645999,1.01106648,0.99877145,,,,,,,,,,,,
2010-12-22,66.721184,,26.3596704,203.968367,6.443619,8.54988375,139.321774,,,4.62044,3.642719,1.2244,1.666664335,1.49933838,1253.0424525,1.32235536,12.430379,10464.75640362,1.01050226,0.99716385,,,,,,,,,,,,
2010-12-23,67.152539,,26.4212345,203.963606,6.479235,8.598160399,140.439445,,,4.653065,3.651437,1.223811,1.671810714,1.51405041,1262.7513262,1.33129138,12.494357,10522.68084266,1.0163865,1.00345415,,,,,,,,,,,,
2010-12-24,67.148729,,26.4183152,203.93951,6.478544,8.598307638,140.422566,,,4.652387,3.651253,1.223603,1.67202911,1.51410048,1262.737594,1.33123912,12.482615,10522.55616885,1.01625184,1.0041949,,,,,,,,,,,,
2010-12-27,66.50572,,26.1993801,201.850117,6.445572,8.555629168,139.704909,,,4.606732,3.6212461,1.21036,1.664107311,1.51116541,1256.1438811,1.32955894,12.380111,10458.67749934,1.01395731,0.992907,,,,,,,,,,,,
2010-12-28,66.78483,,26.2761757,202.628667,6.475638,8.596562277,140.369312,,,4.626505,3.6320656,1.213445,1.675579474,1.51322957,1266.6780395,1.33124809,12.416208,10493.21832449,1.01577149,0.99071515,,,,,,,,,,,,
2010-12-29,67.34724,,26.5499504,205.406598,6.565209,8.716464384,141.723656,,,4.661664,3.6700805,1.230264,1.688401533,1.51890457,1279.7154658,1.34090629,12.46438,10606.7990621,1.02379094,0.9956836,,,,,,,,,,,,
2010-12-30,68.068006,,26.7318896,207.015488,6.6137,8.781895598,142.581513,,,4.715912,3.6954189,1.236043,1.701010309,1.54438967,1289.7705194,1.3583052,12.590642,10697.59405698,1.03556159,1.00945175,,,,,,,,,,,,
2010-12-31,68.064106,,26.7289693,207.006798,6.613025,8.782088245,142.564971,,,4.715232,3.6952373,1.235333,1.70123102,1.54444061,1289.7564009,1.35826908,12.592683,10697.44646634,1.03543649,1.00932845,,,,,,,,,,,,
2011-01-03,68.715275,,26.8689629,208.735315,6.666767,8.854487539,143.591074,,,4.758607,3.7148128,1.244678,1.703057586,1.53846672,1297.0392171,1.36020516,12.618532,10748.21796044,1.03813058,1.01758205,,,,,,,,,,,,
2011-01-04,68.084878,,26.9372934,209.838654,6.636728,8.815709883,143.155778,,,4.715335,3.7244823,1.250004,1.694409289,1.53887669,1291.4523358,1.35150286,12.491352,10799.77519678,1.03272293,1.005885,,,,,,,,,,,,
2011-01-05,68.141939,,27.0793209,212.528204,6.638447,8.819072237,142.996485,,,4.719859,3.7443407,1.262242,1.690552549,1.54475267,1288.6101901,1.34430561,12.558194,10854.032943,1.02868708,0.9997787,,,,,,,,,,,,
2011-01-06,67.396478,,26.9691092,210.294149,6.604708,8.775362233,141.480516,,,4.668499,3.7293288,1.254133,1.680468235,1.52077839,1277.493403,1.3389147,12.463651,10804.71451671,1.02479743,0.99286765,,,,,,,,,,,,
2011-01-07,67.12852,,26.7601896,207.925714,6.555041,8.710485807,141.04544,,,4.650763,3.7006697,1.246344,1.682954366,1.52102129,1269.6012209,1.33018896,12.438524,10762.89189221,1.01802817,0.99357775,,,,,,,,,,,,
2011-01-10,67.499147,,26.7311389,208.34831,6.564809,8.724522588,142.128958,,,4.675104,3.6968756,1.248078,1.688416835,1.52766123,1271.9479248,1.35012835,12.50547,10837.39722821,1.03168649,1.00197085,,,,,,,,,,,,
2011-01-11,67.659398,,26.8963267,209.769337,6.583431,8.750332294,142.411096,,,4.686327,3.7199345,1.256753,1.692533041,1.52972774,1269.0216021,1.34473359,12.541621,10847.00028659,1.02833183,1.00251825,,,,,,,,,,,,
2011-01-12,68.371802,,27.2272826,213.975809,6.627449,8.809885029,144.08058,,,4.735554,3.765912,1.281754,1.707958448,1.56450335,1281.9696445,1.3568583,12.61703,10986.92163436,1.03793705,1.01336555,,,,,,,,,,,,
2011-01-13,67.873363,,27.0237473,210.576336,6.56092,8.72259043,143.638749,,,4.700579,3.7379994,1.265976,1.705924886,1.56250167,1283.5205426,1.36012929,12.548193,10948.79546404,1.03842178,1.0069144,,,,,,,,,,,,
2011-01-14,67.990015,,27.0068391,211.329661,6.562084,8.725198901,144.192963,,,4.708671,3.7358861,1.268405,1.712444142,1.56833402,1289.3834836,1.36610931,12.526937,10957.54001516,1.04249186,1.01416135,,,,,,,,,,,,
2011-01-17,67.811726,,26.8593505,210.058058,6.533453,8.688226554,143.946427,,,4.69607,3.7157201,1.259651,1.707616722,1.56658279,1286.673611,1.35659678,12.53985,10917.59560795,1.03522467,1.01209775,,,,,,,,,,,,
2011-01-18,67.895565,,26.980988,211.079488,6.603921,8.782945084,145.014993,,,4.700314,3.7327592,1.265523,1.707484252,1.57101876,1297.8443395,1.36230233,12.559759,10902.85443671,1.03826413,1.0124441,,,,,,,,,,,,
2011-01-19,67.422165,,26.7409182,208.114826,6.535193,8.692684651,143.883123,,,4.66657,3.6997937,1.248915,1.698033035,1.56514071,1282.5721377,1.34998046,12.410681,10842.2618002,1.02954493,1.00884505,,,,,,,,,,,,
2011-01-20,66.978153,,26.7728492,206.278087,6.50174,8.649274727,142.607332,,,4.634751,3.70443,1.23927,1.688762192,1.55883981,1275.2387762,1.34978507,12.275898,10797.48884545,1.02870637,1.00842635,,,,,,,,,,,,
2011-01-21,66.642043,,26.7084167,205.397155,6.486321,8.629834061,142.554089,,,4.611483,3.6957444,1.235011,1.689949401,1.55188808,1260.5810668,1.34404757,12.212536,10792.78225477,1.02423656,1.00520525,,,,,,,,,,,,
2011-01-24,66.895533,,26.8720478,206.653581,6.52325,8.6799942,143.593906,,,4.629442,3.7185878,1.23995,1.690328198,1.55932096,1273.8839458,1.34935743,12.214477,10805.80446055,1.02698193,1.01102905,,,,,,,,,,,,
2011-01-25,66.890712,,26.8690126,206.628054,6.52251,8.680086728,143.576656,,,4.628737,3.7183911,1.239709,1.690407232,1.55926654,1274.0638454,1.3492804,12.252267,10805.18365118,1.0268334,1.01085665,,,,,,,,,,,,
2011-01-26,65.934534,,26.4710421,204.106892,6.398737,8.516538999,141.339333,,,4.563126,3.6635951,1.222632,1.67290435,1.53540429,1251.3091598,1.32873381,12.108588,10694.63775218,1.01243034,0.99960555,,,,,,,,,,,,
2011-01-27,64.53016,,25.95293,202.68809,6.244986,8.313063359,138.724113,,,4.465532,3.5921863,1.212151,1.647795287,1.49236402,1232.8575166,1.30170429,11.833667,10541.71851741,0.99299365,0.9830968,,,,,,,,,,,,
2011-01-28,63.000066,,25.3527184,198.699059,6.078766,8.09294471,135.935668,,,4.359651,3.5093163,1.189594,1.622890702,1.45909601,1208.187963,1.27018483,11.512521,10351.73079761,0.9698632,0.96343915,,,,,,,,,,,,
2011-01-31,62.843237,,25.3898035,198.666448,6.088675,8.107100561,135.992922,,,4.347089,3.5146608,1.187699,1.615079089,1.46678816,1205.210332,1.27242774,11.471979,10360.94961025,0.97014863,0.95295545,,,,,,,,,,,,
2011-02-01,63.762138,,25.8017272,202.320779,6.186997,8.238925719,137.775732,,,4.410247,3.5718936,1.213221,1.650372397,1.47699971,1222.1228987,1.28119761,11.648423,10458.90482565,0.98289296,0.97493391,,,,,,,,,,,,
2011-02-02,62.675774,,25.5117864,199.751837,6.103713,8.129091711,135.554063,,,4.33453,3.5319725,1.19719,1.643478964,1.47019086,1203.1222359,1.26966087,11.436348,10358.36995973,0.96844112,0.96313535,,,,,,,,,,,,
2011-02-03,61.620957,,25.2794326,199.971556,6.026499,8.027383356,133.87653,,,4.260936,3.5000206,1.197094,1.622572924,1.44054623,1189.556308,1.24382386,11.372938,10316.2669435,0.9511688,0.95372919,,,,,,,,,,,,
2011-02-04,60.709134,,24.7503379,195.48438,5.911197,7.874833204,131.155691,,,4.197506,3.4269898,1.168515,1.597009565,1.43547563,1160.3847923,1.22225152,11.231641,10267.28584225,0.93428032,0.93677114,,,,,,,,,,,,
2011-02-07,60.475721,,24.8920698,195.885282,5.942276,7.917145943,130.40272,,,4.183406,3.4468152,1.168924,1.596263145,1.41836999,1156.1960399,1.22581511,11.257005,10235.37552399,0.93593845,0.93103783,,,,,,,,,,,,
2011-02-08,61.175074,,25.0255587,197.124137,6.004012,8.000314251,131.242672,,,4.231346,3.4655007,1.177021,1.611801835,1.43118586,1173.2334588,1.22918491,11.415649,10284.35481041,0.93950301,0.9374337,,,,,,,,,,,,
2011-02-09,59.911345,,24.342964,192.123258,5.881137,7.837640538,128.374602,,,4.14285,3.3712193,1.149318,1.588803761,1.40176225,1152.4744409,1.20591455,11.197218,10143.66415448,0.92187267,0.9244153,,,,,,,,,,,,
2011-02-10,59.34185,,24.3602881,192.761972,5.8516,7.799223879,127.719293,,,4.10293,3.3738199,1.154038,1.579382022,1.3873811,1143.8666611,1.20175096,11.170851,10184.18880952,0.92002731,0.93298363,,,,,,,,,,,,
2011-02-11,60.224778,,24.7286326,197.003945,5.926472,7.89990047,130.040536,,,4.16358,3.4250113,1.175113,1.594259861,1.40385225,1164.6937011,1.21884234,11.359372,10275.4203369,0.93101328,0.9395156,,,,,,,,,,,,
2011-02-14,61.476374,,24.9783367,199.509554,6.016468,8.02076504,133.001794,,,4.249455,3.4597827,1.191247,1.618829616,1.42836943,1184.7026761,1.22276009,11.588997,10322.13516411,0.9355455,0.97347515,,,,,,,,,,,,
2011-02-15,61.692627,,25.0703437,199.829313,6.020104,8.026589071,133.110868,,,4.26374,3.4727269,1.187352,1.626964621,1.43367285,1179.8517961,1.21723244,11.619676,10233.64666768,0.93064696,0.97553195,,,,,,,,,,,,
2011-02-16,62.252247,,25.4951372,203.046546,6.092526,8.124071436,134.406016,,,4.302664,3.5317383,1.205762,1.651450091,1.43407066,1199.2307856,1.2340307,11.762256,10357.76738945,0.94350817,0.98395574,,,,,,,,,,,,
2011-02-17,62.288231,,25.4615082,203.287251,6.078198,8.105965928,134.468893,,,4.305032,3.5272951,1.208871,1.654253559,1.41811526,1195.1425458,1.23904587,11.789944,10332.62957825,0.94629323,0.98442137,,,,,,,,,,,,
2011-02-18,63.023652,,25.6787881,203.889455,6.137491,8.185975052,136.012072,,,4.355261,3.5575842,1.214003,1.652027737,1.42666959,1206.0694231,1.23859712,11.932098,10354.81270346,0.94576731,0.98794561,,,,,,,,,,,,
2011-02-21,62.22394,,25.4259599,201.275776,6.045966,8.064960113,134.530851,,,4.299343,3.5227994,1.199601,1.635132523,1.41604971,1194.5438922,1.22303061,11.779023,10337.69437181,0.93513968,0.97787334,,,,,,,,,,,,
2011-02-22,61.163144,,24.9960275,198.562097,5.944506,7.930646497,132.494466,,,4.225177,3.4634965,1.184209,1.616136886,1.39473847,1167.7102519,1.20705532,11.528232,10241.25307875,0.92300251,0.95884519,,,,,,,,,,,,
2011-02-23,60.989026,,24.8198293,200.334482,5.899172,7.871138618,132.186882,,,4.212609,3.4393137,1.194216,1.61558963,1.3966387,1162.7604397,1.21453922,11.430824,10265.06564814,0.9291762,0.95024082,,,,,,,,,,,,
2011-02-24,60.98684,,24.8908332,199.726825,5.901562,7.875267202,132.828908,,,4.211928,3.4493489,1.195634,1.625521297,1.37795917,1163.5151303,1.21383195,11.494491,10216.31672843,0.92886134,0.95644517,,,,,,,,,,,,
2011-02-25,61.132017,,24.9419011,199.97389,5.895913,7.868681852,133.333762,,,4.221357,3.456634,1.198406,1.62309946,1.38561446,1164.0011549,1.21439385,11.570074,10166.3219474,0.92856686,0.95792805,,,,,,,,,,,,
2011-02-28,62.173631,,25.2248904,201.465517,5.967311,7.96486548,135.853399,,,4.292793,3.4960623,1.205617,1.645727173,1.40550222,1171.8839292,1.23228171,11.701996,10338.47135611,0.94128942,0.9728173,,,,,,,,,,,,
2011-03-01,61.814473,,24.9938563,198.208636,5.911724,7.89168199,134.720635,,,4.268026,3.4642526,1.187319,1.634959668,1.39559176,1157.2706348,1.22588743,11.617301,10309.00985304,0.93529673,0.96782342,,,,,,,,,,,,
2011-03-02,62.304281,,25.1094178,201.297644,5.949616,7.943178938,136.47198,,,4.301188,3.4804769,1.204187,1.643667295,1.4014529,1170.0384527,1.23506222,11.770112,10345.82107592,0.94306313,0.96950676,,,,,,,,,,,,
2011-03-03,63.181103,,25.4847775,203.646346,5.994273,8.0037281,137.13659,,,4.361819,3.5327085,1.219146,1.663299337,1.41911436,1181.8460883,1.25506429,11.965013,10248.12353786,0.95724537,0.97751182,,,,,,,,,,,,
2011-03-04,62.939946,,25.3519643,203.429907,5.973004,7.976315913,137.473748,,,4.344989,3.5145137,1.215717,1.657040374,1.42092269,1168.8081634,1.24744513,11.872649,10203.32304636,0.95118274,0.97403603,,,,,,,,,,,,
2011-03-09,63.096181,,25.4436942,199.856406,5.972925,7.977169103,138.542958,,,4.355286,3.527438,1.201218,1.663594431,1.41789589,1169.7454846,1.25361149,11.906568,10236.6748842,0.95329258,0.97699212,,,,,,,,,,,,
2011-03-10,62.59064,,25.2394581,195.736606,5.928519,7.918857402,137.484909,,,4.320126,3.4993441,1.177791,1.643676162,1.39359792,1151.5482653,1.24030162,11.805849,10193.76681895,0.94232292,0.96586531,,,,,,,,,,,,
2011-03-11,62.989403,,25.2801859,197.74123,5.977199,7.98479086,138.558745,,,4.347105,3.5051989,1.186546,1.651112257,1.42185114,1164.9393578,1.24240275,11.883825,10286.13199037,0.94463355,0.97164836,,,,,,,,,,,,
2011-03-14,63.249632,,25.4820427,198.755086,5.966429,7.971379106,139.20473,,,4.364508,3.5333854,1.19178,1.661314178,1.41893328,1161.6056884,1.24510302,11.938541,10353.00084541,0.94677471,0.96910734,,,,,,,,,,,,
2011-03-15,63.256859,,25.4536273,198.469244,5.942779,7.940759277,138.524723,,,4.364511,3.5296594,1.188669,1.667880742,1.41776969,1157.6282269,1.24165078,11.934909,10350.65349434,0.94377444,0.97153803,,,,,,,,,,,,
2011-03-16,63.044063,,25.2160445,195.452371,5.936268,7.933019258,138.743842,,,4.349368,3.496944,1.174399,1.658651505,1.4183426,1160.1074442,1.24338358,11.904232,10299.73807893,0.94399298,0.97262478,,,,,,,,,,,,
2011-03-17,63.255224,,25.2279588,196.303538,5.901291,7.887259986,138.954371,,,4.36413,3.4988052,1.178956,1.65332768,1.42869526,1160.6931713,1.24556032,11.928852,10180.49581997,0.94623144,0.97662316,,,,,,,,,,,,
2011-03-18,63.415243,,25.3648869,198.188632,5.904594,7.89261846,139.925611,,,4.374795,3.5179925,1.192498,1.661291532,1.43250736,1165.5284324,1.2412136,12.041128,10225.48895392,0.94440555,0.98645825,,,,,,,,,,,,
2011-03-21,63.756418,,25.3884533,198.063918,5.901334,7.88921734,139.796035,,,4.398161,3.5214698,1.19111,1.671877193,1.43506635,1163.7484843,1.23833168,12.185353,10167.3781331,0.9418943,0.98839593,,,,,,,,,,,,
2011-03-22,64.220149,,25.7332893,201.105231,5.974454,7.987866917,140.746705,,,4.42987,3.5694729,1.205268,1.685969827,1.43791143,1179.912264,1.24529946,12.221588,10244.01113307,0.94786368,0.99451697,,,,,,,,,,,,
2011-03-23,64.296732,,25.7802969,201.44446,5.988584,8.007724768,140.227781,,,4.434476,3.576202,1.209504,1.681040371,1.44175704,1178.9547967,1.24366556,12.213279,10276.44770886,0.94704815,0.99737665,,1.0,,,,,,,,,,
2011-03-24,64.13917,,25.7292886,200.450999,5.962136,7.973348983,139.683866,,,4.423369,3.5693472,1.202222,1.688721421,1.44234987,1168.8078236,1.2430598,12.21551,10293.21830522,0.94578629,1.00225242,,1.00482428,,,,,,,,,,
2011-03-25,64.476361,,25.9454466,201.084554,5.963347,7.975926746,140.154427,,,4.446409,3.5995192,1.207087,1.698998697,1.44864502,1177.0754006,1.24722893,12.24956,10423.23470873,0.94895885,1.00819962,,1.00263514,,,,,,,,,,
2011-03-28,64.492994,,25.749087,199.829015,5.9348,7.938730145,139.658375,,,4.447141,3.5725212,1.199442,1.693430278,1.44146024,1170.9194515,1.24292318,12.23968,10361.09695943,0.94536659,1.00939652,,1.00427703,,,,,,,,,,
2011-03-29,64.562665,,25.715534,200.55327,5.939887,7.946488685,138.994991,,,4.451637,3.5680853,1.202344,1.69064089,1.42950391,1166.9460434,1.24132049,12.283037,10373.00655172,0.94500674,1.00960565,,1.00667275,,,,,,,,,,
2011-03-30,65.184198,,25.927704,202.431316,6.003761,8.032853897,139.549311,,,4.493926,3.5977439,1.211153,1.69584356,1.44870185,1182.7942431,1.260353,12.399859,10459.25327113,0.9581537,1.01728647,,1.01824399,,,,,,,,,,
2011-03-31,65.703867,,26.2238164,204.838968,6.064356,8.114862574,141.24016,,,4.529355,3.6390519,1.22334,1.715433386,1.47357166,1204.5627831,1.27519899,12.459873,10646.49081214,0.96905207,1.02197987,,1.03908428,,,,,,,,,,
2011-04-01,66.937695,,26.7278744,206.787994,6.200882,8.298444567,143.511107,,,4.614059,3.7092173,1.234685,1.730826881,1.50613363,1242.205836,1.29323345,12.603565,10703.3888476,0.98133194,1.02993313,,1.04650835,,,,,,,,,,
2011-04-04,67.008328,,26.8175469,207.225957,6.206999,8.307651063,144.412117,,,4.618586,3.721884,1.240644,1.736399683,1.51702321,1248.0651489,1.29828255,12.640514,10837.54776505,0.98567068,1.03205719,,1.04128512,,,,,,,,,,
2011-04-05,67.067179,,26.9146735,207.499787,6.247601,8.362970315,144.734804,,,4.622226,3.7355859,1.244112,1.746220775,1.51719067,1260.5048157,1.30234115,12.656282,10863.57209409,0.9886171,1.03271977,,1.0383679,,,,,,,,,,
2011-04-06,66.555106,,26.654067,205.650636,6.20325,8.304652489,143.873804,,,4.586851,3.6996478,1.231794,1.731749431,1.50576576,1243.9410657,1.29229646,12.572279,10772.34433493,0.98092112,1.03193046,,1.04383404,,,,,,,,,,
2011-04-07,66.746905,,26.6456819,205.394378,6.228916,8.339989617,144.391079,,,4.599738,3.698708,1.231107,1.730097391,1.49617219,1254.0526887,1.29228352,12.634994,10805.10325103,0.98110365,1.03446962,,1.04162115,,,,,,,,,,
2011-04-08,66.288403,,26.4220443,203.738348,6.189514,8.288271995,143.502157,,,4.567726,3.6678983,1.220856,1.71959849,1.50057728,1242.5766195,1.28402826,12.469206,10813.18228582,0.97424337,1.02673994,,1.04252991,,,,,,,,,,
2011-04-11,66.842374,,26.5559117,202.207669,6.216776,8.325755586,144.649751,,,4.605752,3.6866957,1.212122,1.733056456,1.50494154,1244.7076617,1.29194188,12.566564,10835.00632823,0.97936736,1.03714317,,1.04941623,,,,,,,,,,
2011-04-12,65.757836,,26.266034,198.353917,6.108267,8.181519034,142.745224,,,4.532458,3.6466918,1.19027,1.707871218,1.49028564,1220.2673741,1.27237036,12.418004,10759.79992468,0.96465469,1.02629399,,1.03552611,,,,,,,,,,
2011-04-13,65.509001,,26.2356919,196.900764,6.066838,8.127032071,142.639379,,,4.51698,3.6427004,1.182743,1.708656848,1.47357871,1221.5643332,1.27037609,12.394905,10750.66342123,0.96304384,1.02574812,,1.03984902,,,,,,,,,,
2011-04-14,65.366387,,26.2148849,196.192679,6.051022,8.106832778,142.601352,,,4.508115,3.6400324,1.179095,1.715965027,1.47264074,1219.5409328,1.27209103,12.382083,10767.13220443,0.96337155,1.0237663,,1.03315787,,,,,,,,,,
2011-04-15,65.592636,,26.3133192,197.406411,6.058409,8.117703016,142.747453,,,4.520991,3.6539098,1.185885,1.722667057,1.46999248,1220.8330091,1.27958527,12.442213,10750.07791653,0.9688724,1.02465801,,1.04096523,,,,,,,,,,
2011-04-18,64.822113,,26.2383019,194.232785,5.987753,8.024059679,141.060318,,,4.472888,3.6437185,1.163454,1.697221161,1.46586688,1207.1082746,1.26573565,12.279724,10692.61734913,0.95800358,1.01554861,,1.02735173,,,,,,,,,,
2011-04-19,65.283485,,26.3732071,196.518635,6.069081,8.133954507,142.338057,,,4.501006,3.6626571,1.176299,1.709779088,1.47675389,1217.6077167,1.26613587,12.444896,10723.02117639,0.95900215,1.02575241,,1.03051155,,,,,,,,,,
2011-04-20,66.27662,,26.5913906,199.769952,6.162667,8.260317753,144.084818,,,4.570183,3.6931532,1.193457,1.726423773,1.49333635,1229.2752845,1.28817081,12.63788,10778.61429489,0.97559154,1.03683365,,1.0458741,,,,,,,,,,
2011-04-25,66.528611,,26.6243853,199.716585,6.152534,8.247756882,144.387394,,,4.591284,3.6979528,1.193782,1.727743772,1.5051969,1232.9851935,1.29517541,12.649754,10779.73113991,0.97978581,1.04663926,,1.04634234,,,,,,,,,,
2011-04-26,66.64342,,26.7446262,200.740484,6.172924,8.276071617,145.756664,,,4.597833,3.7148596,1.199107,1.732639191,1.50954411,1232.3730958,1.31206631,12.740065,10768.34807688,0.99113036,1.04449292,,1.0475268,,,,,,,,,,
2011-04-27,65.97369,,26.5274662,198.41579,6.136785,8.22864345,144.847022,,,4.553711,3.6849319,1.18163,1.719625981,1.4845869,1220.0540216,1.30602141,12.644386,10704.25447565,0.98533614,1.02559758,,1.04361753,,,,,,,,,,
2011-04-28,65.427779,,26.4371338,195.799219,6.06654,8.135485802,144.153228,,,4.516128,3.6726033,1.170117,1.719888008,1.4671677,1203.0309139,1.30188029,12.527462,10611.39128044,0.98160328,1.01826145,,1.04247713,,,,,,,,,,
2011-04-29,66.190917,,26.6134666,197.8651,6.123095,8.212263659,146.32647,,,4.572047,3.6973206,1.179709,1.740181028,1.48545278,1219.9029737,1.32512092,12.602289,10710.80155206,0.999168,1.03321337,,1.04622633,,,,,,,,,,
2011-05-02,66.164074,,26.5990661,196.103989,6.108808,8.194104439,145.904875,,,4.577545,3.6955416,1.169642,1.739641599,1.47535595,1206.3268719,1.32552702,12.691922,10603.23675226,0.9981702,1.03755629,,1.04471271,,,,,,,,,,
2011-05-03,65.372707,,26.1565406,192.244163,6.008809,8.06102111,144.27911,,,4.527065,3.6342852,1.148207,1.71930336,1.44294748,1179.875809,1.3067382,12.528553,10454.77931597,0.98366002,1.02930017,,1.02203112,,,,,,,,,,
2011-05-04,64.923218,,25.916057,190.135108,5.980153,8.023554225,143.255903,,,4.498607,3.6010938,1.137932,1.70663947,1.43824945,1173.4165547,1.30409453,12.444547,10405.36847606,0.98080795,1.01757779,,1.02318631,,,,,,,,,,
2011-05-05,64.639867,,25.8143907,189.341067,5.971128,8.01241213,142.744906,,,4.477828,3.5871856,1.131694,1.706177622,1.42703793,1166.8691776,1.28556577,12.382445,10371.97642587,0.96787651,1.01361284,,1.02667484,,,,,,,,,,
2011-05-06,65.5271,,26.2926533,191.580238,6.105583,8.193706744,145.592932,,,4.536914,3.6538431,1.150236,1.722971118,1.47178803,1193.301959,1.30469942,12.558688,10448.81221156,0.98254616,1.02580294,,1.03905146,,,,,,,,,,
2011-05-09,65.964577,,26.4830845,192.629968,6.126786,8.223158316,146.726318,,,4.569406,3.6805176,1.15592,1.735290947,1.46304155,1199.3673421,1.310914,12.586475,10523.58882804,0.98711233,1.02836873,,1.04088273,,,,,,,,,,
2011-05-10,65.895024,,26.5063991,194.344139,6.132615,8.231975,147.325989,,,4.559963,3.683977,1.163236,1.739861721,1.47449205,1215.2037846,1.31794607,12.600926,10562.57107702,0.9920618,1.03890967,,1.04668602,,,,,,,,,,
2011-05-11,65.584528,,26.2993791,190.649641,6.051821,8.124574921,146.356067,,,4.547621,3.6554374,1.140702,1.736361846,1.46226561,1201.9830932,1.30708874,12.598826,10429.6615089,0.98243174,1.03520363,,1.04075732,,,,,,,,,,
2011-05-12,65.822524,,26.4842726,191.036602,6.095169,8.183709818,147.902069,,,4.563355,3.6813426,1.143905,1.738628462,1.46151488,1218.8637126,1.30474705,12.668495,10432.26248246,0.98105034,1.03569088,,1.04269339,,,,,,,,,,
2011-05-13,65.580705,,26.3590452,188.339203,6.01126,8.072101339,147.223921,,,4.552401,3.6641658,1.131125,1.73750932,1.45448238,1204.46907,1.29593212,12.638513,10394.62620471,0.97367712,1.03051895,,1.03027086,,,,,,,,,,
2011-05-16,65.094008,,26.2676479,187.314355,5.947854,7.987963589,146.360042,,,4.518452,3.6516878,1.124073,1.727198224,1.44323091,1191.1300949,1.28791481,12.586287,10379.61925886,0.96743389,1.0240746,,1.01013034,,,,,,,,,,
2011-05-17,64.946041,,26.313254,189.522388,5.950995,7.993135183,146.279736,,,4.499403,3.6582422,1.136385,1.721082203,1.44921737,1194.9477101,1.29846262,12.545745,10378.43153105,0.97586595,1.01855219,,0.99864938,,,,,,,,,,
2011-05-18,64.34452,,26.2470084,186.803564,5.902945,7.92959547,145.058862,,,4.45816,3.649258,1.120199,1.719971873,1.4522074,1184.0331634,1.29143071,12.505929,10358.69568452,0.97098119,1.01246886,,0.99513709,,,,,,,,,,
2011-05-19,63.762154,,26.0998997,185.510586,5.817599,7.815958754,144.329928,,,4.417537,3.6290393,1.111645,1.704411236,1.44004185,1166.6451726,1.27999589,12.411518,10334.01123272,0.96235176,1.00656829,,0.99065969,,,,,,,,,,
2011-05-20,63.935922,,26.0554896,186.501739,5.798169,7.790799417,144.080651,,,4.429213,3.6230868,1.118089,1.712228979,1.44522229,1170.4615819,1.28543724,12.403293,10360.60045914,0.96654741,1.01177544,,0.9786646,,,,,,,,,,
2011-05-23,63.357715,,25.8759194,185.946603,5.733553,7.704960523,142.546862,,,4.384511,3.5983568,1.114092,1.697483789,1.43182704,1155.5691452,1.27808658,12.236865,10354.18700962,0.96140985,1.00148496,,0.96428546,,,,,,,,,,
2011-05-24,64.284089,,26.114593,188.75864,5.787252,7.778003737,143.991117,,,4.446742,3.6317298,1.130739,1.717079153,1.43999396,1162.7831022,1.28749126,12.37342,10355.10223158,0.96903308,1.01029174,,0.98900557,,,,,,,,,,
2011-05-25,64.32825,,26.236941,188.718846,5.814792,7.815944979,144.630489,,,4.449434,3.6489442,1.134132,1.730068541,1.4474746,1169.0406287,1.29331342,12.432173,10376.89652567,0.97338975,1.00895387,,0.97942731,,,,,,,,,,
2011-05-26,64.776318,,26.4650863,191.601767,5.840417,7.851320423,146.315641,,,4.476305,3.6808574,1.149192,1.740870121,1.45783646,1171.4618159,1.3021997,12.561535,10407.65428579,0.98094889,1.01206563,,0.98959773,,,,,,,,,,
2011-05-27,64.958912,,26.5582203,192.497913,5.863517,7.883310123,146.544863,,,4.488552,3.6940161,1.151398,1.742752624,1.46185599,1175.004755,1.30113435,12.603061,10393.93978825,0.9806621,1.01475078,,1.00509517,,,,,,,,,,
2011-05-30,64.896559,,26.4480556,191.579008,5.886863,7.915638943,146.59873,,,4.487295,3.6789131,1.146187,1.73996503,1.46911968,1175.9057118,1.30505106,12.607643,10449.51426394,0.98290124,1.01592133,,1.00195966,,,,,,,,,,
2011-05-31,65.894352,,26.6482224,192.673092,5.964196,8.020530743,148.597473,,,4.559316,3.7069778,1.15647,1.772002209,1.4844218,1195.8495852,1.32140172,12.763115,10520.95056886,0.99553714,1.02833521,,1.02440623,,,,,,,,,,
2011-06-01,65.011006,,26.2857105,189.557043,5.860849,7.882596865,146.983357,,,4.502666,3.6567728,1.137491,1.759883227,1.44915814,1173.3179345,1.30627687,12.545568,10371.08674257,0.98329729,1.02485986,,1.02011419,,,,,,,,,,
2011-06-02,65.060112,,26.4824019,191.34454,5.877545,7.905975601,147.204186,,,4.496993,3.6843527,1.151224,1.762785934,1.44835819,1179.7283909,1.3110374,12.639122,10476.70996322,0.9871441,1.03114214,,1.01049224,,,,,,,,,,
2011-06-03,65.434898,,26.5148611,191.506427,5.927387,7.973942909,148.201775,,,4.525274,3.6890887,1.151658,1.765096135,1.4563016,1187.9195187,1.31529479,12.71428,10587.22193166,0.99042311,1.03262529,1.0,1.01487524,,,,,,,,,,
2011-06-06,64.667538,,26.3822846,187.866995,5.889296,7.923696844,146.87604,,,4.478729,3.6708677,1.128079,1.747249153,1.4594294,1167.2508519,1.30621094,12.544762,10487.97980622,0.98243604,1.02558639,0.9861901,1.00593127,,,,,,,,,,
2011-06-07,65.073245,,26.4673181,188.646952,5.917598,7.96270499,147.71204,,,4.508899,3.6829162,1.133001,1.752930691,1.46567364,1173.0316612,1.31314101,12.605528,10462.57995138,0.98779242,1.03244477,0.9917981,1.01517779,,,,,,,,,,
2011-06-08,64.669196,,26.4054309,188.342695,5.89996,7.939952603,147.187323,,,4.47822,3.674528,1.129816,1.752338805,1.45299409,1168.1157138,1.30393894,12.52875,10410.11273201,0.98148732,1.02536728,0.98796134,0.99413207,,,,,,,,,,
2011-06-09,65.108192,,26.5082348,189.487883,5.910214,7.954704544,147.952911,,,4.507935,3.6890486,1.137148,1.755930093,1.45610101,1172.8968925,1.31422895,12.604325,10442.89161396,0.98828429,1.02556749,0.9928099,1.00454545,,,,,,,,,,
2011-06-10,64.618701,,26.200716,187.344649,5.877351,7.911459137,146.198094,,,4.477499,3.6464922,1.124288,1.741656182,1.44580229,1156.7108648,1.30193169,12.480211,10386.18866656,0.97872313,1.02286821,0.98466727,1.00297465,,,,,,,,,,
2011-06-13,64.282669,,25.9785064,185.362595,5.846465,7.870858405,145.589054,,,4.457592,3.6158002,1.112351,1.740414939,1.44025776,1152.9348629,1.30226594,12.406063,10356.47759031,0.97780722,1.01946568,0.98148736,1.00286405,,,,,,,,,,
2011-06-14,64.098755,,26.0570716,186.396757,5.862701,7.893651021,145.542904,,,4.4402,3.6269455,1.115086,1.736319732,1.42932762,1146.1766507,1.30525935,12.354304,10343.76226753,0.97972929,1.02228781,0.98168612,1.0037652,,,,,,,,,,
2011-06-15,63.715134,,25.9195703,185.155361,5.813945,7.828996033,144.402361,,,4.415869,3.6080356,1.108505,1.735382394,1.40108926,1133.8043073,1.29614468,12.258425,10255.67740653,0.97279684,1.01280635,0.97609544,1.00396736,,,,,,,,,,
2011-06-16,63.020732,,25.6950195,183.329086,5.723734,7.708525299,143.146645,,,4.367675,3.5770155,1.097358,1.719740261,1.4015986,1120.060097,1.28760414,12.089346,10239.20701965,0.96594746,0.99672436,0.96318854,0.99470651,,,,,,,,,,
2011-06-17,62.797988,,25.6134951,183.232197,5.702295,7.680568243,142.432265,,,4.347306,3.5658892,1.098283,1.723385231,1.40020141,1121.5475615,1.27845387,12.050449,10217.27344568,0.95994729,0.99167343,0.95994069,0.99276345,,,,,,,,,,
2011-06-20,62.550684,,25.6303713,183.701111,5.694269,7.670689378,141.492991,,,4.325663,3.5684502,1.099505,1.717819156,1.39286864,1113.4133451,1.27049213,12.058436,10280.31591281,0.95493148,0.99091962,0.95790591,0.98779973,,,,,,,,,,
2011-06-21,62.979246,,25.7515156,184.267444,5.724851,7.712789013,142.476345,,,4.357561,3.5855155,1.103943,1.728537926,1.39604097,1118.5788366,1.27878001,12.154108,10296.77964441,0.96102765,0.99847279,0.96144464,1.00472418,,,,,,,,,,
2011-06-22,62.383803,,25.6076572,183.899672,5.673328,7.644349997,142.040784,,,4.312041,3.5657188,1.099427,1.720108367,1.39636556,1110.2822574,1.27131967,12.020605,10224.8741419,0.95571091,0.98710821,0.95543228,1.00051773,,,,,,,,,,
2011-06-24,62.639221,,25.842089,183.065765,5.678882,7.65274582,141.911317,,,4.33417,3.5985425,1.097445,1.712944689,1.4055427,1107.0941259,1.27702357,11.962844,10317.00994654,0.95881248,0.98771603,0.95580373,1.01308591,,,,,,,,,,
2011-06-27,62.403222,,25.8344914,183.336771,5.669687,7.641287131,141.977715,,,4.311425,3.597701,1.098497,1.700910354,1.42092613,1113.8189012,1.27684693,11.995673,10248.46680623,0.95865312,0.98297053,0.95783911,1.01616938,,,,,,,,,,
2011-06-28,62.952978,,26.2906066,186.748617,5.731215,7.725090246,142.884272,,,4.342567,3.6613636,1.118544,1.715086237,1.45199842,1126.2436047,1.29053347,12.157088,10315.71212589,0.96930116,0.99279408,0.97328581,1.02932213,,,,,,,,,,
2011-06-29,62.944786,,26.2607387,186.984197,5.709724,7.697082537,143.262245,,,4.342138,3.6574232,1.119823,1.710609113,1.45213328,1129.3295071,1.2911563,12.148609,10330.76654076,0.97010574,0.9959624,0.97298187,1.02904471,,,,,,,,,,
2011-06-30,63.385159,,26.225273,187.824538,5.737345,7.73522646,142.840521,,,4.351109,3.6527029,1.119697,1.717620641,1.45327879,1128.2248908,1.29043827,12.166798,10385.07747453,0.96968675,1.00222689,0.97441703,1.05234437,,,,,,,,,,
2011-07-01,63.657923,,26.4275416,190.549915,5.78764,7.803936017,144.207763,,,4.369112,3.6810933,1.137387,1.724044714,1.46143245,1135.9120194,1.30881658,12.323035,10397.85987135,0.98353468,1.00847415,0.98268624,1.03016732,,,,,,,,,,
2011-07-04,63.878964,,26.5513497,192.007088,5.809902,7.834885085,145.086137,,,4.383494,3.6985576,1.147323,1.727815283,1.46788944,1145.3199184,1.3180325,12.381831,10400.88586102,0.99042179,1.01024182,0.9876126,1.01311371,,,,,,,,,,
2011-07-05,63.629823,,26.3957356,189.590646,5.76528,7.775693115,143.939542,,,4.36637,3.6771056,1.132586,1.723342517,1.46490311,1133.8800247,1.3089605,12.335483,10365.30662761,0.98328857,1.00071621,0.97981117,0.99625811,,,,,,,,,,
2011-07-06,63.376793,,26.2771248,188.210431,5.720783,7.71664341,142.515071,,,4.348679,3.6608057,1.121943,1.718450005,1.46772666,1131.5745812,1.30545051,12.24059,10342.42864465,0.9803869,0.99445458,0.97331723,0.9942461,,,,,,,,,,
2011-07-07,63.167111,,26.1018809,187.188294,5.702136,7.69242842,141.874708,,,4.334148,3.6366169,1.116423,1.712784852,1.47501505,1129.3161058,1.30891155,12.241634,10303.64376897,0.98253782,0.98987527,0.97016821,0.99604725,,,,,,,,,,
2011-07-08,62.540022,,25.8513779,184.736496,5.648808,7.621453805,140.157471,,,4.291159,3.6019445,1.104806,1.702201519,1.46317121,1118.8210139,1.29178787,12.120937,10288.66099864,0.96984863,0.98159253,0.95823026,0.9726935,,,,,,,,,,
2011-07-11,61.449308,,25.5121752,180.756784,5.519983,7.448651529,138.656753,,,4.215978,3.5549159,1.082012,1.679437056,1.41124019,1086.5879571,1.27054119,11.940727,10129.41181738,0.95327794,0.96206639,0.94160789,0.95391948,,,,,,,,,,
2011-07-12,61.316437,,25.3783652,179.240918,5.484703,7.401951704,138.576658,,,4.206968,3.5364917,1.070885,1.672235627,1.41054798,1079.8783064,1.26320416,11.874098,10115.39863385,0.94710412,0.95238578,0.93546096,0.94906527,,,,,,,,,,
2011-07-13,62.31053,,25.7541593,181.954051,5.572283,7.520966667,140.463302,,,4.274793,3.5890443,1.084746,1.693907632,1.42938719,1092.0388757,1.27192924,12.038914,10217.25003191,0.95343475,0.97240319,0.94819053,0.9760008,,,,,,,,,,
2011-07-14,61.51276,,25.4157889,178.42456,5.49678,7.420033787,138.9086,,,4.220109,3.5421308,1.063251,1.680787357,1.39928848,1076.7937713,1.25911876,11.907382,10129.87015001,0.9438714,0.95901135,0.93637048,0.95750783,,,,,,,,,,
2011-07-15,60.777825,,25.2514943,177.829471,5.475294,7.391930061,137.630335,,,4.169026,3.5194599,1.059998,1.671209369,1.39937478,1072.1568627,1.25725767,11.834496,10119.46417101,0.94191253,0.95201073,0.93407025,0.9604585,,,,,,,,,,
2011-07-18,59.671787,,24.9770399,175.858945,5.386907,7.273557316,135.955209,,,4.092594,3.4814446,1.049345,1.641183507,1.39476252,1051.3314345,1.247769,11.666786,10043.55238744,0.93490127,0.92960729,0.92014798,0.96055882,,,,,,,,,,
2011-07-19,59.397692,,24.9163703,176.75767,5.378799,7.263479297,135.91275,,,4.073133,3.473203,1.053583,1.638215698,1.38413644,1051.9547425,1.24226373,11.678284,10033.5646089,0.93219381,0.9241418,0.92149004,0.95230018,,,,,,,,,,
2011-07-20,59.541456,,24.9335255,177.351034,5.38912,7.278284343,136.257577,,,4.082873,3.4758003,1.055363,1.645543618,1.38941975,1049.9390823,1.23653829,11.709025,9998.13103001,0.92826334,0.93314588,0.92441272,0.93865576,,,,,,,,,,
2011-07-21,60.668122,,25.2856478,181.309454,5.483376,7.406387939,138.62216,,,4.159948,3.5250518,1.075445,1.663276005,1.4016613,1073.7346527,1.27418574,11.888354,10175.25670751,0.95446802,0.94271272,0.94579085,0.94601903,,,,,,,,,,
2011-07-22,61.178723,,25.3402772,181.614087,5.514283,7.449018392,139.330972,,,4.194348,3.5328715,1.077027,1.670791265,1.39778312,1088.3767939,1.27349561,11.908075,10104.41428654,0.95398032,0.95406016,0.94790525,0.9505917,,,,,,,,,,
2011-07-25,60.788889,,25.132043,180.521635,5.47273,7.393823455,138.688993,,,4.167089,3.5040803,1.069769,1.666083115,1.38966002,1085.4775129,1.26689985,11.840944,10011.98941802,0.94885841,0.94692446,0.94066314,0.9501089,,,,,,,,,,
2011-07-26,60.50499,,25.0446816,179.065811,5.418088,7.320929198,137.420196,,,4.147702,3.4921224,1.056502,1.652161048,1.37436192,1076.03649,1.25146303,11.7733,10053.87565648,0.93707965,0.93897765,0.92886595,0.94120971,,,,,,,,,,
2011-07-27,59.748958,,24.6027426,176.490557,5.288882,7.147317231,135.454914,,,4.095848,3.4307788,1.038851,1.631635492,1.34535419,1038.5885552,1.23515195,11.611834,9933.24304435,0.92456159,0.92234868,0.91541892,0.92984251,,,,,,,,,,
2011-07-28,59.896211,,24.7147527,177.449326,5.319946,7.190114997,135.354703,,,4.105696,3.4466057,1.043598,1.639428674,1.35254199,1040.4127324,1.23644916,11.656648,9923.92436251,0.92546723,0.92824721,0.9228775,0.93534098,,,,,,,,,,
2011-07-29,60.172306,,24.7827003,177.92521,5.363197,7.249405826,136.200003,,,4.124375,3.4562885,1.043356,1.648865267,1.35966605,1052.7173882,1.2307569,11.685113,9921.24148084,0.9208563,0.93586577,0.93093707,0.93936271,,,,,,,,,,
2011-08-01,59.656891,,24.7349103,177.122035,5.329512,7.20478442,135.933205,,,4.088518,3.4498309,1.038521,1.640648699,1.36100941,1047.4407478,1.22916666,11.597146,9826.68672068,0.91960171,0.93649048,0.9245792,0.93232095,,,,,,,,,,
2011-08-02,58.442471,,24.1603147,172.191286,5.207219,7.040423438,133.068894,,,4.005017,3.3699039,1.014253,1.612029974,1.34303895,1034.089093,1.20229754,11.225011,9817.6688497,0.89830051,0.92453975,0.90816345,0.91294712,,,,,,,,,,
2011-08-03,56.98502,,23.5473856,168.27914,5.079019,6.868026312,129.815533,,,3.904824,3.2846261,0.990618,1.580958772,1.31424327,1006.8898459,1.17064354,11.080585,9549.74596185,0.87447027,0.90765418,0.89074192,0.88935349,,,,,,,,,,
2011-08-04,54.14792,,22.3620837,158.791586,4.773824,6.456391827,123.230178,,,3.710777,3.1195194,0.939104,1.510349562,1.26034576,948.5116085,1.09539039,10.476181,9122.67235889,0.81765554,0.86652924,0.84835884,0.82875573,,,,,,,,,,
2011-08-05,54.163457,,22.4929515,158.618444,4.806932,6.501871614,124.005447,,,3.710425,3.1379575,0.940673,1.517937828,1.27678727,943.7660588,1.10878471,10.494785,9014.7891879,0.82853911,0.85416228,0.8471502,0.83132082,,,,,,,,,,
2011-08-08,50.246652,,20.9656495,145.345078,4.451521,6.022244004,116.020594,,,3.441122,2.9251469,0.864456,1.438256383,1.19735371,881.770586,1.02670826,9.672035,8148.63380327,0.7674236,0.80264938,0.7850578,0.7643788,,,,,,,,,,
2011-08-09,52.174151,,21.7606405,153.050488,4.627771,6.261185996,120.417554,,,3.571808,3.0361924,0.912154,1.485856032,1.21390668,906.1349419,1.06115749,10.185726,8145.34761601,0.79414282,0.8448138,0.82157938,0.79312494,,,,,,,,,,
2011-08-10,52.476347,,21.8609477,153.731021,4.64116,6.280071804,121.461588,,,3.592015,3.0503634,0.914149,1.494386336,1.22746321,915.5752478,1.06972044,10.155507,8098.08009858,0.80021506,0.85184701,0.820792,0.78123961,,,,,,,,,,
2011-08-11,54.772268,,22.5626204,159.695233,4.850261,6.563584443,126.134155,,,3.748838,3.1484018,0.949335,1.534746752,1.2875582,973.0848682,1.11702924,10.625273,8351.26237224,0.83534575,0.8765839,0.85086465,0.79196436,,,,,,,,,,
2011-08-12,55.161931,,22.5911226,160.018907,4.818134,6.520968022,126.239197,,,3.780069,3.1525655,0.952394,1.532302608,1.28925002,967.1482717,1.12352096,10.655709,8272.5624653,0.84123354,0.88179159,0.8516876,0.80137141,,,,,,,,,,
2011-08-15,56.36097,,23.0545288,164.207363,4.932113,6.675909928,129.321804,,,3.85735,3.2173809,0.976634,1.558300149,1.31878059,989.3910259,1.14182098,10.878652,8421.62741684,0.8541727,0.8993344,0.87005404,0.83979125,,,,,,,,,,
2011-08-16,56.32394,,22.8722289,162.448806,4.916523,6.655650227,128.654586,,,3.854086,3.1921499,0.967384,1.552299892,1.30430126,989.60172,1.13228667,10.801476,8284.18680245,0.84616076,0.9079406,0.86745337,0.84094613,,,,,,,,,,
2011-08-17,56.635307,,23.0498266,165.13455,4.960112,6.715441607,129.587929,,,3.875022,3.2171087,0.981402,1.55793568,1.29467146,992.6349373,1.13547514,10.841586,8189.19183128,0.85049276,0.90823633,0.87394264,0.84742625,,,,,,,,,,
2011-08-18,55.577584,,22.6139896,158.885912,4.858435,6.578694287,126.078866,,,3.80166,3.1565194,0.946716,1.537158899,1.26372157,964.3282979,1.10665408,10.556811,7920.90045714,0.82834268,0.90183156,0.85238497,0.83728958,,,,,,,,,,
2011-08-19,55.014113,,22.4392213,156.190925,4.836548,6.549858974,125.09185,,,3.762664,3.1323915,0.932521,1.53243112,1.26005443,963.8893636,1.10130186,10.475897,7923.74374722,0.82340419,0.89045585,0.84878609,0.85505797,,,,,,,,,,
2011-08-22,54.481605,,22.4238736,155.686027,4.861674,6.58465358,124.842243,,,3.725808,3.1304949,0.929863,1.530278497,1.24706348,962.0991573,1.10237281,10.439758,7900.24634166,0.82405902,0.88766849,0.84764539,0.87608617,,,,,,,,,,
2011-08-23,55.169051,,22.8304246,159.13446,4.923094,6.668587825,126.724726,,,3.772452,3.1873816,0.949839,1.550382421,1.26155356,964.6211526,1.11226519,10.659883,7906.21011843,0.83216719,0.89433821,0.85741642,0.89080394,,,,,,,,,,
2011-08-24,55.182997,,22.7677046,159.265094,4.946312,6.700832921,125.978885,,,3.773443,3.178825,0.949283,1.546890101,1.27266281,969.1944871,1.11920612,10.641254,7831.94816395,0.83664581,0.89559668,0.85754842,0.89226248,,,,,,,,,,
2011-08-25,54.763903,,22.4713678,157.253501,4.894759,6.631857505,124.685155,,,3.743543,3.1376868,0.935257,1.530929587,1.27475718,966.5165639,1.1127564,10.534455,7732.99089272,0.83110679,0.8892695,0.84638466,0.89203503,,,,,,,,,,
2011-08-26,54.852011,,22.6173979,158.748748,4.907669,6.6501334,125.694642,,,3.749822,3.1582403,0.944772,1.54610449,1.26503149,964.0725166,1.12247127,10.629544,7725.84443975,0.83857828,0.89515386,0.85173592,0.90452819,,,,,,,,,,
2011-08-29,56.487192,,23.3303291,163.328307,5.060546,6.857957568,130.454266,,,3.86113,3.2578568,0.971964,1.582235634,1.30544534,1012.0036578,1.15830931,10.957925,7958.83189276,0.86511482,0.91587636,0.87337905,0.92372341,,,,,,,,,,
2011-08-30,57.210077,,23.6071442,164.939643,5.140742,6.967422047,132.236049,,,3.910744,3.29671,0.984624,1.597554462,1.32501132,1029.924528,1.17909766,11.106419,8060.79390486,0.87986414,0.92667034,0.89072724,0.92631203,,,,,,,,,,
2011-08-31,58.797401,,24.3043548,168.301373,5.258944,7.128379378,135.993668,,,4.019456,3.3942748,1.004293,1.628649881,1.34533392,1051.7737619,1.20959938,11.359646,8341.00325053,0.90154441,0.95469043,0.913476,0.97197444,,,,,,,,,,
2011-09-01,60.307341,,24.9173816,174.07044,5.398711,7.318599557,139.11837,,,4.122863,3.4800889,1.033802,1.663740005,1.36406721,1077.8339686,1.25193941,11.572155,8589.33362102,0.93300386,0.97489825,0.94483465,0.96281538,,,,,,,,,,
2011-09-02,59.538086,,24.3772923,169.543887,5.281032,7.16007997,136.223196,,,4.069567,3.4048722,1.007612,1.642216633,1.34965627,1052.9624587,1.23238703,11.320236,8455.37323953,0.91733144,0.96832418,0.92732524,0.95812448,,,,,,,,,,
2011-09-05,58.435888,,23.7798624,164.500607,5.117212,6.938965796,133.009957,,,3.994065,3.3216432,0.980552,1.617173115,1.32876914,1022.4268742,1.21162648,11.090992,8281.58923672,0.90039933,0.94676637,0.91040007,0.94045123,,,,,,,,,,
2011-09-06,59.146685,,24.2431487,168.999419,5.223913,7.084363868,135.458759,,,4.042372,3.3865415,1.0048,1.635617626,1.33603399,1042.7541663,1.23162486,11.214674,8485.52540882,0.91531985,0.9570625,0.92877325,0.9382979,,,,,,,,,,
2011-09-08,60.255918,,24.7207167,172.40499,5.30204,7.191123431,137.89284,,,4.117755,3.4534381,1.022305,1.6591699,1.34833781,1056.2368438,1.24644665,11.418234,8645.60585923,0.92715675,0.97161432,0.94438344,0.94465413,,,,,,,,,,
2011-09-09,58.991183,,24.0576169,166.935334,5.186116,7.034884707,133.97323,,,4.030918,3.361041,0.992284,1.628418208,1.33454516,1035.8162777,1.22685903,11.092443,8499.29070303,0.91187085,0.951826,0.92561978,0.94286092,,,,,,,,,,
2011-09-12,58.335695,,23.8568612,166.457392,5.138623,6.971338697,133.154794,,,3.985699,3.3332061,0.992065,1.617437241,1.330317,1030.1113891,1.22576791,10.948235,8493.63956428,0.91082175,0.94014304,0.9199977,0.91678128,,,,,,,,,,
2011-09-13,57.529423,,23.6200573,165.492855,5.094307,6.912097631,132.027424,,,3.930563,3.3003353,0.990452,1.605888982,1.33155306,1021.034001,1.23131717,10.824897,8512.28570814,0.91373001,0.93495388,0.91796895,0.92324232,,,,,,,,,,
2011-09-14,57.648054,,23.7967309,167.545557,5.127379,6.957771855,131.650585,,,3.938221,3.3252058,1.0003,1.614308248,1.33445845,1024.9829171,1.24224119,10.869632,8474.05209853,0.92239257,0.94491353,0.92182688,0.93674318,,,,,,,,,,
2011-09-15,58.082326,,23.8648991,168.371051,5.155603,6.996895231,132.089183,,,3.967662,3.3349247,1.003337,1.610082108,1.35134754,1034.6904013,1.24564301,10.967679,8547.77597723,0.92538497,0.94569559,0.92079695,0.93981631,,,,,,,,,,
2011-09-16,58.92298,,24.1425568,170.303363,5.226624,7.094068459,133.563584,,,4.024912,3.3738999,1.014487,1.622976948,1.38123285,1045.7541797,1.24506926,11.09186,8708.86061391,0.9259066,0.94641825,0.93317286,0.94775465,,,,,,,,,,1.0
2011-09-19,58.682589,,24.0681747,170.031784,5.189077,7.044012561,131.867697,,,4.012948,3.363714,1.012029,1.620108811,1.38827714,1039.2678086,1.23589957,10.984865,8700.34834412,0.91987984,0.93987028,0.9296694,0.9478389,,,,,,,,,,0.999228
2011-09-20,57.689341,,23.8153666,167.936472,5.135448,6.972109735,129.640559,,,3.938231,3.32861,1.002694,1.602082628,1.36900173,1015.774738,1.2241149,10.768293,8497.60310719,0.91014835,0.92579535,0.92409184,0.94531011,,,,,,,,,,0.982561
2011-09-21,57.084635,,23.6093644,166.427067,5.086434,6.906448963,127.340772,,,3.896923,3.3000405,0.996175,1.593481655,1.36208022,1006.4243679,1.21466528,10.520904,8384.27366797,0.90277837,0.92011123,0.91971936,0.95027089,,,,,,,,,,0.974173
2011-09-22,54.517627,,22.5112019,158.638621,4.87894,6.625708558,121.505337,,,3.7215,3.1468773,0.953582,1.550938486,1.31677869,964.1093793,1.16232232,10.095798,7958.67316823,0.86399579,0.87160469,0.89172516,0.90577511,,,,,,,,,,0.926212
2011-09-23,55.064113,,22.6324374,158.045749,4.869105,6.613133665,123.672093,,,3.75838,3.1639965,0.951614,1.563439287,1.32964061,973.9070406,1.17312686,10.265901,8041.87721967,0.87177164,0.8803031,0.89489336,0.89909041,,,,,,,,,,0.930121
2011-09-26,55.633394,,22.8264723,159.896647,4.905243,6.662984736,124.067467,,,3.798517,3.1912831,0.960492,1.568361759,1.32821211,973.595837,1.17315548,10.396648,7992.43109873,0.87271515,0.8829668,0.89713038,0.90017888,,,,,,,,,,0.938336
2011-09-27,56.257673,,23.120496,161.584321,4.940332,6.711430051,124.760994,,,3.840971,3.2325353,0.966316,1.580120439,1.34369656,986.9210233,1.17465698,10.554559,7976.09902951,0.87448085,0.89653877,0.90453073,0.90725836,,,,,,,,,,0.941535
2011-09-28,55.690536,,22.7909315,159.69005,4.898527,6.655500258,122.555612,,,3.801847,3.1867025,0.953935,1.570105787,1.33072535,974.8474681,1.16192343,10.325758,7884.91569237,0.86493169,0.88012866,0.89664728,0.90780108,,,,,,,,,,0.930496
2011-09-29,55.980183,,22.8796888,160.385138,4.921901,6.688036722,123.982004,,,3.821477,3.199305,0.957242,1.57830214,1.34721822,982.096075,1.16737737,10.394091,7903.02889223,0.86817122,0.88079534,0.89772944,0.88506335,,,,,,,,,,0.93039
2011-09-30,55.616294,,22.8311857,157.932601,4.882232,6.634987929,122.527182,,,3.79651,3.1927164,0.941877,1.567971041,1.33961362,972.5043839,1.15604806,10.284029,7841.70625497,0.85907238,0.87092631,0.89467217,0.89020189,,,,,,,,,,0.922276
2011-10-03,53.985808,,22.3474117,152.985429,4.747714,6.453131372,118.982996,,,3.684567,3.1252582,0.918051,1.529101288,1.31411887,948.2054462,1.11781581,9.986374,7643.16920282,0.83115842,0.83867715,0.87852975,0.86881545,,,,,,,,,,0.896837
2011-10-04,52.950461,,22.0037654,152.325737,4.668489,6.346314822,117.436952,,,3.613375,3.077392,0.916368,1.535867976,1.29583069,936.6310883,1.09298087,9.914181,7690.3499209,0.81338321,0.83561635,0.87296378,0.85955493,,,,,,,,,,0.883874
2011-10-05,53.319636,,22.0195508,152.865797,4.695626,6.383955949,118.784241,,,3.638179,3.0797839,0.922152,1.541604165,1.30494927,946.3555667,1.09672539,10.047205,7830.24962298,0.81694388,0.84230197,0.87425395,0.85594189,,,,,,,,,,0.891945
2011-10-06,54.857042,,22.5669929,156.762856,4.792923,6.51694162,121.578533,,,3.742692,3.1565219,0.944948,1.561864429,1.34065316,975.1004262,1.1324479,10.355512,7902.25996627,0.84312929,0.8628254,0.89231796,0.87898476,,,,,,,,,,0.912798
2011-10-07,54.662925,,22.4400009,153.31103,4.739871,6.44569074,121.077681,,,3.7293,3.1389528,0.92888,1.554496945,1.35194016,967.9515765,1.12800983,10.24568,7823.19333709,0.83820484,0.85644634,0.88060773,0.88308328,,,,,,,,,,0.906137
2011-10-10,55.923009,,23.0479801,159.006579,4.845353,6.589826051,124.467524,,,3.814961,3.2241602,0.958203,1.58844634,1.35940109,990.6202397,1.1544498,10.468056,8065.82574128,0.85950607,0.87600529,0.90212759,0.86611182,,,,,,,,,,0.925365
2011-10-11,56.081681,,23.0323977,160.620901,4.849288,6.596014985,124.590377,,,3.825351,3.2221744,0.969859,1.589162604,1.37401701,992.3303277,1.16642115,10.551688,8089.41916737,0.86792566,0.87698724,0.90736182,0.87801861,,,,,,,,,,0.933915
2011-10-13,57.078276,,23.2811649,163.034624,4.884188,6.644279874,126.032011,,,3.892877,3.2571546,0.983664,1.59774147,1.38743916,1009.8013493,1.16767262,10.678117,8180.11334107,0.87009163,0.8867493,0.91723844,0.88378733,,,,,,,,,,0.943113
2011-10-14,57.676461,,23.5037757,164.464893,4.94033,6.721431503,127.323092,,,3.933598,3.2884792,0.990802,1.604428176,1.41049067,1029.2491985,1.17578994,10.85568,8286.48604302,0.87595744,0.89737485,0.92282812,0.88740381,,,,,,,,,,0.95506
2011-10-17,56.919633,,23.1865635,161.403341,4.86507,6.619962039,124.892005,,,3.881586,3.244326,0.970293,1.594451232,1.3931615,1012.1050493,1.15908935,10.64021,8155.71582827,0.86303424,0.89251216,0.91177351,0.87106447,,,,,,,,,,0.939988
2011-10-18,57.694949,,23.5722608,163.883581,4.961359,6.751699823,126.987892,,,3.934368,3.2984594,0.985263,1.617696729,1.41112687,1027.5475955,1.16816323,10.863642,8339.48047323,0.87022525,0.90908867,0.92164111,0.8893,,,,,,,,,,0.957275
2011-10-19,58.30627,,23.6751518,164.035647,4.977868,6.7750077,127.433664,,,3.975807,3.3130464,0.988203,1.628724109,1.38429617,1028.3436355,1.16286293,10.914812,8251.39316661,0.86649555,0.91089612,0.93016472,0.87610816,,,,,,,,,,0.96213
2011-10-20,57.755322,,23.383269,161.151796,4.945036,6.731202786,125.471048,,,3.937962,3.2724268,0.971911,1.620625053,1.37909829,1017.4935963,1.15108759,10.786521,8128.71285161,0.85733388,0.90973556,0.92229418,0.86756455,,,,,,,,,,0.949808
2011-10-21,58.337718,,23.7158299,164.701793,5.015479,6.827853144,127.190524,,,3.977454,3.3191403,0.992312,1.631152558,1.40544614,1030.2435621,1.17197263,10.980418,8240.6947159,0.87252629,0.92631487,0.93542308,0.88006113,,,,,,,,,,0.963212
2011-10-24,58.70544,,23.8292264,168.959253,5.040931,6.86333908,127.923133,,,4.002235,3.3352073,1.017388,1.635566664,1.40657711,1043.481969,1.18160588,11.127778,8369.68812995,0.88091591,0.93788535,0.93985762,0.88025921,,,,,,,,,,0.97063
2011-10-25,58.531937,,23.7540091,167.126529,5.011131,6.823656284,127.421171,,,3.990042,3.3248984,1.008899,1.626820284,1.38282396,1037.2954164,1.18889603,11.027245,8316.81918795,0.88450973,0.93418719,0.93432267,0.8847697,,,,,,,,,,0.965265
2011-10-26,58.835659,,23.8526123,169.704681,5.036891,6.859553314,128.866344,,,4.010362,3.3388969,1.024347,1.635183929,1.39962105,1049.8145659,1.19321344,11.134191,8387.82097493,0.88830969,0.94744281,0.94596927,0.88676615,,,,,,,,,,0.972785
2011-10-27,59.9784,,24.2603895,175.349584,5.13714,6.996833532,132.457369,,,4.087836,3.3961328,1.059574,1.666965231,1.438306,1078.1913223,1.23393767,11.389082,8641.09477881,0.91938573,0.97116613,0.966429,0.90385879,,,,,,,,,,0.999237
2011-10-28,60.827413,,24.3559423,176.313719,5.16348,7.03356942,132.329447,,,4.145308,3.4097247,1.062184,1.665215568,1.43326808,1087.8099929,1.22710707,11.515474,8749.3564992,0.9141484,0.97476499,0.97057461,0.91579885,,,,,,,,,,1.000368
2011-10-31,60.063825,,24.1019579,173.702632,5.093058,6.938596933,130.603468,,,4.092931,3.3743698,1.043192,1.662967019,1.4287325,1076.8107745,1.21781967,11.236662,8562.13711989,0.90681645,0.9694489,0.96733756,0.91187213,1.0,,,,,,,,,0.988122
2011-11-01,59.086861,,23.7661956,170.614008,5.016559,6.83531251,128.865674,,,4.026131,3.3275632,1.026343,1.64454513,1.41334935,1044.2691242,1.20275914,10.997674,8372.90355469,0.8950044,0.95001564,0.95472732,0.90618005,0.9805672,,,,,,,,,0.965408
2011-11-03,59.516988,,23.9675725,173.293602,5.045141,6.875064477,130.442114,,,4.055131,3.3559577,1.042041,1.657953814,1.42095455,1051.1919733,1.20842992,11.147784,8341.34303089,0.89960251,0.96169172,0.96140773,0.921174,0.9895395,,,,,,,,,0.97176
2011-11-04,59.254387,,23.8458063,174.318099,5.042745,6.872663293,130.664784,,,4.036884,3.3391111,1.048708,1.66230747,1.42634774,1051.4680451,1.20367405,11.083949,8297.11994549,0.8970983,0.96089579,0.96300768,0.90023956,0.990301,,,,,,,,,0.973207
2011-11-07,59.819493,,23.9780849,176.186548,5.047478,6.879965673,131.390089,,,4.075032,3.3578319,1.057935,1.67373498,1.4284401,1056.0375695,1.21107779,11.143844,8320.28791444,0.9022426,0.96474048,0.9690209,0.90527591,0.9945576,,,,,,,,,0.97611
2011-11-08,59.67393,,23.8045648,175.266736,5.004741,6.822615958,130.09116,,,4.065021,3.3337394,1.05214,1.667249969,1.42499365,1050.1889627,1.19879489,11.121292,8274.88676342,0.89332509,0.95937883,0.96846078,0.90349449,0.9912634,,,,,,,,,0.969305
2011-11-09,58.72732,,23.4658257,170.62349,4.919178,6.706907501,127.3382,,,4.000238,3.2865131,1.030299,1.654723103,1.41562082,1025.3431333,1.17111852,10.824945,8050.16192682,0.87234277,0.94513694,0.95777617,0.8973981,0.9738697,,,,,,,,,0.951405
2011-11-10,58.426831,,23.436164,169.774282,4.913246,6.69965019,127.029696,,,3.979333,3.2825577,1.025712,1.659857902,1.39964405,1016.2850591,1.16739261,10.829597,7903.08882989,0.86910526,0.94378659,0.95617014,0.90392145,0.973437,,,,,,,,,0.948162
2011-11-11,59.475751,,23.8633921,172.947563,5.003309,6.823194139,129.793847,,,4.050281,3.342571,1.046305,1.68542979,1.41060536,1034.1469674,1.19100581,11.024141,8137.69704525,0.8866989,0.9603477,0.97367474,0.92588808,0.9912222,,,,,,,,,0.966762
2011-11-14,59.572646,,23.7812519,172.625409,5.006802,6.828819683,128.849511,,,4.0567,3.3312715,1.037811,1.685204376,1.39262833,1023.2829773,1.18766726,11.052525,8155.37312119,0.88376692,0.96350888,0.96958883,0.91649941,0.9920527,,,,,,,,,0.968373
2011-11-16,59.39341,,23.7687034,173.145056,4.994237,6.812548094,128.649236,,,4.043962,3.3297147,1.043302,1.688115462,1.38914003,1018.1936738,1.18734651,11.070482,8064.73134783,0.88384369,0.96483395,0.97139165,0.9035264,0.9925195,,,,,,,,,0.966912
2011-11-17,58.349097,,23.2994865,168.171406,4.90676,6.694166075,126.083726,,,3.972424,3.2642195,1.017386,1.662961872,1.3712465,1004.4654708,1.17180023,10.754804,8013.79813154,0.87040692,0.95047236,0.95392851,0.90174344,0.9741812,,,,,,,,,0.949109
2011-11-18,57.901477,,23.1536655,167.151408,4.86608,6.639534687,125.650726,,,3.941746,3.2439995,1.012881,1.663590871,1.35963149,989.2159452,1.15790932,10.70901,7981.83159527,0.86022186,0.94614811,0.95060963,0.89770057,0.9653986,,,,,,,,,0.941662
2011-11-21,57.336766,,22.9387546,165.718177,4.811722,6.566247079,125.043003,,,3.902869,3.2141048,1.002348,1.654680209,1.35021738,976.0297308,1.14621773,10.575384,7797.1763048,0.85221033,0.93557975,0.94222529,0.8894451,0.9553899,,,,,,,,,0.932535
2011-11-22,56.888245,,22.8033894,164.494821,4.799273,6.550085147,124.699356,,,3.872109,3.1953457,0.996565,1.648124134,1.34096425,963.8617274,1.14603498,10.471234,7843.87122718,0.85131069,0.92955696,0.94293824,0.89355415,0.9539643,,,,,,,,,0.924865
2011-11-23,56.193954,,22.6133066,162.039215,4.753015,6.487819641,123.250785,,,3.824315,3.1689246,0.982716,1.634321513,1.31883971,953.1437381,1.12739005,10.245488,7613.64018469,0.83704461,0.91480445,0.93050782,0.86876602,0.9415039,,,,,,,,,0.914117
2011-11-24,56.844424,,22.7712347,163.032557,4.799733,6.552339668,124.077473,,,3.868402,3.191226,0.989283,1.649669755,1.33047196,962.683159,1.1351332,10.372112,7576.37704392,0.84285186,0.92151219,0.94084797,0.87680026,0.9504369,,,,,,,,,0.91858
2011-11-25,56.881841,,22.729699,161.65468,4.802645,6.557138753,124.401553,,,3.870506,3.1856023,0.98419,1.649124351,1.32471746,968.1856755,1.14458524,10.444592,7663.13702211,0.84887624,0.92029621,0.94181176,0.87473164,0.9507701,,,,,,,,,0.924009
2011-11-28,57.3326,,22.9658591,164.406072,4.832574,6.598787778,125.695922,,,3.900949,3.2188577,0.999373,1.670080995,1.32102517,960.1595491,1.16014704,10.506456,7838.77203607,0.86030432,0.93765817,0.95039685,0.86467224,0.9611486,,,,,,,,,0.931058
2011-11-29,57.067288,,22.7834657,162.492399,4.797225,6.551389442,125.448731,,,3.882527,3.1934838,0.990893,1.661189909,1.31622691,958.2456577,1.15559124,10.401826,7865.6870908,0.85572468,0.93120209,0.94403289,0.86163697,0.960092,,,,,,,,,0.924379
2011-11-30,58.761339,,23.5138148,168.263928,4.936414,6.742124722,128.653689,,,3.997515,3.2960549,1.022451,1.67890052,1.35318217,980.7751857,1.17423222,10.622226,7792.4308461,0.87100406,0.93747533,0.9736993,0.87846288,0.9824945,,,,,,,,,0.946968
2011-12-01,59.275057,,23.727411,171.778351,5.012137,6.846324896,130.435984,,,4.032132,3.3261951,1.043834,1.690402407,1.34148081,997.313265,1.18959472,10.800372,7777.9605327,0.88287768,0.94086173,0.99135018,0.89823516,0.9962745,,,,,,,,,0.961852
2011-12-02,59.04315,,23.685794,171.117506,5.0001,6.830765078,129.913535,,,4.015828,3.3205613,1.039433,1.680789295,1.33866209,999.9794318,1.18780893,10.767344,7786.31937011,0.88111304,0.93529043,0.98654626,0.88792329,0.9883138,,,,,,,,,0.958773
2011-12-05,59.538662,,24.053475,173.915614,5.099405,6.967163697,131.165136,,,4.049411,3.3723018,1.056496,1.702617231,1.34183292,1005.6521634,1.19903277,10.93457,7895.61362188,0.89010849,0.95674446,0.99724713,0.89754746,0.9923618,,,,,,,,,0.972064
2011-12-06,59.850485,,24.1995013,174.986846,5.131485,7.011840807,132.178311,,,4.070688,3.3929742,1.063058,1.710489775,1.33345158,1011.1226357,1.21140319,11.009322,7869.35006341,0.89918815,0.96532793,1.00166068,0.88881292,0.9989513,,,,,,,,,0.976764
2011-12-07,59.173734,,23.9210099,172.525292,5.111962,6.986063813,131.267782,,,4.023933,3.3541397,1.04926,1.700828259,1.32415321,1001.0951683,1.20235353,10.896074,7757.45940859,0.89253035,0.95182081,0.9923127,0.87743692,0.9920066,,,,,,,,,0.970764
2011-12-08,58.60983,,23.6069422,169.358887,5.05632,6.910954849,129.734813,,,3.984968,3.3103159,1.029523,1.68588332,1.31013315,986.3417723,1.19823041,10.69699,7684.30070791,0.88831738,0.94400155,0.98313252,0.88025447,0.9789913,,,,,,,,,0.958929
2011-12-09,58.688783,,23.6756203,171.357105,5.080665,6.945051773,130.469994,,,3.990315,3.320142,1.040957,1.695305695,1.30965902,994.085779,1.20368436,10.782894,7759.10578977,0.89281352,0.94685967,0.98611771,0.88932806,0.9845561,,,,,,,,,0.968005
2011-12-12,58.393663,,23.5733017,168.879098,5.070345,6.931826233,129.410712,,,3.969804,3.3059987,1.027365,1.682009281,1.31562798,990.4861694,1.20852866,10.618768,7720.39813143,0.89526571,0.94026337,0.98359487,0.88762801,0.9789225,,,,,,,,,0.960222
2011-12-13,58.506183,,23.5066981,169.184666,5.066682,6.927679857,129.482525,,,3.977225,3.296861,1.027701,1.678606894,1.32051125,996.8535079,1.21977498,10.56729,7786.92812822,0.90335113,0.95243339,0.98509788,0.88514385,0.978069,,,,,,,,,0.958438
2011-12-14,57.6869,,23.2143168,166.695916,5.032165,6.881389105,128.638613,,,3.921089,3.2560737,1.014676,1.665172976,1.31350705,977.4734629,1.2188977,10.458835,7763.57766013,0.90149323,0.94535351,0.97659833,0.8902405,0.9726317,,,,,,,,,0.952438
2011-12-15,58.056117,,23.3786676,165.785186,5.051939,6.90658092,129.136295,,,3.945681,3.2793074,1.011153,1.674299675,1.32414405,979.47883,1.21720933,10.580785,7688.97087369,0.90055374,0.94838871,0.97557209,0.88754554,0.978674,,,,,,,,,0.956327
2011-12-16,59.106499,,23.6079416,165.721652,5.054667,6.911174238,129.565872,,,4.016644,3.3116433,1.008477,1.681822406,1.32546693,991.2508903,1.21462865,10.71889,7615.69959446,0.899063,0.95428879,0.97635488,0.88163536,0.9839834,1.0,,,,,,,,0.960216
2011-12-19,58.084351,,23.4396035,163.570532,4.984019,6.815489108,127.904201,,,3.94672,3.2882446,0.994617,1.665663123,1.31654919,971.1656516,1.19000168,10.509932,7473.86709339,0.88118121,0.9373685,0.9674713,0.86568575,0.9721728,1.0,,,,,,,,0.945788
2011-12-20,58.702745,,23.7779468,167.800765,5.028487,6.877106703,129.149774,,,3.988491,3.33587,1.021724,1.677575461,1.32808399,983.4866779,1.2079911,10.694599,7583.92566053,0.89432274,0.9450647,0.98294774,0.86247493,0.9776954,1.004043,,,,,,,,0.952756
2011-12-21,57.957888,,23.687647,167.29042,4.99629,6.833960265,127.950305,,,3.937342,3.323412,1.018299,1.670600094,1.31556486,973.2731759,1.19973119,10.628251,7631.16198632,0.88858685,0.93880302,0.98033374,0.86644643,0.9710782,1.002225,,,,,,,,0.948378
2011-12-22,57.298175,,23.5912169,169.167827,4.923869,6.735802134,127.188243,,,3.892192,3.3100939,1.027315,1.666791403,1.31238209,963.1658977,1.19719158,10.556418,7635.32322327,0.88704653,0.93878341,0.98274287,0.86690532,0.9638078,0.985695,,,,,,,,0.939461
2011-12-23,57.960053,,23.7923999,169.995626,4.963199,6.790405371,128.390215,,,3.93682,3.3384937,1.033408,1.683316098,1.32581725,969.431915,1.2102269,10.604924,7710.44607493,0.8959222,0.94763485,0.99056358,0.87550335,0.9750789,0.99586,,,,,,,,0.946916
2011-12-26,58.379352,,23.8545116,169.749809,4.96899,6.799178311,129.187376,,,3.964981,3.3474005,1.033239,1.686637646,1.34368534,977.5946471,1.23480018,10.640388,7747.81586063,0.91208261,0.95960016,0.9942437,0.88532127,0.9791015,0.995951,,,,,,,,0.95113
2011-12-27,58.476958,,24.0352582,170.360844,4.96398,6.793174445,129.981142,,,3.971203,3.3729377,1.036802,1.692947633,1.36178955,983.9002947,1.24501518,10.670299,7779.8927704,0.91939333,0.95869748,0.99251894,0.89481512,0.9843895,1.003001,,,,,,,,0.954044
2011-12-28,58.130941,,23.7892113,166.341521,4.937964,6.758437953,128.604262,,,3.946941,3.3386497,1.013815,1.680540864,1.35630549,985.6133641,1.23881463,10.546206,7678.44201248,0.91408041,0.95522238,0.98388915,0.89678298,0.9772002,1.001657,,,,,,,,0.94691
2011-12-29,58.872804,,23.9634506,167.410113,4.983053,6.82095548,130.045823,,,3.997918,3.3633068,1.020251,1.696892699,1.38989392,989.5688704,1.25246492,10.706745,7678.79305871,0.92409369,0.95817496,0.99478361,0.90841703,0.9874401,1.008162,,,,,,,,0.954363
2011-12-30,58.869101,,23.9608772,167.389458,4.982436,6.820969084,130.032647,,,3.997343,3.3631476,1.020032,1.69690502,1.38979191,989.5605702,1.2523901,10.703887,7678.17167159,0.9240172,0.95802051,0.99482344,0.90833728,0.9874401,1.008173,,,,,,,,0.954329
2012-01-02,58.898475,,24.1631032,170.04415,5.003259,6.850298346,130.695067,,,3.998627,3.391734,1.030962,1.701885422,1.36997242,994.0125271,1.25331455,10.787503,7845.35295019,0.92594391,0.97015008,0.99848738,0.88537342,0.9901986,1.011664,,,,,,,,0.968594
2012-01-03,59.65756,,24.334214,173.832635,5.07446,6.948592413,132.244414,,,4.049587,3.4159547,1.050176,1.717151135,1.38671083,1006.0973285,1.26526487,10.963651,7914.18158618,0.93586085,0.97685752,1.00704569,0.86992824,1.003485,1.019001,,,,,,,,0.979941
2012-01-04,59.45033,,24.2635562,173.980806,5.052833,6.919880091,131.117742,,,4.034778,3.4062416,1.051225,1.71555523,1.40147477,1005.3099042,1.25839573,10.945869,7898.3321454,0.9304459,0.97756426,1.00722129,0.86890105,1.0014497,1.026271,,,,,,,,0.971026
2012-01-05,59.003634,,24.1262566,172.121692,4.984709,6.827505934,129.668694,,,4.0042,3.3871741,1.040945,1.708991014,1.39290589,991.8457548,1.24023039,10.822539,7809.14326885,0.91699556,0.97723033,1.000289,0.89525822,0.9922343,1.019718,,,,,,,,0.957896
2012-01-06,59.031176,,24.1284799,171.940862,4.970795,6.809306609,129.505321,,,4.005547,3.3876891,1.042284,1.71293828,1.39195519,998.4018721,1.23218877,10.857966,7814.29397828,0.9117594,0.98063654,1.00656811,0.90586219,0.992711,1.024959,,,,,,,,0.962428
2012-01-09,59.136453,,24.2318491,172.96821,4.957124,6.79144685,130.37599,,,4.012006,3.4024011,1.049361,1.720498527,1.40625626,999.1172112,1.23103232,10.863445,7762.44245295,0.91168336,0.98522591,1.00741158,0.88993861,0.9990237,1.026989,,,,,,,,0.964043
2012-01-10,59.721086,,24.4430765,174.780735,4.963915,6.801596495,131.259781,,,4.051037,3.4322531,1.061375,1.728835082,1.41593235,1014.1018635,1.24227686,11.037031,7853.15735425,0.91976124,0.99524332,1.01409042,0.90377111,1.0021944,1.030415,,,,,,,,0.971655
2012-01-11,59.590923,,24.4567648,174.885503,4.944901,6.776415287,131.416581,,,4.041128,3.43438,1.063378,1.723139422,1.42724294,1019.8569729,1.25874619,11.012233,7900.54186037,0.93096871,0.99473794,1.00789844,0.90730874,1.0024779,1.025857,,,,,,,,0.968522
2012-01-12,59.557992,,24.4778246,174.940755,4.961458,6.799941041,131.096952,,,4.038648,3.4375417,1.063467,1.728166485,1.43093242,1022.2691083,1.25558163,11.019902,7804.58383739,0.92836183,1.00004277,1.00690333,0.91264821,0.9999083,1.02396,,,,,,,,0.96657
2012-01-13,59.52478,,24.3282699,173.745558,4.960913,6.800052237,129.631099,,,4.035822,3.4167554,1.051089,1.713967441,1.43238882,1018.7191019,1.25669832,10.940205,7787.99389593,0.92812528,0.99469134,1.004775,0.90948764,0.9954942,1.024496,,,,,,,,0.964132
2012-01-16,,,24.5839937,175.951714,5.018567,6.879887721,131.847282,,,,3.4528544,1.065662,1.732510741,1.4467923,1032.7137784,1.26197138,,7851.15210889,0.93266105,0.99848336,1.01654424,,1.0055985,1.039165,,,,,,,,0.977426
2012-01-17,60.38629,,24.6883738,177.823507,5.03329,6.900931051,131.97808,,,4.094105,3.4677123,1.074202,1.733995646,1.45784965,1036.6798612,1.27259521,11.107986,7966.90683817,0.94010989,1.00119651,1.0216468,0.90354871,1.0104321,1.031325,,,,,,,,0.984398
2012-01-18,60.916602,,25.0012849,180.782931,5.094496,6.985664953,132.642142,,,4.129924,3.5118413,1.08674,1.737478047,1.45019136,1051.3476388,1.26812537,11.22812,7968.84974036,0.93884713,1.00603885,1.02893464,0.91279989,1.0176143,1.035534,,,,,,,,0.997691
2012-01-19,61.381563,,25.1846122,181.183908,5.14862,7.06041407,133.299198,,,4.161486,3.537784,1.087305,1.751468427,1.46655654,1072.2271071,1.28609732,11.379782,8007.02782244,0.95049221,1.01402913,1.03507488,0.92288058,1.0262495,1.05505,,,,,,,,1.007623
2012-01-20,61.748359,,25.3735898,181.946187,5.187812,7.115024816,134.929722,,,4.186167,3.5645213,1.095271,1.76382665,1.4839201,1085.0215287,1.29794804,11.536936,8048.3427087,0.95888474,1.02249786,1.04524523,0.93708243,1.0342771,1.061397,,,,,,,,1.013831
2012-01-23,61.692338,,25.3743669,182.265289,5.196723,7.128138688,135.235916,,,4.18124,3.5648436,1.094991,1.767684891,1.49227365,1082.8276923,1.30265826,11.530994,8099.76216171,0.9619289,1.02212508,1.04276816,0.94708209,1.0423362,1.069602,,,,,,,,1.0155
2012-01-24,61.757687,,25.3517504,182.616171,5.197074,7.129512733,135.40145,,,4.185147,3.5618823,1.095782,1.769970247,1.4955068,1078.2377748,1.30367303,11.544588,8113.60427234,0.96256294,1.01995119,1.04519867,0.94264468,1.0414769,1.069875,,,,,,,,1.013765
2012-01-25,61.753895,,25.3487118,182.593576,5.19644,7.129539071,135.387571,,,4.184547,3.5616689,1.095564,1.770017756,1.49538742,1078.2329844,1.30359577,11.556933,8112.85631453,0.96241734,1.01977423,1.04520666,0.94254925,1.0414769,1.070072,,,,,,,,1.013728
2012-01-26,62.599422,,25.5153488,183.567407,5.235941,7.182767649,136.859252,,,4.241866,3.5852716,1.106531,1.78433704,1.49515253,1099.2337915,1.3121148,11.741954,8143.23103494,0.96851844,1.03328583,1.05565983,0.95072698,1.0487815,1.073374,,,,,,,,1.021556
2012-01-27,62.754698,,25.4116056,183.282692,5.233748,7.180643404,136.929192,,,4.252106,3.5709242,1.107537,1.789801172,1.49696545,1097.7281746,1.31762341,11.738377,8199.64058852,0.97229751,1.037591,1.05810633,0.95170106,1.0461391,1.076833,,,,,,,,1.020632
2012-01-30,62.322988,,25.4308634,182.932909,5.203027,7.13938338,136.172203,,,4.222388,3.5738448,1.104179,1.778328983,1.49404277,1084.0426932,1.30710416,11.655339,8140.68979859,0.96466669,1.02876977,1.05433349,0.94653603,1.0431879,1.074601,,,,,,,,1.021981
2012-01-31,62.967781,,25.6400508,183.84247,5.253017,7.208823043,136.687265,,,4.265602,3.6034589,1.110966,1.793609358,1.49566082,1092.7302858,1.31346476,11.689559,8191.8744323,0.96988893,1.03883166,1.06416304,0.95552282,1.0518121,1.082985,,,,,,,,1.03289
2012-02-01,64.165398,,26.1381865,187.28073,5.371649,7.372456225,139.757459,,,4.346581,3.6736845,1.134333,1.821337557,1.54554571,1123.5617735,1.34558613,11.948665,8398.28616993,0.99268458,1.05446417,1.08300696,0.97065161,1.0769013,1.098446,,,,,,,,1.051907
2012-02-02,64.251656,,26.1464226,187.253482,5.387021,7.394459654,139.966232,,,4.35182,3.6750621,1.134275,1.836146834,1.53845253,1132.2878592,1.342497,12.011199,8501.99772012,0.99069336,1.0594585,1.08356667,0.96283008,1.0795308,1.104836,,,,,,,,1.059735
2012-02-03,64.685391,,26.4806033,188.382955,5.441735,7.470437423,141.2788,,,4.381072,3.7222491,1.143345,1.847304996,1.55115758,1139.9834352,1.34896818,12.12917,8595.17539759,0.99565965,1.07306747,1.09188389,0.96643088,1.0902528,1.111908,,,,,,,,1.069508
2012-02-06,64.47361,,26.4254109,188.514436,5.439745,7.46860789,141.179781,,,4.366446,3.7147151,1.144475,1.842967541,1.55301738,1136.6211255,1.34333555,12.097926,8628.59110211,0.99179042,1.07031013,1.09410496,0.95993849,1.0930282,1.113212,,,,,,,,1.071014
2012-02-07,64.531416,,26.5452355,190.01276,5.430155,7.456348341,141.970434,,,4.369952,3.7317781,1.151811,1.857656127,1.55660543,1140.2027393,1.34565458,12.098867,8715.55847662,0.99445555,1.07389696,1.09514011,0.96812438,1.1013651,1.113731,,,,,,,,1.079327
2012-02-08,64.749435,,26.5399949,189.923959,5.440634,7.471633898,142.642356,,,4.384923,3.731265,1.153763,1.856811874,1.56230591,1132.2416831,1.34308112,12.101304,8680.11162725,0.99231897,1.07640719,1.09742091,0.96989503,1.1034901,1.124085,,,,,,,,1.078076
2012-02-09,64.508836,,26.5292567,188.953941,5.442317,7.474849181,141.273892,,,4.368291,3.7299792,1.148078,1.845643486,1.56524028,1120.4000041,1.33006094,12.04717,8666.148198,0.98368757,1.06792789,1.09199317,0.97190542,1.0971555,1.123157,,,,,,,,1.071962
2012-02-10,64.372934,,26.3433269,184.303167,5.449771,7.485985658,140.721226,,,4.358613,3.7040713,1.124268,1.841108008,1.5705556,1122.2390794,1.32191887,12.007212,8556.48987008,0.97698286,1.06256724,1.08795544,0.97143471,1.0968987,1.122772,,,,,,,,1.066173
2012-02-13,64.882197,,26.7480052,188.399007,5.476624,7.52376787,142.291958,,,4.392844,3.7611678,1.149917,1.859050995,1.58191072,1133.9083998,1.33867336,12.109014,8740.73297389,0.98901302,1.07009014,1.10410318,0.98295961,1.1133336,1.130534,,,,,,,,1.085018
2012-02-14,64.748356,,26.7252991,186.022919,5.471255,7.517308796,142.266979,,,4.383376,3.7582017,1.137457,1.855716223,1.57128294,1137.0184267,1.33455173,12.14986,8674.19323472,0.98562638,1.06751741,1.10061285,0.9795079,1.1120137,1.137495,,,,,,,,1.080526
2012-02-15,65.573614,,27.1764282,185.64784,5.545295,7.619914839,144.918036,,,4.439127,3.8218297,1.138512,1.883333509,1.58399866,1159.1743742,1.35479657,12.25121,8861.63372183,1.00004096,1.08723553,1.11214952,0.98742747,1.1304628,1.154135,,,,,,,,1.089488
2012-02-16,66.262826,,27.4504721,188.179728,5.582678,7.672200403,146.471073,,,4.485386,3.8605736,1.146807,1.901038338,1.59180112,1170.0983879,1.36035462,12.411947,8948.11818726,1.00533228,1.09366352,1.12333388,0.98927705,1.1381757,1.162394,,,,,,,,1.108824
2012-02-17,66.945232,,27.5082936,188.276038,5.631313,7.74028134,147.247623,,,4.531223,3.868931,1.15296,1.913405055,1.59586469,1177.8933635,1.38086156,12.524002,9114.10015144,1.0192165,1.10422904,1.13225336,1.00289303,1.1464191,1.174548,,,,,,,,1.102387
2012-02-22,67.147224,,27.51131,188.4436,5.649231,7.765845983,146.935854,,,4.544374,3.8695864,1.151855,1.90206819,1.59409869,1181.2590462,1.38724624,12.525343,9166.45627567,1.02178034,1.108763,1.12498849,1.00593844,1.1510219,1.176309,,,,,,,,1.084794
2012-02-23,67.054185,,27.247894,187.762831,5.677599,7.805773888,146.856685,,,4.537738,3.8327965,1.150161,1.906630712,1.60560552,1183.3023606,1.38661063,12.432499,9132.37071271,1.02229988,1.1064684,1.12112743,1.01041621,1.1473911,1.178683,,,,,,,,1.122003
2012-02-24,66.925221,,27.2304164,188.435979,5.669237,7.795229693,146.815635,,,4.528545,3.8305694,1.153724,1.908422022,1.59739648,1181.5077033,1.38950385,12.442979,9043.60164031,1.02437052,1.10540008,1.11923497,1.01407308,1.1439957,1.17803,,,,,,,,1.113152
2012-02-27,66.826974,,27.0244712,186.669782,5.643982,7.76145997,145.623508,,,4.521443,3.8018543,1.142138,1.902078647,1.60999985,1180.1378832,1.39261866,12.336975,8999.467799880002,1.0260801,1.10190161,1.11446327,1.0178897,1.1392267,1.179936,,,,,,,,1.107223
2012-02-28,67.737954,,27.4009351,188.773048,5.731824,7.883156899,148.208004,,,4.582778,3.8549911,1.153772,1.929375097,1.61939002,1195.9829667,1.40307303,12.515589,9165.01087608,1.03393033,1.11236383,1.12761973,1.01674448,1.1542951,1.186928,,,,,,,,1.118959
2012-02-29,67.972683,,27.527099,188.876897,5.764128,7.928539029,148.376676,,,4.610598,3.8729743,1.152013,1.932795836,1.62109448,1206.59648,1.42356717,12.537008,9127.90994785,1.04681656,1.1255697,1.13363825,1.02255671,1.158409,1.19442,,,,,,,,1.124374
2012-03-01,68.492893,,27.8153105,191.330255,5.799611,7.978293884,150.170273,,,4.642191,3.9137598,1.166367,1.943547925,1.63985435,1212.9489734,1.44530888,12.624348,9224.52014866,1.06140366,1.13072744,1.14494193,1.03633949,1.1757567,1.201648,,,,,,,,1.13725
2012-03-02,68.838517,,27.9451996,193.326267,5.837097,8.030815895,151.989261,,,4.663616,3.9322706,1.183717,1.969696721,1.65662829,1217.1296571,1.45849172,12.632826,9367.40811377,1.0702293,1.14314087,1.15764048,1.04495569,1.1813823,1.207113,,,,,,,,1.139262
2012-03-05,68.46868,,27.7518737,190.377417,5.819121,8.007066949,151.113557,,,4.640859,3.9053053,1.165746,1.958091713,1.66521563,1215.3324222,1.44566942,12.602197,9284.73632476,1.06128923,1.1412894,1.14719158,1.03961586,1.1732026,1.203377,,,,,,,,1.135601
2012-03-06,67.54081,,27.3454337,185.054942,5.719538,7.871051067,148.293693,,,4.56764,3.8483534,1.133114,1.937148844,1.63702625,1190.7269372,1.43735394,12.347731,9082.88057067,1.05413821,1.13033167,1.12522287,1.02861492,1.15318,1.189913,,,,,,,,1.113622
2012-03-07,68.443197,,27.7527619,187.28672,5.772557,7.944924069,151.352324,,,4.641944,3.9058946,1.148764,1.983250617,1.64162227,1214.8020508,1.45646448,12.566282,9287.824056230002,1.06732631,1.15224547,1.13717834,1.04787421,1.1684881,1.207913,,,,,,,,1.132497
2012-03-08,69.760308,,28.2306011,189.738987,5.864482,8.072371503,153.788333,,,4.731186,3.97336,1.166589,2.021709582,1.66115056,1237.0570258,1.47349532,12.856065,9308.95863517,1.07925933,1.17534275,1.15394916,1.0560803,1.1881038,1.21895,,,,,,,,1.154154
2012-03-09,69.628178,,28.1171941,190.467061,5.863926,8.072596355,152.731463,,,4.722618,3.9576416,1.166449,2.013689218,1.6630116,1233.7859063,1.48907005,12.876376,9254.74773115,1.08871201,1.17246093,1.16217426,1.053985,1.1829021,1.228852,,,,,,,,1.151948
2012-03-12,69.100758,,28.0399215,188.896546,5.852305,8.057580857,151.952902,,,4.682848,3.9470063,1.161624,2.006277784,1.66983733,1226.1575808,1.49454681,12.775501,9282.56445671,1.0916695,1.16932956,1.16090518,1.05650778,1.1812292,1.217112,,,,,,,,1.135775
2012-03-13,70.144361,,28.5679524,193.729945,5.921871,8.154301416,154.342544,,,4.753227,4.021536,1.190753,2.028250008,1.69860871,1238.5807539,1.50312812,12.955528,9493.78054831,1.09894909,1.18506011,1.18221188,1.05447003,1.198727,1.228896,,,,,,,,1.168323
2012-03-14,70.250731,,28.6701895,193.395916,5.936692,8.175699435,153.889275,,,4.758718,4.0361613,1.188347,2.024536718,1.70314254,1248.1504474,1.50667837,12.901779,9394.97538643,1.10152437,1.18432463,1.18248439,1.06234437,1.1964679,1.23234,,,,,,,,1.168066
2012-03-15,69.844161,,28.3239494,192.269793,5.856821,8.066729448,152.341421,,,4.726726,3.9876871,1.182843,2.018367155,1.69998198,1240.7016246,1.50053531,12.846902,9250.98468872,1.09663864,1.18277393,1.18303304,1.045604,1.1888732,1.219801,,,,,,,,1.159689
2012-03-16,69.053716,,28.1349533,192.510881,5.835877,8.038851119,150.872868,,,4.674522,3.9613341,1.179742,1.996276927,1.69202748,1227.0566002,1.4824005,12.826884,9166.64250337,1.08433654,1.16317665,1.18458915,1.03503988,1.1801528,1.204712,,,,,,,,1.152285
2012-03-19,69.136241,,28.1855018,192.944872,5.843767,8.050682806,150.449616,,,4.680383,3.9686832,1.179471,1.997288908,1.68732574,1230.9166844,1.4902348,12.861755,9150.58065476,1.08870613,1.16535404,1.18385427,1.04378833,1.1808999,1.211604,,,,,,,,1.157225
2012-03-20,69.478024,,28.1250488,191.238301,5.891408,8.117267467,150.744447,,,4.702504,3.9604149,1.171464,1.999090777,1.69527903,1230.3760448,1.48548164,12.861189,9143.22676538,1.08543089,1.16478257,1.18027558,1.04280453,1.185603,1.220068,,,,,,,,1.154369
2012-03-21,69.64771,,28.2326531,190.606118,5.915583,8.151551685,150.623506,,,4.716511,3.9757916,1.166455,2.008623161,1.69642595,1224.5134916,1.4863241,12.886018,9132.08052625,1.08586711,1.16395597,1.17761151,1.0453289,1.1850824,1.224268,,,,,,,,1.160625
2012-03-22,68.741848,,27.9383407,187.724655,5.8365,8.043599716,148.795684,,,4.655271,3.9346198,1.148987,1.990411866,1.6810766,1201.6901389,1.47273728,12.775124,9042.759506220002,1.07563043,1.14545904,1.16600484,1.03717601,1.1712526,1.20842,,,,,,,,1.139576
2012-03-23,69.076269,,28.1394272,187.933138,5.875914,8.098864135,148.672052,,,4.679305,3.9631478,1.154404,1.984456141,1.67815363,1208.5713511,1.46976605,12.800631,9054.42361471,1.07376546,1.14823221,1.17478782,1.02382156,1.174314,1.20915,,,,,,,,1.142902
2012-03-26,70.419534,,28.6830558,190.924242,5.984696,8.24973543,150.504578,,,4.772717,4.0398728,1.163702,2.017855277,1.70863996,1227.1557981,1.49050165,13.054314,9102.95118606,1.08847708,1.17575091,1.18526824,1.02973368,1.1909688,1.227084,,,,,,,,1.161186
2012-03-27,70.030835,,28.4442815,190.127725,5.953603,8.207902834,148.939839,,,4.744136,4.006519,1.154553,2.001202995,1.70194151,1218.5990638,1.48107996,12.976031,9031.90934709,1.08177368,1.16799611,1.17734868,1.03214065,1.1837149,1.22631,,,,,,,,1.155244
2012-03-28,69.664846,,28.0778845,186.782096,5.901674,8.13731995,148.375142,,,4.721934,3.9552068,1.141865,1.998692667,1.69410054,1207.9433625,1.4671327,12.851749,9040.77109952,1.07166627,1.15793137,1.1695791,1.02710607,1.1755833,1.220126,,,,,,,,1.148816
2012-03-29,69.091696,,27.9655621,186.463,5.878298,8.106072966,147.496056,,,4.678692,3.9396194,1.140773,1.985332391,1.68688886,1207.9489141,1.46013539,12.800812,9022.26207057,1.06689924,1.1504832,1.17017408,1.02393242,1.1720331,1.220339,,,,,,,,1.139948
2012-03-30,69.468572,,28.1519744,186.188034,5.906007,8.145246681,147.00203,,,4.703794,3.9661179,1.143975,1.987287012,1.69882015,1216.3183584,1.46185251,12.882485,8924.0418521,1.06784401,1.15473564,1.17319514,1.02992609,1.1769257,1.222614,,,,,,,,1.153517
2012-04-02,70.485956,,28.5594853,188.44495,5.999852,8.275603381,148.432459,,,4.777764,4.0237671,1.156693,2.010519997,1.73064044,1232.9543665,1.47059701,13.135403,9005.81373433,1.0740001,1.16910959,1.18614648,1.02881375,1.189421,1.234347,,,,,,,,1.163708
2012-04-03,70.534966,,28.4292321,,5.975549,8.243101957,148.100471,,,4.78201,4.0056575,1.141524,2.012113815,1.72369325,1233.6238654,1.46328324,13.152664,8882.746851520002,1.06891926,1.17443126,1.17784917,1.03059357,1.1877465,1.236629,,,,,,,,1.159568
2012-04-04,70.607375,,28.4863813,182.50072,5.96574,8.230564518,148.251578,,,4.788437,4.0139487,1.128004,2.018773993,1.72395269,1222.676953,1.46583301,13.123576,8837.66302929,1.06991108,1.17584031,1.17261554,1.0268721,1.1865166,1.228126,,,,,,,,1.16186
2012-04-05,70.720041,,28.5560518,182.170309,5.943419,8.200773838,148.238323,,,4.796389,4.0240046,1.12617,2.02708104,1.73953127,1219.8545157,1.465755,13.165337,8849.06317155,1.0697537,1.17676834,1.17692827,1.01093231,1.1903215,1.227392,,,,,,,,1.161393
2012-04-09,69.843733,,28.287503,180.031473,5.873233,8.104951626,146.384929,,,4.736606,3.9864107,1.110612,2.004982339,1.72251841,1193.5316619,1.44656846,13.046944,8868.25781512,1.05675625,1.16290588,1.16639252,0.99279853,1.1744639,1.222528,,,,,,,,1.148077
2012-04-10,68.932305,,28.0323705,177.721891,5.802905,8.00890247,143.570288,,,4.675772,3.9507047,1.095429,1.987811461,1.72058567,1176.6960748,1.43273699,12.826553,8702.68579244,1.04701541,1.14404537,1.15640169,0.98795745,1.1549647,1.21885,,,,,,,,1.130687
2012-04-11,68.307467,,27.9061646,,5.751336,7.938707729,142.003921,,,4.632429,3.9331605,1.091619,1.985006401,1.71371694,1169.6532761,1.43149038,12.774017,8572.66393641,1.04591029,1.14050293,1.15546928,0.98457711,1.1459688,1.207108,,,,,,,,1.11996
2012-04-12,69.100609,,28.3195332,183.045814,5.831627,8.050447996,144.176906,,,4.686934,3.9916337,1.124371,1.99781242,1.74104737,1190.0112444,1.4518784,12.906351,8582.92365951,1.06012233,1.15265499,1.17758489,1.00009126,1.1624294,1.220519,,,,,,,,1.129412
2012-04-13,68.610294,,28.1675483,180.000608,5.802223,8.01085862,143.396255,,,4.650154,3.97046,1.109269,1.994958727,1.73602294,1179.511722,1.44362877,12.839517,8488.91298894,1.05439933,1.14518111,1.16934924,1.00491577,1.160527,1.217754,,,,,,,,1.129426
2012-04-16,69.021354,,28.2523306,179.154913,5.824661,8.042790178,143.601274,,,4.681301,3.9826422,1.108497,2.003133898,1.71680885,1185.2612494,1.4406876,12.904127,8478.11875826,1.05247555,1.14446517,1.17171768,1.0003218,1.1595964,1.220777,,,,,,,,1.137543
2012-04-17,69.375637,,28.4374137,180.139942,5.83061,8.051976468,144.134477,,,4.70345,4.0089679,1.113374,2.017629417,1.72457563,1200.0280511,1.44451468,12.987962,8684.55972302,1.05548465,1.15624026,1.17898031,1.00014309,1.1676995,1.224159,,,,,,,,1.140485
2012-04-18,69.918375,,28.7657146,181.204332,5.875604,8.11506242,144.815809,,,4.738979,4.0554726,1.120961,2.020664343,1.73059627,1209.2796239,1.45693232,13.10882,8762.26526625,1.06413567,1.1657953,1.18147263,1.01100517,1.1746087,1.2345,,,,,,,,1.150588
2012-04-19,70.26951,,28.7810173,180.279658,5.89896,8.148303072,145.027674,,,4.76416,4.0578828,1.116053,2.0182669,1.73769435,1214.2297407,1.45733288,13.161548,8814.68469587,1.06404516,1.16652721,1.18342735,1.02025811,1.1751733,1.2418,,,,,,,,1.150274
2012-04-20,70.420583,,28.8114974,180.69374,5.893812,8.142183479,145.027412,,,4.777147,4.0624314,1.114993,2.013407429,1.73835182,1212.3596173,1.44860269,13.190545,8792.78684394,1.05832435,1.16610374,1.18307869,1.02234429,1.169146,1.244301,,,,,,,,1.149143
2012-04-23,69.283849,,28.4687859,178.770663,5.827369,8.051405407,142.647651,,,4.698968,4.0144025,1.102951,1.99572533,1.73379989,1195.1940654,1.43393986,12.96007,8783.50989795,1.04798079,1.15372392,1.1766976,1.01458346,1.1593164,1.23579,,,,,,,,1.12718
2012-04-24,69.57624,,28.6056893,179.425977,5.831158,8.057600458,143.535857,,,4.717497,4.0339421,1.110693,2.008097346,1.75278008,1192.7962487,1.43606993,12.958637,8987.22275717,1.0498775,1.15593881,1.18032734,1.0064017,1.1663236,1.236699,,,,,,,,1.142
2012-04-25,69.236473,,28.6737523,177.346199,5.834964,8.063830781,143.634257,,,4.695544,4.0437841,1.106366,2.011023813,1.74526126,1196.7711042,1.43768569,13.007368,9036.09820748,1.05025384,1.1526958,1.1805556,1.00174215,1.1677144,1.24561,,,,,,,,1.137288
2012-04-26,69.441758,,28.8156024,178.674378,5.866811,8.108802125,144.325537,,,4.703522,4.0640223,1.115866,2.020469427,1.74421942,1194.4253595,1.44214415,13.077874,9088.38585444,1.05351794,1.15538467,1.18577922,1.00761317,1.1811592,1.241736,,,,,,,,1.132576
2012-04-27,70.071189,,28.7917685,178.315156,5.937576,8.207562935,145.48927,,,4.745673,4.0609156,1.1119,2.026033775,1.74864673,1211.7319087,1.4473879,13.207697,9251.75313357,1.0566418,1.16352089,1.1918659,1.01267977,1.1890744,1.259993,,,,,,,,1.145803
2012-04-30,70.020714,,28.8237865,179.155866,5.950639,8.226617585,145.50675,,,4.741906,4.0656867,1.115928,2.030986048,1.76565937,1199.5143354,1.46485023,13.189735,9202.90715095,1.0677716,1.16758938,1.19542019,1.00939962,1.1972291,1.26544,,,,,,,,1.150402
2012-05-02,70.142019,,28.9174111,180.532487,5.957509,8.237106972,146.018844,,,4.751647,4.0791478,1.123702,2.032400045,1.77207143,1204.2724776,1.46082262,13.300519,9096.173941030002,1.06515523,1.17281694,1.20183844,1.01299852,1.2053862,1.260196,,,,,,,,1.14605
2012-05-03,70.487958,,29.0051808,178.765177,6.007001,8.306509239,146.856648,,,4.775832,4.0917838,1.119996,2.036922309,1.76051724,1204.7396374,1.46853533,13.286662,9037.90299246,1.07051055,1.17730019,1.20074161,1.0176308,1.2059324,1.262302,,,,,,,,1.158146
2012-05-04,70.544686,,28.6911126,175.335949,5.990151,8.28422598,146.577618,,,4.784161,4.0477445,1.103942,2.03075115,1.75481871,1204.0375277,1.45899573,13.222001,9090.43540155,1.06353923,1.17266254,1.19774845,1.00485469,1.1931244,1.269422,,,,,,,,1.152669
2012-05-07,71.140707,,29.0375666,176.188344,6.026818,8.33591757,147.747543,,,4.827402,4.0968706,1.107372,2.031422281,1.75822514,1211.9947373,1.46190039,13.321587,9192.01385274,1.06584412,1.18103551,1.20539645,1.00401237,1.2008617,1.269095,,,,,,,,1.151256
2012-05-08,70.897686,,28.8089963,173.829101,5.994775,8.292625787,146.752509,,,4.812842,4.0648911,1.095118,2.015248107,1.73923637,1203.2692798,1.452069,13.223256,9130.98581207,1.05841613,1.17289072,1.19926542,1.00342482,1.1875412,1.262702,,,,,,,,1.149355
2012-05-09,70.156866,,28.6646623,172.757426,5.9172,8.186347011,145.191447,,,4.760711,4.0447798,1.089939,2.004225567,1.7096682,1191.6947882,1.43679269,13.119598,9092.72185275,1.04862041,1.16325468,1.19204888,0.99663545,1.1804605,1.246447,,,,,,,,1.142409
2012-05-10,70.382488,,28.7731413,172.791722,5.89377,8.154921637,145.598015,,,4.7799,4.0603271,1.087127,2.006647483,1.69702579,1190.914947,1.43920232,13.236051,8993.00503711,1.04989419,1.16614313,1.19534116,0.99582413,1.1824125,1.256582,,,,,,,,1.16254
2012-05-11,70.15397,,28.7847746,171.631179,5.868047,8.120322005,146.1285,,,4.758684,4.062215,1.079851,2.017745476,1.69293739,1184.1984799,1.44538762,13.205326,8957.64358386,1.05359113,1.1717538,1.19684128,0.98847968,1.1938111,1.257318,,,,,,,,1.138155
2012-05-14,68.239522,,28.0042414,167.566705,5.679823,7.86090589,142.575312,,,4.635,3.9523661,1.047043,1.981082697,1.66386282,1146.4685132,1.42208013,12.957073,8696.04686508,1.03807943,1.14497762,1.17298978,0.97434749,1.15977,1.240774,,,,,,,,1.09749
2012-05-15,67.87531,,27.4968203,164.962514,5.541064,7.66984273,140.004005,,,4.572363,3.8810337,1.029192,1.963068707,1.64791207,1124.8074827,1.40427418,12.786279,8590.36919939,1.02682521,1.1232322,1.16257819,0.95767819,1.1358921,1.22996,,,,,,,,1.068752
2012-05-16,67.482094,,27.4672203,163.885716,5.501273,7.61568851,139.198035,,,4.544883,3.8770948,1.022515,1.947391457,1.631464,1115.6992431,1.38229153,12.689441,8614.240824400002,1.01134314,1.1070758,1.15707988,0.9490328,1.132973,1.222419,,,,,,,,1.060432
2012-05-17,65.541897,,26.7119329,159.063571,5.282183,7.313403576,135.335412,,,4.413626,3.7707959,0.987735,1.921967746,1.58400636,1076.9407741,1.36643867,12.320127,8440.18371436,0.99895144,1.07725385,1.13294351,0.91779003,1.0981312,1.199862,,,,,,,,1.015963
2012-05-18,65.504096,,26.7518845,160.528876,5.26279,7.287418946,135.129533,,,4.410852,3.7766608,0.99534,1.920534033,1.56847704,1076.7840031,1.36639174,12.243472,8504.48575429,0.99917373,1.07631707,1.13592965,0.92300411,1.0920387,1.197181,,,,,,,,1.019295
2012-05-21,66.887,,27.269412,166.903782,5.381539,7.452677479,137.174095,,,4.503467,3.849889,1.030127,1.943213373,1.59807,1100.677507,1.38012482,12.482613,8623.35359333,1.00935023,1.09385668,1.15983473,0.93589013,1.1085867,1.200968,,,,,,,,1.033593
2012-05-22,66.447734,,26.8848675,164.397285,5.269945,7.299104809,135.416035,,,4.473584,3.7958827,1.009206,1.922009363,1.6072651,1078.7981378,1.37117212,12.417789,8410.12908909,1.00242353,1.08337702,1.15333912,0.9332071,1.0793503,1.200761,,,,,,,,1.000439
2012-05-23,65.630375,,26.4807097,162.676885,5.2278,7.241615419,134.395999,,,4.418218,3.7391066,1.004572,1.882035919,1.60328898,1075.608337,1.36466923,12.286612,8308.54294022,0.9972957,1.06383097,1.14614281,0.91582947,1.0671337,1.180471,,,,,,,,0.993656
2012-05-24,65.129943,,26.2649242,160.909526,5.210709,7.218818738,133.540157,,,4.384037,3.7088973,0.997989,1.871566993,1.60117352,1066.8311721,1.35978639,12.194482,8184.79609577,0.99314782,1.06488583,1.13533883,0.91163517,1.0665449,1.19201,,,,,,,,1.005225
2012-05-25,65.844062,,26.5256765,160.932857,5.286379,7.324481652,134.895992,,,4.431592,3.7459027,1.004587,1.884078469,1.62563756,1086.8437233,1.37173065,12.348408,8312.82020364,1.00177855,1.07710064,1.14084228,0.91858246,1.0838393,1.199242,,,,,,,,1.015615
2012-05-28,66.886145,,26.9941542,162.474393,5.397078,7.478701919,136.834093,,,4.501805,3.8122101,1.019487,1.907981039,1.64929757,1108.3220341,1.39062518,12.520125,8432.50912844,1.01549654,1.09625319,1.15513736,0.92957143,1.1066666,1.208466,,,,,,,,1.020822
2012-05-29,66.741291,,26.7646572,162.028361,5.369648,7.441629507,136.54196,,,4.490965,3.7800712,1.00772,1.905797474,1.65119899,1103.5674298,1.38137659,12.529038,8306.67793694,1.00917606,1.09130451,1.1521611,0.93018528,1.096218,1.20876,,,,,,,,1.026516
2012-05-30,65.918957,,26.5870523,160.472585,5.299714,7.345639337,135.366733,,,4.435883,3.7552163,0.996457,1.885083068,1.63533925,1084.3889604,1.36916386,12.383135,8253.66490402,0.99978289,1.08328535,1.14119902,0.92015652,1.0896417,1.187771,,,,,,,,1.012751
2012-05-31,66.852729,,26.909601,163.349685,5.340447,7.402973388,136.807107,,,4.497868,3.8010033,1.010064,1.901952151,1.65898461,1102.2201168,1.3740657,12.478905,8176.93464067,1.00398585,1.09254167,1.15856788,0.92345194,1.105913,1.18714,,,,,,,,0.972265
2012-06-01,65.343517,,26.4148749,160.890774,5.206029,7.21760834,133.923038,,,4.39625,3.7313583,0.993485,1.861661212,1.63384577,1076.0750481,1.35565618,12.222091,8107.02315775,0.9897589,1.05871143,1.14307273,0.89674689,1.0859288,1.190874,,,,,,,,0.992349
2012-06-04,65.017891,,26.3879996,160.854124,5.169309,7.167567491,132.945216,,,4.374073,3.72779,0.990625,1.852353541,1.63456478,1059.6259401,1.34880967,12.178166,7983.94248326,0.98445842,1.04992536,1.13663506,0.88715058,1.0824761,1.187339,,,,,,,,0.986033
2012-06-05,64.362701,,26.1980817,158.86179,5.093487,7.063336122,131.189164,,,4.33001,3.7011928,0.975912,1.836588322,1.61948509,1037.9536488,1.33903232,12.14872,7914.72880295,0.97773082,1.03517117,1.12315486,0.87137651,1.069767,1.177736,,,,,,,,0.975509
2012-06-06,65.26281,,26.7087916,163.507647,5.200723,7.212840215,133.692391,,,4.390249,3.7735528,1.00851,1.872362623,1.62055784,1061.3425452,1.3531311,12.348228,8043.21529276,0.98855363,1.0616332,1.14527882,0.88688987,1.0919575,1.1814,,,,,,,,0.995106
2012-06-08,65.55559,,26.7318559,163.296277,5.208275,7.22420779,134.37159,,,4.410113,3.7770406,1.011462,1.873117506,1.61846118,1059.2907886,1.35400307,12.441367,8168.11879367,0.98899241,1.06464511,1.14331896,0.88834347,1.0940412,1.19045,,,,,,,,1.004551
2012-06-11,65.693524,,26.6668634,162.295176,5.202776,7.217458688,133.792888,,,4.418832,3.7680912,1.002186,1.864884755,1.64268698,1066.1600977,1.34694731,12.391054,8184.26279095,0.98301973,1.05876866,1.14119172,0.88504288,1.0879416,1.182906,,,,,,,,1.004552
2012-06-12,66.583903,,27.1322282,165.433686,5.270998,7.31293911,135.585836,,,4.479007,3.8340504,1.019821,1.888695493,1.6597244,1082.4213407,1.35304727,12.624242,8276.39474675,0.9886644,1.06840323,1.16155789,0.89207309,1.1043042,1.192437,,,,,,,,1.011031
2012-06-13,66.772522,,27.2652866,166.08197,5.304219,7.359919531,136.572701,,,4.49153,3.8530776,1.029904,1.888800859,1.66345913,1093.4907563,1.3557038,12.63185,8298.66838172,0.99129815,1.0709845,1.16875389,0.88954573,1.1086092,1.191136,,,,,,,,1.019615
2012-06-14,66.252182,,27.1853283,165.213119,5.280257,7.32757811,136.318318,,,4.455718,3.8420207,1.023962,1.886677702,1.67430584,1092.2508206,1.35639677,12.609693,8294.50473925,0.99147458,1.0602805,1.16544135,0.88415338,1.1049867,1.195243,,,,,,,,1.019454
2012-06-15,66.939425,,27.4881594,166.910564,5.378571,7.46484951,137.742307,,,4.5016,3.8850292,1.043002,1.90895463,1.71011905,1113.0020784,1.37070475,12.695408,8380.75586878,1.00180203,1.07737573,1.17415556,0.9020825,1.1192737,1.201844,,,,,,,,1.03484
2012-06-18,67.520779,,27.5436933,167.798912,5.405584,7.503245654,139.115422,,,4.540435,3.8931114,1.04422,1.920300661,1.71411951,1119.4919589,1.37089682,12.770329,8377.05452806,1.00195823,1.08378222,1.18065758,0.89537144,1.125229,1.210357,,,,,,,,1.043424
2012-06-19,68.064131,,27.8078944,171.089355,5.447244,7.561963368,140.855486,,,4.597936,3.9306668,1.060679,1.927106707,1.70062051,1132.9258541,1.37642066,12.924941,8378.04925261,1.00690874,1.0946166,1.19493643,0.89651409,1.1388555,1.226056,,,,,,,,1.050227
2012-06-20,68.02484,,27.7149849,170.506873,5.458241,7.578150873,140.33271,,,4.573236,3.9177851,1.058797,1.923276355,1.70688674,1123.3858622,1.38075687,12.914572,8363.49149839,1.0095654,1.08872747,1.1924181,0.88941197,1.1388624,1.225686,,,,,,,,1.049911
2012-06-21,67.03667,,27.2253457,165.800569,5.36904,7.455264132,137.710462,,,4.506152,3.8488674,1.030465,1.906768313,1.69292479,1108.8393304,1.36416297,12.651884,8267.6332646,0.99658835,1.08097438,1.17365133,0.87754795,1.1219137,1.224814,,,,,,,,1.035343
2012-06-22,66.752752,,27.1643452,164.992522,5.362978,7.447735971,136.947619,,,4.486708,3.8404877,1.02833,1.905686898,1.69440962,1107.5984453,1.36656345,12.637671,8273.66138915,0.99794764,1.07042459,1.16902958,0.88018168,1.1235167,1.219058,,,,,,,,1.033407
2012-06-25,65.716536,,26.8276485,160.785416,5.269527,7.318901993,135.17802,,,4.416496,3.7931674,1.003186,1.888790699,1.63364639,1088.3723226,1.356056,12.460561,8140.19826971,0.9896574,1.06055372,1.15276932,0.86129432,1.1165051,1.199667,,,,,,,,1.017544
2012-06-26,65.559102,,26.8363725,161.711583,5.250748,7.293696785,134.336581,,,4.405683,3.7946324,1.009652,1.889861732,1.6455767,1080.4254591,1.35003786,12.528499,8131.26114417,0.98546934,1.05435608,1.14936377,0.86793996,1.1091677,1.204915,,,,,,,,1.004604
2012-06-27,65.849154,,26.8628619,161.50796,5.233918,7.271206569,133.197641,,,4.424661,3.7986066,1.002096,1.883495081,1.65967137,1072.9497738,1.32850398,12.556549,7985.41654869,0.96964267,1.04522287,1.15052362,0.86165906,1.1019252,1.205657,,,,,,,,1.008669
2012-06-28,65.919687,,26.7805329,161.053652,5.199764,7.224652488,133.139527,,,4.429135,3.7871979,0.995783,1.872565987,1.65908531,1078.50125,1.30798132,12.585062,7850.75860514,0.95460382,1.04833551,1.14634001,0.86009367,1.0985541,1.205861,,,,,,,,0.996713
2012-06-29,67.639625,,27.3841977,165.081457,5.337707,7.417113213,136.308401,,,4.543685,3.8727965,1.02545,1.909169597,1.68843572,1098.3526747,1.33572771,12.84373,8131.11340486,0.97434248,1.07047786,1.16599871,0.88369454,1.1205459,1.215376,,,,,,,,1.027836
2012-07-02,67.584446,,27.3185277,165.49115,5.361177,7.450632059,136.197176,,,4.539051,3.8637483,1.029826,1.901906391,1.69517185,1097.7285967,1.32111159,12.856712,8182.1577564,0.96518889,1.06685754,1.17181642,0.87546731,1.1266506,1.213679,,,,,,,,1.02851
2012-07-03,68.064146,,27.7161614,168.015734,5.449765,7.57460841,137.623577,,,4.604959,3.9202164,1.04381,1.918829881,1.72224874,1115.11247,1.33316847,13.072815,8348.77558093,0.97358935,1.062059,1.18247181,0.87891371,1.1393864,1.221183,,,,,,,,1.048785
2012-07-04,68.0872,,27.8581885,168.550472,5.493234,7.635936536,138.246326,,,4.636542,3.9405419,1.049406,1.928156543,1.73737252,1111.2415034,1.33518463,13.135935,8447.35939445,0.97538126,1.07133555,1.18650517,0.87733271,1.140749,1.225123,,,,,,,,1.054318
2012-07-05,68.064097,,27.7941998,169.884821,5.504248,7.652169624,137.710186,,,4.627532,3.9317312,1.057066,1.934501511,1.72427267,1103.6889342,1.32361673,13.1362,8490.03676989,0.96792742,1.0637855,1.19133228,0.87646144,1.1419008,1.223586,,,,,,,,1.054529
2012-07-06,68.064052,,27.4550268,167.667637,5.420244,7.536351313,136.157382,,,4.581657,3.8840055,1.041193,1.917929924,1.73131096,1089.0324462,1.30133222,12.987302,8383.74701844,0.95236857,1.0485283,1.17727575,0.87356073,1.1303374,1.222432,,,,,,,,1.036532
2012-07-09,68.064105,,27.4517394,167.646936,5.419684,7.536467737,136.141013,,,4.580941,3.8837753,1.040987,1.918083225,1.7312528,1089.0158383,1.30125668,12.976551,8382.9800169,0.95240023,1.04806555,1.17730141,0.87345737,1.1303374,1.21926,,,,,,,,1.036515
2012-07-10,67.391414,,27.018742,163.181827,5.365363,7.461868131,134.224393,,,4.524336,3.8227788,1.007725,1.895550248,1.7372693,1070.0382182,1.28455694,12.824906,8230.3125516,0.93959173,1.03508905,1.15383361,0.86407261,1.1162892,1.210711,,,,,,,,1.026848
2012-07-11,67.07682,,26.9337014,163.003136,5.327939,7.410729402,132.780397,,,4.502913,3.8109837,1.009262,1.89307312,1.74025111,1050.2966554,1.26488581,12.742817,8120.51181662,0.92647007,1.01612105,1.1445822,0.84996316,1.1089797,1.211854,,,,,,,,1.015399
2012-07-12,66.407991,,26.6932228,162.721041,5.26599,7.325479871,131.84274,,,4.457859,3.7772065,1.009159,1.880567375,1.71657022,1048.5886604,1.25363167,12.688599,8163.04309652,0.91926113,1.00957135,1.14346241,0.85650804,1.1018376,1.201417,,,,,,,,1.006541
2012-07-13,66.502122,,26.7772897,165.286701,5.298207,7.371157243,132.116533,,,4.463918,3.7893231,1.02862,1.887605216,1.73624287,1054.7462265,1.26017037,12.685984,8210.61427134,0.92402896,1.0106036,1.15266034,0.87479966,1.1114251,1.198497,,,,,,,,1.016956
2012-07-16,66.616387,,26.7303782,163.79065,5.261124,7.320479269,131.4263,,,4.470654,3.782918,1.014579,1.888698659,1.71839602,1034.4831921,1.23972874,12.702653,8063.38377291,0.91049721,1.0077171,1.14274504,0.8694164,1.1046111,1.208672,,,,,,,,0.992877
2012-07-17,66.919261,,26.9046043,164.191435,5.306538,7.384525574,131.759633,,,4.490815,3.8077848,1.022246,1.902012375,1.73805348,1038.3040799,1.25175441,12.85636,8221.44137753,0.91850404,1.0087664,1.15149303,0.87251523,1.1105632,1.206227,,,,,,,,0.992929
2012-07-18,67.042529,,26.9735622,165.680845,5.339994,7.431965747,132.140957,,,4.498411,3.8177665,1.032399,1.902507246,1.74060677,1047.6454903,1.26672449,12.864829,8322.81050798,0.92847419,1.0184982,1.15892602,0.87616736,1.1168851,1.206256,,,,,,,,1.016621
2012-07-19,67.515733,,27.1155611,167.137561,5.423171,7.548590433,132.581694,,,4.529366,3.8380779,1.043057,1.911034085,1.75432156,1063.5427332,1.28591733,12.933716,8423.67022849,0.94157431,1.02652405,1.17476267,0.88852426,1.1290457,1.213573,,,,,,,,1.030596
2012-07-20,67.09173,,26.9084734,164.730382,5.351546,7.449854009,131.398054,,,4.50138,3.8090242,1.032522,1.912457661,1.72312198,1050.3744389,1.27519299,12.813416,8264.76948747,0.93385597,1.0093217,1.16579303,0.87060105,1.1161276,1.217538,,,,,,,,1.014932
2012-07-23,66.258571,,26.6168021,161.884393,5.277992,7.348383425,129.413641,,,4.445806,3.7680073,1.012771,1.891720748,1.6846835,1022.2260097,1.26913787,12.661539,8148.85655485,0.92803908,0.9921392,1.14656265,0.86342344,1.1036937,1.20902,,,,,,,,0.99846
2012-07-24,66.602758,,26.5850574,160.981703,5.292973,7.370103055,129.930433,,,4.467665,3.7637456,1.010713,1.898344012,1.70574447,1022.9286682,1.2802083,12.616864,8147.25984776,0.93471749,1.00562915,1.14482896,0.86372059,1.1067965,1.214213,,,,,,,,1.003687
2012-07-25,67.066548,,26.7907299,161.213323,5.324199,7.414460413,130.177998,,,4.498605,3.7930581,1.013137,1.919218668,1.72479309,1019.4835777,1.27770912,12.758008,8083.26499332,0.93286375,1.00384455,1.14251044,0.85740748,1.1097469,1.213833,,,,,,,,1.005352
2012-07-26,67.97423,,27.3753386,164.256594,5.408009,7.532031711,131.899286,,,4.558187,3.8759598,1.03536,1.947943693,1.74996826,1039.014855,1.29311155,12.90173,8322.21959084,0.94360907,1.027381,1.15780483,0.89487349,1.1228442,1.219233,,,,,,,,1.021593
2012-07-27,68.651921,,28.1617845,170.172534,5.567036,7.754359478,135.272188,,,4.670723,3.9874093,1.074239,1.972723989,1.79509763,1071.5868344,1.36330359,13.237748,8711.09113666,0.99324814,1.0564173,1.18887954,0.93201319,1.1570592,1.238426,,,,,,,,1.056315
2012-07-30,69.036673,,28.2887026,171.672134,5.602366,7.804516575,135.861024,,,4.695981,4.0056212,1.084619,1.974604671,1.80070346,1081.5072054,1.36131519,13.256278,8773.98277739,0.99221829,1.06367815,1.19921716,0.93901445,1.1602496,1.245145,,,,,,,,1.060101
2012-07-31,68.567359,,27.9876861,168.467887,5.534505,7.710947129,135.458012,,,4.669703,3.9632411,1.065827,1.974750452,1.7982031,1078.6798267,1.3704069,13.21091,8648.42593599,0.99859715,1.06109955,1.19115221,0.93533746,1.1501509,1.250646,,,,,,,,1.050287
2012-08-01,68.990541,,28.1591052,168.94281,5.554887,7.74025269,135.774083,,,4.696011,3.9877526,1.075022,1.966642809,1.8215561,1096.6099179,1.36713896,13.17751,8713.88876186,0.99666287,1.06784525,1.18974896,0.93460346,1.1524656,1.247675,,,,,,,,1.062334
2012-08-02,68.580023,,28.0636434,167.349411,5.51551,7.68634169,134.84988,,,4.670025,3.9744767,1.060398,1.976140291,1.81187611,1092.0332248,1.36428216,13.150402,8737.45532625,0.99468142,1.0551932,1.1772059,0.92394976,1.1463038,1.247691,,,,,,,,1.042963
2012-08-03,69.277608,,28.5146534,170.388124,5.578633,7.775201288,136.824557,,,4.712723,4.0385775,1.081981,1.990333562,1.81552183,1126.3262309,1.37897971,13.335003,8940.66082023,1.00564332,1.06848395,1.19573027,0.94734979,1.1642756,1.251504,,,,,,,,1.062624
2012-08-06,69.937659,,28.8708951,172.4144,5.675602,7.9112548,138.354527,,,4.753196,4.0892634,1.100065,1.99884155,1.83015439,1152.4848587,1.39016625,13.366887,9023.03300114,1.01448995,1.08422285,1.21714757,0.95803419,1.1779363,1.266061,,,,,,,,1.072247
2012-08-07,69.657051,,28.5005111,171.778616,5.639989,7.86259843,138.187019,,,4.733529,4.0370734,1.094156,1.999657271,1.83316283,1135.8212695,1.38780653,13.347971,8893.47364732,1.01243398,1.0843014,1.21403859,0.95160641,1.1711644,1.25843,,,,,,,,1.070697
2012-08-08,70.796342,,28.8553514,174.381614,5.716193,7.969746073,139.349897,,,4.812534,4.0875682,1.111375,2.003992157,1.85897763,1140.7017826,1.39081567,13.490633,9043.31959255,1.01472109,1.1042344,1.22771583,0.96276253,1.1792365,1.249881,,,,,,,,1.087283
2012-08-09,70.236729,,28.5747345,173.76052,5.691573,7.93640663,137.725629,,,4.770675,4.0480886,1.111302,1.98470979,1.86054821,1140.8454833,1.39257558,13.504752,9130.83959626,1.01578529,1.09379585,1.22633181,0.96208913,1.1690305,1.243527,,,,,,,,1.085403
2012-08-10,70.52244,,28.6782915,175.097073,5.716485,7.972086564,138.778588,,,4.789276,4.0630036,1.116986,1.991112901,1.86077298,1146.904251,1.3961859,13.626548,9279.90775517,1.01804696,1.107004,1.23938257,0.96835129,1.1794796,1.25272,,,,,,,,1.088711
2012-08-13,70.570839,,28.5895821,174.687983,5.670894,7.909488359,139.226647,,,4.794478,4.0506881,1.114422,1.99369839,1.86304361,1148.1976772,1.389995,13.653627,9422.43994318,1.01378705,1.1115734,1.23815429,0.96237798,1.1791062,1.258812,,,,,,,,1.088763
2012-08-14,70.498597,,28.3909235,172.884537,5.660139,7.895441169,139.040009,,,4.791936,4.0228212,1.105383,1.991410174,1.8566256,1140.6054235,1.39001691,13.581402,9279.37180428,1.01375039,1.10021305,1.24109895,0.95977177,1.175495,1.263907,,,,,,,,1.090442
2012-08-15,70.455519,,28.340895,172.962654,5.675521,7.917840919,139.100033,,,4.788108,4.0159978,1.107129,1.983028597,1.84277629,1135.6854763,1.3892922,13.565256,9363.92539515,1.01295422,1.09635615,1.24172798,0.95975277,1.1764707,1.268993,,,,,,,,1.086606
2012-08-16,71.152891,,28.5780886,175.165798,5.765588,8.044405378,141.084249,,,4.827244,4.0498435,1.128675,1.985594138,1.85278207,1166.7073138,1.39730983,13.682245,9586.16933396,1.01835376,1.11942,1.26456067,0.9717272,1.1868904,1.27783,,,,,,,,1.099625
2012-08-17,71.248871,,28.5054069,173.997352,5.755253,8.030977614,141.101702,,,4.836705,4.039814,1.120836,1.982965289,1.8476127,1170.0256071,1.39293203,13.681394,9539.8756932,1.01565737,1.12011645,1.26255635,0.96711315,1.1787074,1.286984,,,,,,,,1.103892
2012-08-20,71.201316,,28.4616582,173.799119,5.760744,8.039606782,141.46027,,,4.829105,4.0338798,1.119074,1.986479783,1.85128448,1171.7653403,1.39090899,13.635336,9644.63288488,1.01415249,1.1141519,1.26260154,0.9634047,1.1756368,1.286808,,,,,,,,1.108484
2012-08-21,71.533279,,28.4395481,172.323963,5.762391,8.042875772,142.825301,,,4.853997,4.0310091,1.11906,1.989555856,1.84845856,1179.2850117,1.38360975,13.619688,9720.26967689,1.00884391,1.1177383,1.25814855,0.96604536,1.1697716,1.290215,,,,,,,,1.110644
2012-08-22,71.407564,,28.6476344,172.997814,5.772325,8.057707459,142.210532,,,4.838631,4.0607333,1.123358,2.001240213,1.84749714,1175.9079445,1.38838305,13.636136,9852.0047075,1.01187011,1.1135806,1.26756779,0.96631362,1.1782736,1.299443,,,,,,,,1.117992
2012-08-23,70.376765,,28.2116087,171.117071,5.718697,7.983869399,141.128774,,,4.765342,3.9992356,1.109475,1.993489738,1.82368866,1167.7199285,1.37835216,13.480543,9638.34456274,1.00431175,1.0991421,1.25355321,0.95860346,1.1672239,1.293266,,,,,,,,1.105565
2012-08-24,70.76576,,28.3412898,171.016549,5.713677,7.977818518,141.430874,,,4.794005,4.017839,1.109544,1.989404257,1.81830808,1174.3424233,1.38457356,13.546587,9727.55320468,1.00903966,1.10054725,1.25839427,0.95816012,1.166551,1.29728,,,,,,,,1.108697
2012-08-27,71.048874,,28.3132283,170.463116,5.755559,8.03723866,142.070415,,,4.813602,4.0141069,1.103336,1.997271513,1.81870783,1185.2716138,1.38357306,13.559075,9696.46608813,1.00812911,1.1060328,1.25830381,0.95803608,1.171433,1.291422,,,,,,,,1.111964
2012-08-28,71.49366,,28.5009858,170.609856,5.797761,8.097127967,142.762339,,,4.842122,4.0409348,1.108975,2.000603268,1.8310719,1195.4865859,1.39136541,13.656043,9833.96006508,1.01338821,1.11244955,1.26499623,0.96713393,1.181426,1.297487,,,,,,,,1.102106
2012-08-29,71.446151,,28.2998653,168.036934,5.815504,8.122885229,141.902827,,,4.8373,4.0126986,1.098577,2.005687211,1.82852732,1189.3651572,1.38686663,13.62105,9845.25997714,1.01013221,1.10949645,1.25924532,0.96302013,1.1854663,1.298291,,,,,,,,1.120772
2012-08-30,72.114708,,28.4830715,167.503618,5.887596,8.224534185,143.575315,,,4.879799,4.0389181,1.101904,2.008099371,1.82751093,1206.8261404,1.38130678,13.652748,9986.93319238,1.00655393,1.1171439,1.25929799,0.96573856,1.1874641,1.298648,,,,,,,,1.134901
2012-08-31,72.426425,,28.3645611,166.445286,5.88951,8.228212561,144.837501,,,4.90543,4.0223571,1.103871,2.015051145,1.86468866,1210.4066299,1.3877453,13.667186,9983.10123167,1.01069948,1.1322385,1.26260856,0.96684303,1.1948677,1.305894,,,,,,,,1.13363
2012-09-03,72.496082,,28.4676009,167.505662,5.895956,8.238208676,145.142569,,,4.911428,4.0352688,1.105915,2.022528455,1.86857908,1216.4003493,1.38699529,13.7176,9976.03692736,1.00987026,1.12597315,1.2666557,0.9732736,1.1947315,1.299415,,,,,,,,1.132685
2012-09-04,72.312399,,28.1498853,165.218678,5.869361,8.202056193,144.104602,,,4.904073,3.9924028,1.091198,2.016622587,1.87265774,1204.5562227,1.38447997,13.687779,9832.3071489,1.00737442,1.1230967,1.25963304,0.97247707,1.1898982,1.296467,,,,,,,,1.121209
2012-09-05,72.503358,,28.2806457,166.864532,5.883312,8.222534249,144.776336,,,4.917768,4.0111844,1.104445,2.012469316,1.85970757,1222.609659,1.39364992,13.723575,9861.71384609,1.0143411,1.13146305,1.25897502,0.97927358,1.1966943,1.296186,,,,,,,,1.087854
2012-09-06,73.329079,,28.6978215,170.623223,5.970709,8.345549921,145.98945,,,4.970521,4.0705807,1.129718,2.030301445,1.86773608,1240.7132699,1.42760512,13.919034,9994.71610709,1.03671351,1.14432545,1.27936792,0.99140215,1.2192604,1.298539,,,,,,,,1.139112
2012-09-10,73.163575,,28.5602092,170.660577,5.953484,8.322503502,145.741797,,,4.957021,4.0513141,1.129348,2.022559646,1.8805753,1240.4852724,1.42461914,13.869836,9883.78858426,1.0346304,1.13839865,1.27518399,0.9923637,1.2119734,1.303695,,,,,,,,1.141416
2012-09-11,73.685407,,28.8348921,172.453477,5.979569,8.359959583,146.450383,,,4.993191,4.0905079,1.138082,2.019996904,1.89143135,1241.9663541,1.42998162,13.966467,10070.19569807,1.03882202,1.1387653,1.27632082,1.00546102,1.2174141,1.30058,,,,,,,,1.149563
2012-09-12,73.981029,,28.8622885,173.637716,5.990095,8.375689643,146.930696,,,5.01938,4.0946399,1.132421,1.986477708,1.90526302,1257.1109649,1.45742112,13.960547,10195.92136721,1.05640138,1.1463556,1.28251199,1.01380276,1.2086196,1.29386,,,,,,,,1.144586
2012-09-13,75.189433,,29.3717505,178.203374,6.113701,8.549496676,150.162252,,,5.093334,4.1671298,1.157563,2.006592475,1.93546317,1282.2554765,1.45920318,14.106439,10414.84888935,1.05900318,1.15627395,1.30665749,1.03364677,1.2315878,1.309063,,,,,,,,1.174989
2012-09-14,74.325453,,28.9269901,179.348018,6.049028,8.460134662,149.338643,,,5.029326,4.1043154,1.156195,1.991354517,1.92815756,1276.3941054,1.4469279,13.963672,10489.36157968,1.05006426,1.1403661,1.29168948,1.02534642,1.2199235,1.30857,,,,,,,,1.166447
2012-09-17,74.225426,,28.9583639,179.133145,6.009495,8.405867013,148.649855,,,5.025661,4.1090109,1.15439,1.991143969,1.92655118,1278.136137,1.45565845,13.987929,10536.76661294,1.0556718,1.1372095,1.28267141,1.02004285,1.2143617,1.316968,,,,,,,,1.160334
2012-09-18,74.316303,,28.9562504,178.203374,6.041326,8.451399306,149.513557,,,5.028585,4.1089583,1.153979,2.004286876,1.9243589,1276.2460585,1.46201714,14.055079,10626.98998537,1.05936667,1.14817922,1.28161091,1.02249207,1.2217914,1.322882,,,,,,,,1.167026
2012-09-19,74.472313,,28.9975085,177.609457,6.033979,8.442149057,149.227066,,,5.039082,4.1150559,1.151723,1.99632248,1.9237126,1288.0729374,1.46503738,13.99474,10628.07904657,1.06178918,1.14710192,1.28778272,1.03035207,1.2180791,1.325123,,,,,,,,1.168542
2012-09-20,74.782044,,29.2681109,177.7757,6.053489,8.47045724,149.77829,,,5.062009,4.1536755,1.151586,2.009122698,1.92404428,1283.7675708,1.46595344,14.030134,10568.15506154,1.06204952,1.15158607,1.28667206,1.03104081,1.2308242,1.319941,,,,,,,,1.171355
2012-09-21,75.140307,,29.3438485,177.415287,6.070036,8.494634815,150.071372,,,5.088674,4.164665,1.149075,2.009330816,1.91415531,1284.5502927,1.47523567,14.025555,10499.96324811,1.06847962,1.1551749,1.29155102,1.02751559,1.2320784,1.32311,,,,,,,,1.172546
2012-09-24,75.351062,,29.5268439,178.488898,6.052987,8.471808067,150.419357,,,5.103043,4.1908646,1.156924,2.011165471,1.92383839,1293.2058438,1.47360185,14.110799,10615.03468811,1.06691227,1.14851613,1.29724947,1.03265643,1.2228164,1.332669,,,,,,,,1.173573
2012-09-25,74.938753,,29.3275023,174.53525,6.019143,8.425482643,149.253371,,,5.073868,4.162849,1.136417,2.008908656,1.9168506,1287.7308753,1.45980344,14.017474,10578.86104956,1.05664601,1.14509574,1.2923446,1.02576236,1.2122957,1.335493,,,,,,,,1.170403
2012-09-26,75.160793,,29.3406296,174.702707,6.005763,8.407766686,148.506977,,,5.09411,4.1649606,1.139344,2.017163897,1.91489007,1278.062793,1.45922909,14.035513,10588.02762206,1.05629177,1.14142157,1.29411695,1.02364139,1.2054275,1.329039,,,,,,,,1.166746
2012-09-27,75.193396,,29.2657943,174.347058,6.009846,8.414494428,148.797673,,,5.096269,4.1545877,1.136369,2.022534129,1.90152482,1272.5585561,1.46636264,14.044514,10559.7680394,1.06077161,1.14476344,1.29869629,1.02438403,1.2160043,1.339676,,,,,,,,1.168278
2012-09-28,75.461381,,29.4107274,172.145984,6.03576,8.451789547,148.775409,,,5.116673,4.1754126,1.125427,2.039165814,1.91230143,1262.3646251,1.46448852,14.155264,10498.33823601,1.05852383,1.15250093,1.29207251,1.02326842,1.2090835,1.352393,,,,,,,,1.167192
2012-10-01,76.274918,,29.5505151,173.434053,6.137648,8.595454006,151.449238,,,5.170123,4.195508,1.13163,2.062128639,1.93645177,1281.0713701,1.46945963,14.243292,10486.375642,1.06173807,1.16800431,1.29696852,1.03150231,1.2251721,1.349985,,,,,,,,1.182338
2012-10-02,76.206165,,29.6280873,173.585559,6.112861,8.561814283,150.900505,,,5.166975,4.2067724,1.125472,2.060839167,1.93226298,1268.6216218,1.45242585,14.23758,10445.50373311,1.05053136,1.16325191,1.29910626,1.01753193,1.224093,1.347544,,,,,,,,1.176056
2012-10-03,76.081413,,29.4879947,171.74667,6.106434,8.553863734,150.46684,,,5.160753,4.1871622,1.115066,2.057976131,1.93213316,1258.2152221,1.44672697,14.241877,10389.6565912,1.04661246,1.16287404,1.29499918,1.00814657,1.2180745,1.3456,,,,,,,,1.172044
2012-10-04,76.266146,,29.4032374,172.229608,6.080909,8.519179766,150.758485,,,5.178834,4.1753813,1.113137,2.059108566,1.93553204,1267.2936291,1.45645877,14.352312,10342.83493777,1.05257133,1.16760994,1.29194803,1.00294615,1.2203012,1.339961,,,,,,,,1.166921
2012-10-05,76.955517,,29.7088351,172.787026,6.09986,8.546765858,152.558615,,,5.226506,4.2190151,1.117806,2.059481873,1.94064823,1284.1662233,1.4584174,14.486206,10356.79840712,1.05397261,1.17326619,1.30057516,1.00815417,1.2331732,1.341749,,,,,,,,1.174941
2012-10-08,77.341087,,30.1183214,174.507768,6.134603,8.596488738,154.16063,,,5.251465,4.2774007,1.130404,2.059468906,1.93835129,1295.7400976,1.472064,14.534821,10377.3923043,1.06339673,1.17512891,1.31141842,1.01374657,1.2400635,1.346738,,,,,,,,1.183126
2012-10-09,76.991655,,29.9541496,172.869842,6.086996,8.530859418,153.380942,,,5.228126,4.2543508,1.123198,2.047350462,1.93383877,1285.6250658,1.46040893,14.472843,10404.70467153,1.05546001,1.16427031,1.30222228,1.00913903,1.2345684,1.341871,,,,,,,,1.176211
2012-10-10,77.150454,,29.9891834,171.697147,6.108479,8.562001863,153.423776,,,5.241187,4.2595796,1.116918,2.057587402,1.93214319,1284.1640723,1.46074957,14.480156,10393.16047844,1.05539293,1.17352614,1.30686014,1.01052393,1.2333176,1.333923,,,,,,,,1.174289
2012-10-11,77.502501,,30.1087765,173.842902,6.147303,8.617464315,153.833764,,,5.264321,4.2768131,1.128352,2.060324321,1.93102464,1293.1683704,1.4718957,14.566322,10463.07516873,1.06273594,1.17807805,1.31705742,1.02378159,1.2377785,1.341221,,,,,,,,1.182433
2012-10-15,77.625217,,30.2092547,174.60208,6.184569,8.670758331,154.359008,,,5.264599,4.291334,1.128672,2.053690697,1.94264012,1310.1895582,1.47017066,14.567312,10585.62041352,1.06160431,1.18193602,1.31294912,1.02747111,1.2428005,1.351691,,,,,,,,1.192852
2012-10-16,77.804594,,30.3077021,175.651478,6.195366,8.686971366,154.674297,,,5.277895,4.3055675,1.134022,2.061958291,1.94989753,1309.7837706,1.46522826,14.625708,10538.74716159,1.05804589,1.1810644,1.314703,1.02391469,1.2448217,1.356115,,,,,,,,1.193689
2012-10-17,78.397749,,30.4931878,176.052801,6.205387,8.70209417,155.468109,,,5.321343,4.3321583,1.14276,2.064851386,1.94175602,1318.0701051,1.49914049,14.720113,10549.70356472,1.07995088,1.19826924,1.33060092,1.04368019,1.2496621,1.355367,,,,,,,,1.198423
2012-10-18,78.161707,,30.4227371,175.603472,6.15977,8.639213601,155.572767,,,5.306316,4.3224164,1.138216,2.048611916,1.94035575,1316.2107383,1.48844028,14.711289,10489.09087797,1.0723639,1.19249023,1.32717301,1.04218933,1.235472,1.347162,,,,,,,,1.192107
2012-10-19,77.365307,,30.150772,173.385473,6.11741,8.580874635,153.86443,,,5.250135,4.2840656,1.127026,2.029961505,1.93572988,1295.7253767,1.48103484,14.620313,10440.96703385,1.06753605,1.18143601,1.31448682,1.03229068,1.2246511,1.343031,,,,,,,,1.163868
2012-10-22,77.481293,,30.1907485,172.744569,6.086169,8.538112948,154.232916,,,5.262578,4.2899977,1.126211,2.022469928,1.93943264,1294.4808686,1.47522699,14.643045,10432.71295704,1.06333869,1.17683476,1.31437609,1.02991282,1.2156296,1.345086,,,,,,,,1.177526
2012-10-23,76.769259,,29.8994905,170.032078,6.030881,8.46161533,153.174136,,,5.217166,4.2489055,1.104993,2.017104244,1.92373058,1276.7749644,1.46090653,14.538573,10363.94806746,1.05396679,1.1641463,1.30231261,1.02382897,1.2078458,1.341046,,,,,,,,1.163889
2012-10-24,76.474788,,29.7232356,169.720015,6.009994,8.433350245,153.143877,,,5.194742,4.2241375,1.103492,2.01978496,1.93368615,1282.7772859,1.45943621,14.51436,10297.38010346,1.05316028,1.16246146,1.29698861,1.0265061,1.2126942,1.33819,,,,,,,,1.159996
2012-10-25,76.763393,,29.6106091,171.723099,6.025895,8.456690635,152.945877,,,5.217149,4.2084012,1.116399,2.029544835,1.94808656,1276.8145324,1.46751787,14.57791,10158.29270697,1.058298,1.16659423,1.30186036,1.02979744,1.2078394,1.337065,,,,,,,,1.159349
2012-10-26,76.648925,,29.5603287,171.150244,5.981059,8.394829773,151.611699,,,5.212167,4.2015151,1.108498,2.026958076,1.94112055,1260.3644201,1.46172666,14.57732,10107.13152712,1.05461039,1.16636564,1.30660069,1.02968787,1.1959566,1.338736,,,,,,,,1.153181
2012-10-29,76.723382,,29.6438994,170.690243,5.985004,8.401388487,152.182097,,,5.216915,4.2136312,1.109556,2.034268723,1.94287102,1259.2584549,1.45998004,14.570896,10055.50555981,1.05361643,1.16962856,1.31190983,1.02696986,1.2029368,1.345833,,,,,,,,1.154324
2012-10-30,76.88215,,29.79453,171.820813,5.999177,8.422312156,152.663224,,,5.227414,4.2352966,1.121123,2.063517714,1.94535972,1257.1826991,1.46714808,14.613679,10105.40901108,1.05843869,1.17459113,1.31891915,1.03194378,1.2158814,1.351713,,,,,,,,1.156278
2012-10-31,77.377347,,29.8834116,170.177507,6.039337,8.479715456,153.512939,,,5.262937,4.2481855,1.114226,2.072988897,1.95429705,1258.4679442,1.47852845,14.652184,10016.5639642,1.06538779,1.18158911,1.31972484,1.04279403,1.2221967,1.353319,,,,,,,,1.160588
2012-11-01,78.498585,,30.3438438,173.621584,6.101148,8.56752635,154.415489,,,5.339527,4.3138915,1.133765,2.102567788,1.98261028,1270.6386003,1.48579256,14.854993,10208.23015632,1.07146791,1.20489909,1.33635321,1.05021746,1.2386323,1.363278,,,,,,,,1.17656
2012-11-05,78.335662,,30.3616967,173.51173,6.094696,8.559532996,154.866308,,,5.327565,4.3166882,1.128973,2.092470302,1.99274167,1277.4933945,1.47818268,14.841973,10138.75030471,1.06637217,1.19993012,1.33803595,1.0467544,1.2427088,1.363213,,,,,,,,1.174668
2012-11-06,78.910849,,30.4801132,175.834859,6.193568,8.699374536,156.674295,,,5.360958,4.3337803,1.143473,2.101855072,2.00059087,1302.2405547,1.49560167,14.925955,10302.0059675,1.07856308,1.21553585,1.34821205,1.05556929,1.2626069,1.360069,,,,,,,,1.188059
2012-11-07,78.553638,,30.2651769,173.259478,6.158101,8.650663934,155.671304,,,5.338463,4.3034868,1.128494,2.106847301,1.99044787,1288.7385531,1.48459954,14.817655,10342.11472368,1.07026427,1.20975089,1.34159606,1.04806324,1.2625109,1.361579,,,,,,,,1.182896
2012-11-08,78.218701,,30.0340034,170.620913,6.110097,8.584309975,155.315813,,,5.318948,4.2708833,1.114637,2.091315458,1.98483653,1275.7870555,1.47499264,14.745541,10111.48837331,1.06367297,1.19374498,1.33440468,1.04733147,1.2609042,1.349528,,,,,,,,1.175764
2012-11-09,77.595638,,29.7617468,170.262246,6.087243,8.553313973,154.504874,,,5.270818,4.2324378,1.112599,2.081334569,1.97729811,1261.0920095,1.47106482,14.725113,9951.70472456,1.06095227,1.18312501,1.33041877,1.04201814,1.260772,1.344967,,,,,,,,1.16878
2012-11-12,76.894632,,29.5261958,169.225044,6.017919,8.456980666,152.739941,,,5.224901,4.1992077,1.102458,2.065059108,1.97667424,1243.5391954,1.45790154,14.648355,10007.85921234,1.05213716,1.1712988,1.32590056,1.03427346,1.2488697,1.340625,,,,,,,,1.156934
2012-11-13,76.908361,,29.6735253,170.477444,5.986887,8.41441457,152.265407,,,5.227988,4.2204027,1.107041,2.067311194,1.96986924,1244.7480446,1.46088615,14.627046,10074.08619321,1.05428915,1.18425041,1.32819414,1.03916903,1.2368216,1.34631,,,,,,,,1.154185
2012-11-14,76.055671,,29.3732864,167.757755,5.929395,8.334664526,150.171566,,,5.169065,4.1779763,1.087718,2.059463226,1.97112488,1233.6064669,1.43883794,14.548607,9847.26891098,1.03964038,1.17498463,1.31517119,1.02179488,1.2216928,1.339141,,,,,,,,1.14039
2012-11-16,76.017569,,29.3666024,166.269018,5.896008,8.288762791,149.732508,,,5.17108,4.1772767,1.077092,2.058640669,1.96650409,1228.6301436,1.42616242,14.541043,9752.22687171,1.03142928,1.16617111,1.30737604,1.01767323,1.2159746,1.340985,,,,,,,,1.137966
2012-11-19,76.838448,,29.6999142,168.725326,5.970656,8.394688984,151.10294,,,5.226167,4.224908,1.092189,2.08281385,1.97581008,1236.3691959,1.44486595,14.637458,9831.24446828,1.04351372,1.18822096,1.32751293,1.02440366,1.2294447,1.336546,,,,,,,,1.143989
2012-11-20,76.833781,,29.6964484,168.704712,5.969926,8.394704691,151.084173,,,5.225378,4.2246686,1.091954,2.082554971,1.97575705,1236.3551832,1.44482844,14.646696,9830.40040976,1.04342976,1.18800836,1.32756484,1.02432181,1.2294447,1.339805,,,,,,,,1.143979
2012-11-21,76.605954,,29.5882357,169.033644,5.93027,8.339993199,150.669566,,,5.212493,4.2095392,1.08927,2.077198301,1.9665328,1229.8328628,1.43227706,14.628654,9952.94344949,1.03550586,1.17422666,1.32471643,1.02135091,1.2202537,1.341599,,,,,,,,1.139444
2012-11-22,76.89549,,29.6082685,169.472169,5.975757,8.404963702,151.438933,,,5.229325,4.2126392,1.092608,2.072428097,1.96768727,1236.4264744,1.44104868,14.632877,9864.87963683,1.0409788,1.17973959,1.33253465,1.02608989,1.2290146,1.337619,,,,,,,,1.146767
2012-11-23,77.228726,,29.9199699,172.114001,6.026387,8.4771892,152.421693,,,5.247022,4.2572006,1.108959,2.090089731,1.97137915,1255.1050378,1.4504955,14.70824,9889.71643853,1.04684843,1.19381465,1.34473534,1.03543587,1.2357814,1.347708,,,,,,,,1.157324
2012-11-26,76.486771,,29.6771138,170.404346,5.936253,8.351490587,150.479991,,,5.198591,4.2229332,1.093566,2.070087877,1.96223526,1247.5927104,1.4300741,14.623944,9805.53746803,1.03364269,1.18368129,1.33460018,1.02018495,1.2212235,1.345839,,,,,,,,1.141245
2012-11-27,76.390729,,29.5520391,168.779123,5.954707,8.378459003,149.747157,,,5.192827,4.2054066,1.086104,2.075605765,1.95847724,1244.3289752,1.43025509,14.606524,9980.0656199,1.03350637,1.18253381,1.32830231,1.02254051,1.2246194,1.349859,,,,,,,,1.141245
2012-11-28,76.342746,,29.6376714,169.262634,5.972132,8.403999741,149.891856,,,5.187443,4.2178313,1.087515,2.07695754,1.95314522,1245.1700941,1.42965012,14.638113,10085.6931705,1.03304734,1.18181734,1.32856543,1.0249982,1.2240771,1.356895,,,,,,,,1.140426
2012-11-29,77.197275,,29.9805886,172.216027,6.029959,8.486384271,151.613443,,,5.246829,4.266889,1.104888,2.068123637,1.95602987,1261.0228996,1.43864541,14.676908,10182.28200223,1.03870553,1.18781294,1.33616322,1.03558127,1.2358765,1.354256,,,,,,,,1.151472
2012-11-30,77.403539,,29.8940682,172.050705,6.034726,8.494148676,151.86204,,,5.261702,4.2548438,1.103922,2.066387605,1.97193099,1278.1820523,1.42825474,14.637525,10189.85387224,1.03229898,1.19298242,1.33915125,1.03265874,1.2216376,1.371057,,,,,,,,1.153258
2012-12-03,77.265033,,29.9284946,173.803234,6.071698,8.547212693,152.245324,,,5.245584,4.2599988,1.112511,2.064892374,1.97179033,1290.9049517,1.423047,14.631343,10179.84344168,1.02893847,1.19696493,1.33809896,1.03419569,1.222858,1.363873,,,,,,,,1.160823
2012-12-04,77.564319,,29.9859665,172.533552,6.098002,8.585284748,152.136504,,,5.267923,4.2684216,1.104739,2.076208858,1.98373931,1293.4926632,1.42535779,14.652278,9893.898804,1.03035483,1.20331416,1.33126298,1.03126823,1.2181469,1.37686,,,,,,,,1.160527
2012-12-05,77.709125,,30.0521643,172.533552,6.085955,8.569386691,152.313051,,,5.283077,4.2780991,1.110335,2.088661229,1.99595139,1298.7418029,1.42574141,14.687171,10161.01556044,1.03012504,1.20895478,1.33343833,1.02905807,1.2124925,1.371497,,,,,,,,1.156341
2012-12-06,78.338772,,30.2498617,172.262406,6.157034,8.670485754,153.529663,,,5.325037,4.3064924,1.115149,2.123502804,2.00033735,1300.2752558,1.43448213,14.739714,9962.91891976,1.03582511,1.21813524,1.34237201,1.03788852,1.2287338,1.370927,,,,,,,,1.167263
2012-12-07,78.436923,,30.3256975,173.787879,6.196226,8.726733743,154.144552,,,5.325559,4.3175438,1.126418,2.127114502,1.99198363,1303.8922394,1.44408712,14.740329,9910.81778114,1.04210959,1.21568621,1.35017669,1.04707717,1.242146,1.378063,,,,,,,,1.176216
2012-12-10,78.292112,,30.3550236,175.068786,6.168728,8.689096405,153.495632,,,5.313492,4.3219765,1.137442,2.127378624,2.0015751,1295.4989102,1.44668707,14.753059,10048.80926069,1.04363975,1.21308691,1.35159163,1.04942601,1.2383942,1.370644,,,,,,,,1.219288
2012-12-11,78.457265,,30.301332,176.71499,6.159894,8.677720057,153.431959,,,5.324533,4.3145942,1.145145,2.125950321,2.00801993,1286.3170372,1.45451433,14.771996,9732.50513759,1.04864954,1.20797556,1.35236188,1.05136958,1.2383965,1.376066,,,,,,,,1.177249
2012-12-12,78.295764,,30.273235,176.349851,6.174995,8.700052137,152.711215,,,5.308819,4.3108541,1.143884,2.12700323,2.00012916,1281.469245,1.46546032,14.732874,9902.55211772,1.05562336,1.20283766,1.35397709,1.05444698,1.2434766,1.371419,,,,,,,,1.177904
2012-12-13,78.181099,,30.1464333,175.843405,6.147878,8.662931293,152.050281,,,5.302611,4.2930659,1.143682,2.111400504,1.98885026,1280.4884295,1.46916765,14.685632,9997.871955,1.05767201,1.19458218,1.3555572,1.05214181,1.2408151,1.371763,,,,,,,,1.177261
2012-12-14,78.671557,,30.234881,177.101502,6.173312,8.699823689,153.234513,,,5.338521,4.3059113,1.150674,2.12391111,2.01546581,1293.4088509,1.46994412,14.741899,9980.83101776,1.05813783,1.20021696,1.36342172,1.05946987,1.2472757,1.370215,,,,,,,,1.181979
2012-12-17,79.25873,,30.4857566,177.379781,6.233064,8.785070164,155.084264,,,5.376536,4.3418745,1.151446,2.126443086,2.02630692,1310.557502,1.47244941,14.807866,10022.40786565,1.0598218,1.21022923,1.37004364,1.06381797,1.2584592,1.391484,,,,,,,,1.233977
2012-12-18,79.900859,,30.7228262,179.306172,6.299287,8.879462238,156.717005,,,5.418913,4.375875,1.162526,2.141223764,2.05423029,1320.9613374,1.49171444,14.921617,9986.35085495,1.07264274,1.22285647,1.38438567,1.07942987,1.2713,1.393064,,,,,,,,1.201976
2012-12-19,79.833658,,30.6765124,181.142262,6.328854,8.922222198,157.150102,,,5.409582,4.3695457,1.170461,2.1561316,2.05871179,1324.2273141,1.49738617,14.925751,9607.70463323,1.0767949,1.22716807,1.3876108,1.08476377,1.2749882,1.38993,,,,,,,,1.208644
2012-12-20,80.059912,,30.7905097,181.033479,6.370896,8.982570219,158.149696,,,5.421389,4.3860319,1.175993,2.152020526,2.07152054,1328.8222623,1.50296061,14.94419,9638.1661129,1.08104678,1.22636777,1.39121763,1.0860502,1.2764479,1.390472,,,,,,,,1.203123
2012-12-21,79.881798,,30.7519036,180.774808,6.353745,8.95950794,157.76425,,,5.407915,4.3808001,1.180066,2.156518287,2.08800568,1329.0847735,1.49923555,14.923722,9673.89673399,1.07941531,1.22867852,1.39220791,1.08474153,1.2654859,1.393629,,,,,,,,1.21645
2012-12-24,79.879234,,30.7483161,180.752945,6.352985,8.959532358,157.743344,,,5.407095,4.3805519,1.179819,2.156672538,2.08784484,1329.0730044,1.49914185,14.921398,9673.0348345,1.07929186,1.22846275,1.39225572,1.0846294,1.2654859,1.39329,,,,,,,,1.216478
2012-12-26,80.015485,,30.7593814,179.746544,6.352893,8.960502042,158.262022,,,5.414648,4.3823891,1.180861,2.163160994,2.10062569,1338.3948327,1.50774269,14.915597,9873.98093943,1.08477141,1.23342804,1.39270096,1.08550235,1.269334,1.416937,,,,,,,,1.220921
2012-12-27,80.289771,,30.8072398,178.42027,6.329763,8.928996493,158.452924,,,5.440877,4.3894629,1.169396,2.15700502,2.09758577,1333.5217317,1.50830913,14.920334,9810.04918993,1.08468907,1.2289743,1.39027085,1.08408834,1.2713987,1.419116,,,,,,,,1.212842
2012-12-28,80.958264,,31.0489782,179.484423,6.404628,9.035665477,160.273586,,,5.483905,4.4241308,1.177174,2.165142138,2.11552392,1352.6778281,1.51195309,14.970969,10015.00053353,1.08776449,1.24391362,1.4040935,1.09173313,1.278772,1.425116,,,,,,,,1.226646
2012-12-31,80.954283,,31.045374,179.462483,6.403937,9.035812118,160.252704,,,5.483069,4.4238827,1.176926,2.165284117,2.11536184,1352.6674042,1.51184804,14.979858,10014.15366857,1.08763332,1.24369154,1.40413651,1.09160013,1.278772,1.426442,,,,,,,,1.226827
2013-01-02,81.576119,,31.4356158,183.048953,6.476637,9.139451564,161.746697,,,5.524168,4.4797587,1.202086,2.18175435,2.12996507,1372.0977581,1.52246548,15.137062,10170.51453636,1.0953514,1.25095856,1.41615842,1.11311947,1.3001,1.437149,,,,,,,,1.243435
2013-01-03,81.445156,,31.4646228,185.250345,6.478364,9.143016795,161.111323,,,5.514796,4.4841614,1.212188,2.174314692,2.1399495,1389.1965521,1.52036514,15.196121,10254.84341113,1.094082,1.25114098,1.41561136,1.11651696,1.2993822,1.442863,,,,,,,,1.24546
2013-01-04,81.336536,,31.2276961,183.717656,6.447586,9.100717035,160.666105,,,5.506935,4.4506713,1.205814,2.187079437,2.14656279,1379.0315724,1.51483684,15.191306,10331.60807348,1.09094353,1.24916191,1.40326415,1.10572315,1.2924246,1.448091,,1.0,,,,,,1.230102
2013-01-07,80.755039,,30.9970153,182.101084,6.425444,9.070588834,159.602067,,,5.467114,4.4180691,1.19577,2.174277516,2.15108293,1377.1541143,1.50615984,15.109385,10194.62430831,1.08476443,1.2365538,1.39696227,1.09942539,1.2797564,1.446612,,0.9926272,,,,,,1.226253
2013-01-08,79.942104,,30.675063,180.869464,6.35191,8.967934997,158.5153,,,5.411816,4.3724589,1.184773,2.160273838,2.13196243,1363.5113794,1.50839598,15.022584,10142.29933563,1.08573545,1.22278661,1.39101998,1.08547491,1.2666589,1.44251,,0.983216,,,,,,1.204546
2013-01-09,80.646869,,30.8553372,182.71879,6.390619,9.02365453,159.217602,,,5.458974,4.398411,1.191804,2.174924592,2.13992671,1367.6220741,1.51797279,15.149007,10110.89613314,1.092383,1.2263634,1.41002518,1.08791592,1.2767631,1.446586,,0.9897837,,,,,,1.213448
2013-01-10,79.703846,,30.7738389,182.619352,6.381644,9.012096217,158.972554,,,5.394661,4.3870642,1.190436,2.161133006,2.14025265,1369.1883329,1.51320704,15.076262,10177.11874398,1.08864969,1.22264818,1.40950152,1.09144237,1.2754548,1.444212,,0.9877595,,,,,,1.21571
2013-01-11,79.636972,,30.6642473,181.728601,6.378129,9.008241635,159.061251,,,5.389696,4.3717136,1.187541,2.175477863,2.14739995,1370.6119609,1.5060209,15.05496,9978.48635286,1.08405901,1.22593545,1.40652806,1.09195178,1.2790521,1.440722,0.0,0.9832446,0.0,,,,,1.215056
2013-01-14,79.769077,,30.7489583,182.679121,6.389934,9.026014942,158.836145,,,5.398239,4.3840486,1.198272,2.178077294,2.16050243,1378.8660885,1.50568447,15.107118,9874.32416771,1.08418546,1.23598666,1.41235561,1.09543301,1.2718938,1.444899,0.0,0.986299,0.0,,,,,1.215698
2013-01-15,79.039619,,30.4333315,181.184106,6.352008,8.973574109,157.65663,,,5.348574,4.3393373,1.191565,2.169560448,2.14305044,1367.5587032,1.5001014,15.046367,9825.56975539,1.07987688,1.22532383,1.40143428,1.0921693,1.2630396,1.440792,0.0,0.9763842,0.0,,,,,1.210509
2013-01-16,79.467364,,30.4029726,181.869174,6.347718,8.968608255,157.547353,,,5.377068,4.3352718,1.191388,2.170862124,2.14908843,1361.636634,1.49983612,15.082093,9676.52753605,1.0793385,1.22827219,1.41025727,1.08821616,1.2592299,1.441579,0.0,0.975422,0.0,,,,,1.206778
2013-01-17,80.146731,,30.6088636,183.428328,6.429776,9.085603573,158.769673,,,5.422638,4.3648699,1.199238,2.187363478,2.15034706,1371.7845926,1.5076374,15.151121,9983.96048508,1.08449489,1.23765949,1.41483308,1.09555631,1.2719338,1.445475,10.0,0.9820421,10.0,,,,,1.221672
2013-01-18,79.850681,,30.5303652,183.007111,6.425419,9.080577401,158.488164,,,5.402122,4.3539463,1.19625,2.184736227,2.15995432,1363.130646,1.50681157,15.124571,10414.07386939,1.08419464,1.23408193,1.41092544,1.09145418,1.2653086,1.441761,9.995137,0.9798679,9.995486,,,,,1.221179
2013-01-21,80.258993,,30.7552641,182.588638,6.459217,9.129435712,159.189855,,,5.429413,4.386254,1.194699,2.188427131,2.16289211,1365.6451303,1.50845663,15.146703,10484.02315914,1.08559766,1.23594282,1.41527697,1.09583347,1.2725639,1.442071,10.060411,0.9874957,10.061245,,,,,1.228623
2013-01-22,79.94283,,30.5806411,182.819473,6.422287,9.078378638,157.691409,,,5.407397,4.3616345,1.195029,2.177924244,2.15046435,1347.3559359,1.50916166,15.135498,10600.8169949,1.08600825,1.22945314,1.41277845,1.09082406,1.2727855,1.438136,10.01689,0.9828635,10.017999,,,,,1.21971
2013-01-23,80.065916,,30.6508545,182.878315,6.456596,9.127975976,157.90774,,,5.415321,4.371901,1.201739,2.190015742,2.15933882,1353.6023635,1.51885775,15.127901,10731.73595127,1.09222143,1.23591503,1.42030243,1.09560733,1.2786456,1.447541,10.076637,0.9850878,10.078221,,,,,1.228449
2013-01-24,79.749266,,30.4136478,181.417537,6.416407,9.07229679,156.69152,,,5.393409,4.3383628,1.194618,2.195946079,2.15368238,1349.2167336,1.51934355,15.119075,10763.50114512,1.09186422,1.23128071,1.41393845,1.08815804,1.2712774,1.436104,10.005928,0.9786809,10.007957,,,,,1.222612
2013-01-25,79.743713,,30.4101612,181.395847,6.415715,9.072412756,156.671166,,,5.392594,4.3381261,1.194365,2.196006905,2.1535572,1349.2670291,1.51927629,15.140354,10763.07440505,1.09175338,1.23109765,1.41398426,1.08805653,1.2712774,1.436421,10.005245,0.9786763,10.007854,,,,,1.222605
2013-01-28,79.231657,,30.1355523,178.186716,6.379286,9.022031916,156.006242,,,5.357443,4.2992563,1.176297,2.186932563,2.12780553,1347.6484042,1.51418384,15.112441,10660.13935822,1.08780416,1.22752395,1.40544783,1.08782414,1.2703858,1.422631,9.942048,0.9704457,9.945114,,,,,1.214015
2013-01-29,79.859982,,30.2636784,178.877009,6.406524,9.061670566,156.020817,,,5.399552,4.3177711,1.181483,2.198555392,2.13711917,1349.7750304,1.52166518,15.133254,10628.08457928,1.09234819,1.23889328,1.41488836,1.09474878,1.2834565,1.420605,9.970702,0.9739005,9.974403,,,,,1.215636
2013-01-30,79.865699,,30.1084466,176.422491,6.394705,9.046071733,155.255407,,,5.399504,4.295882,1.161879,2.189352973,2.13338778,1338.258086,1.51557717,15.083615,10544.33736037,1.0885852,1.24215084,1.41394997,1.08626315,1.2837705,1.43056,9.955339,0.9693345,9.959791,,,,,1.2158
2013-01-31,81.044178,,30.5906046,178.225566,6.474911,9.160600237,157.466742,,,5.478779,4.3649348,1.166409,2.205665022,2.14131787,1343.5209418,1.51091041,15.199857,10790.29752731,1.08515275,1.25004472,1.42902736,1.08667614,1.2964874,1.438374,10.047521,0.985127,10.052732,,,,,1.227137
2013-02-01,81.884307,,30.8614713,179.237488,6.543992,9.25943628,159.374543,,,5.535193,4.4038445,1.178574,2.234066174,2.16113254,1373.5690156,1.51704916,15.301334,10908.84090116,1.08966178,1.26689611,1.43911386,1.09562824,1.307776,1.448471,10.161073,0.9935371,10.167018,,,,,1.239932
2013-02-04,81.564441,,30.6917745,177.569201,6.500122,9.198505556,158.860955,,,5.513104,4.3798966,1.166637,2.230606002,2.15313187,1375.2579485,1.50324622,15.230721,11084.54391128,1.08103057,1.25911698,1.43440687,1.08859615,1.3010947,1.447377,10.103314,0.9897502,10.109515,,,,,1.235559
2013-02-05,81.728984,,30.8445338,177.633151,6.510361,9.214094,159.289205,,,5.52445,4.4019555,1.15922,2.209440142,2.14991442,1375.8803025,1.49131727,15.285197,10998.08017345,1.07347428,1.24906738,1.43741181,1.08006878,1.2966189,1.455503,10.095634,0.994981,10.102182,,,,,1.234587
2013-02-06,81.916852,,30.7724996,176.60037,6.496603,9.195744146,159.513605,,,5.542692,4.391942,1.147026,2.203038875,2.14612297,1375.1566668,1.47931949,15.303628,10933.53581699,1.06451084,1.24737612,1.43448848,1.08549328,1.3005175,1.451895,10.056686,0.9937108,10.063523,,,,,1.229404
2013-02-07,81.586337,,30.5317774,174.93864,6.461004,9.146476896,158.523617,,,5.521559,4.3578593,1.140683,2.19106959,2.1289083,1366.82998,1.47306302,15.285843,11145.68693603,1.06038622,1.23798158,1.43039545,1.08009505,1.2939335,1.445862,9.997246,0.9853612,10.004332,,,,,1.2226
2013-02-08,81.238761,,30.5342884,175.546329,6.462638,9.149892471,158.75415,,,5.494663,4.3584806,1.141884,2.196923048,2.13198036,1371.8539266,1.49138258,15.261296,11174.23205447,1.07035024,1.22963312,1.43053676,1.08499005,1.2945329,1.450159,9.976765,0.9824995,9.98417,,,,,1.22017
2013-02-13,81.323587,,30.5706316,175.199937,6.458886,9.145687137,158.968476,,,5.5016,4.3639291,1.141383,2.210236862,2.15406671,1374.2259337,1.50659903,15.280424,11149.43871259,1.07896632,1.23485813,1.43815848,1.09600548,1.2979343,1.447875,9.969217,0.9827092,9.976965,,,,,1.219361
2013-02-14,81.632248,,30.6088821,175.199937,6.476865,9.172240431,158.977875,,,5.521958,4.3696487,1.136375,2.211250888,2.14370149,1377.4923589,1.50063662,15.299266,11046.74630302,1.07600166,1.24031986,1.43556433,1.09077225,1.3080423,1.444229,10.009366,0.9849027,10.017546,,,,,1.224707
2013-02-15,81.301906,,30.4774822,175.134684,6.481186,9.179470126,157.768411,,,5.495806,4.3511628,1.140882,2.204751788,2.14017492,1364.6597384,1.50280847,15.258477,11101.42075165,1.07830791,1.23933233,1.43365029,1.09285443,1.3075522,1.436717,9.993847,0.9826037,10.002356,,,,,1.223413
2013-02-18,80.899562,,30.2304301,175.098051,6.468897,9.163181178,155.944024,,,5.464557,4.3161743,1.138079,2.196248418,2.13527592,1352.8249857,1.49948427,15.226192,11032.10219046,1.07616428,1.23757159,1.43128113,1.09449121,1.3008137,1.433269,9.954086,0.9743323,9.962878,,,,,1.218555
2013-02-19,80.605665,,30.0583669,174.235954,6.451956,9.140308126,155.785095,,,5.444311,4.2918832,1.136133,2.193973576,2.11657803,1356.7977499,1.48061168,15.232607,11056.04341532,1.06403261,1.23196827,1.42765034,1.08846034,1.2935015,1.426039,9.923716,0.9688215,9.932452,,,,,1.215317
2013-02-20,79.981757,,29.8089176,171.618495,6.381739,9.041960282,154.395968,,,5.401647,4.2565491,1.11351,2.177937261,2.09994476,1344.730402,1.46998845,15.065828,10833.17592442,1.05695819,1.22421681,1.41440706,1.07388019,1.2805826,1.410979,9.812707,0.9610248,9.821236,,,,,1.204306
2013-02-21,79.948212,,29.6968638,170.593882,6.373542,9.031432102,154.227043,,,5.398918,4.2408166,1.116258,2.180223112,2.10486035,1338.2693902,1.46882587,15.024562,10788.66173044,1.05719402,1.22340254,1.40956606,1.07551282,1.273471,1.404851,9.812048,0.9576249,9.820575,,,,,1.198639
2013-02-22,80.291334,,29.9578828,171.704929,6.470442,9.169781581,155.815078,,,5.421777,4.2783135,1.124366,2.186070212,2.11463541,1357.3928339,1.46913164,15.087041,10949.15148087,1.05827018,1.22819241,1.41646291,1.08037768,1.2815384,1.416063,9.950072,0.9661789,9.958857,,,,,1.217589
2013-02-25,80.014676,,30.0642132,170.983681,6.454664,9.148550299,156.015583,,,5.402867,4.2937415,1.127102,2.186730525,2.11163999,1357.4786654,1.47729385,15.019394,10920.43280382,1.06387742,1.22546066,1.42067758,1.08425315,1.282118,1.422716,9.940513,0.9697039,9.951719,,,,,1.218886
2013-02-26,79.957478,,30.2777834,171.011663,6.448416,9.140795976,156.626244,,,5.398556,4.3244714,1.131501,2.199209407,2.11787807,1357.5822281,1.48207636,15.026905,10905.83070777,1.06725979,1.22909014,1.42316268,1.08667811,1.2852633,1.425716,9.938836,0.9763814,9.950038,,,,,1.213219
2013-02-27,80.212666,,30.4040882,171.371024356,6.483465,9.191569063,156.878809,,,5.415615,4.342772,1.138798,2.187294482,2.10653243,1353.930437,1.4993971,15.11993,10895.12484003,1.07824316,1.22888274,1.42851318,1.09737235,1.2894845,1.428414,,0.9808366,9.985468,,,,,1.222119
2013-02-28,81.199193,,30.5596159,172.935485002,6.523338,9.249197687,157.987253,,,5.481803,4.3652477,1.146637,2.212254261,2.13900545,1364.1978041,1.50656107,15.224172,10935.08637811,1.08263803,1.24534246,1.44685561,1.10924499,1.3028915,1.42609,,0.9857273,10.053188,,,,,1.229402
2013-03-01,80.986198,,30.3321552,172.361041751,6.485142,9.196173011,157.762281,,,5.471879,4.3330208,1.132209,2.195447259,2.14022791,1366.3492172,1.49984695,15.207211,10650.90246421,1.07829722,1.23050619,1.43877113,1.09854186,1.2960947,1.429856,,0.9784798,9.957349,,,,,1.212389
2013-03-04,80.862979,,30.3261472,171.322995206,6.47612,9.184480701,157.27586,,,5.458107,4.3324446,1.12101,2.191554683,2.1200345,1359.223584,1.49578326,15.187625,10692.87538174,1.0753779,1.21890998,1.4339048,1.09682382,1.2996604,1.424717,,0.9783744,9.961186,,,,,1.218212
2013-03-05,80.535482,,30.1474441,171.097586242,6.463234,9.167317495,156.033179,,,5.435525,4.30718,1.120148,2.20069337,2.12449095,1350.7350729,1.49984101,15.190039,10708.28645574,1.07824799,1.21691134,1.43559328,1.0923011,1.2951789,1.424078,,0.9727102,9.880912,,,,,1.218367
2013-03-06,81.312326,,30.4925024,175.642724535,6.549602,9.290879425,157.206414,,,5.490188,4.3567251,1.155553,2.203794304,2.1370041,1366.2530532,1.50148258,15.31565,10691.75268328,1.07941034,1.23333846,1.44743456,1.1044926,1.3047344,1.438087,,0.9839318,10.014781,,,,,1.224676
2013-03-07,80.168109,,30.1774936,175.842705997,6.524469,9.256374649,155.57393,,,5.409817,4.3119927,1.173758,2.189281707,2.14754425,1360.5269066,1.50099541,15.195122,10787.63096312,1.07905883,1.22619395,1.44347621,1.11009749,1.2968614,1.432392,,0.9739238,10.059845,,,,,1.229527
2013-03-08,79.659341,,30.1929509,176.065312124,6.522199,9.254266301,156.007165,,,5.374956,4.314299,1.166557,2.19743059,2.14875048,1359.5457237,1.50789417,15.161559,10699.47642209,1.08340104,1.22608751,1.4458382,1.11608191,1.3076738,1.423515,,0.974491,10.047541,,,,,1.228224
2013-03-11,79.636757,,30.2697426,176.26381388,6.514831,9.244933352,155.424283,,,5.372971,4.3255267,1.170142,2.175205627,2.14966032,1357.6770739,1.50880841,15.166312,10749.4687575,1.08367189,1.22114321,1.44671439,1.10818048,1.3003867,1.41337,,0.9769821,10.049358,,,,,1.228865
2013-03-12,79.81897,,30.1764848,174.760185881,6.511548,9.24138769,154.566969,,,5.384884,4.3124661,1.167957,2.166601035,2.14612141,1348.7163303,1.50605668,15.166268,10779.32997858,1.08188837,1.21826313,1.44337735,1.1055472,1.2883478,1.410678,,0.9740455,10.049383,,,,,1.229504
2013-03-13,79.258986,,30.0814208,173.430954206,6.496762,9.221525701,154.139892,,,5.346684,4.2991467,1.150843,2.170952792,2.16841574,1339.2027459,1.50114,15.125811,11011.17825529,1.07847218,1.22294604,1.43616845,1.09555261,1.2869212,1.403405,,0.9710366,9.9985,,,,,1.222368
2013-03-14,78.720232,,29.9843842,173.852893068,6.446127,9.150785953,154.119372,,,5.309974,4.2855448,1.152177,2.161258183,2.16577717,1327.9112981,1.49256005,15.105671,11247.08982401,1.07262659,1.21147055,1.42923407,1.0911443,1.2829559,1.401744,,0.9679916,9.917908,,,,,1.222199
2013-03-15,77.368329,,29.6634285,172.906624331,6.352289,9.018706184,152.0427,,,5.218375,4.2399588,1.146279,2.139007215,2.1533529,1320.6903013,1.47823552,14.98341,11374.34705063,1.06243612,1.19117618,1.41303831,1.07644853,1.2679491,1.387556,,0.9578014,9.803974,,,,,1.221705
2013-03-18,77.302111,,29.6343526,173.076770335,6.362585,9.034389833,151.684958,,,5.213483,4.2360604,1.145812,2.137058094,2.1481509,1317.3668646,1.47142638,14.983035,11415.57221081,1.05831106,1.19444022,1.41703926,1.07517612,1.2684138,1.391441,,0.9568955,9.804984,,,,,1.199015
2013-03-19,76.867055,,29.5595281,171.528725072,6.331349,8.991141594,151.55935,,,5.183668,4.2256273,1.130927,2.127382017,2.13747276,1307.0547628,1.46186553,14.902997,11500.35432653,1.05156079,1.18511056,1.40392917,1.0633177,1.2642827,1.39143,,0.9546353,9.746042,,,,,1.191716
2013-03-20,76.447419,,29.4995064,171.302945247,6.264686,8.897578896,150.774042,,,5.154434,4.2173079,1.12207,2.123374794,2.13505611,1308.5983419,1.46340218,14.898006,11474.20250468,1.05159505,1.18038488,1.40206664,1.06614954,1.2522247,1.370558,,0.9528776,9.636155,,,,,1.189603
2013-03-21,76.023247,,29.3843703,170.192032981,6.227433,8.845767556,149.623626,,,5.125371,4.2011158,1.112705,2.121591321,2.12700454,1304.9338401,1.45253348,14.844794,11515.21477593,1.04370927,1.18045915,1.39407911,1.05832575,1.2533925,1.358503,,0.9493706,9.572738,,,,,1.182952
2013-03-22,74.919068,,29.1572043,169.254311884,6.16685,8.760803006,148.336214,,,5.050361,4.1689211,1.096985,2.094420228,2.12268189,1301.5606739,1.42547422,14.777465,11740.62358338,1.02510812,1.16087919,1.38277408,1.04353174,1.2422783,1.34657,,0.9423107,9.467163,,,,,1.170631
2013-03-25,75.241987,,29.0953848,168.580839161,6.21834,8.834975043,149.631782,,,5.071785,4.1603415,1.085936,2.10013325,2.11786606,1305.2089687,1.41386605,14.806789,12193.58251615,1.01784045,1.15426112,1.38717612,1.03675863,1.2488784,1.35657,,0.9402361,9.490834,,,,,1.167708
2013-03-26,75.163605,,29.3514444,170.125497148,6.214819,8.831046982,149.96973,,,5.066178,4.197165,1.101799,2.102104339,2.12361051,1308.952539,1.40965745,14.82109,12798.40891689,1.01538902,1.15967915,1.39961956,1.03787235,1.2482362,1.354723,,0.9487169,9.540436,,,,,1.167701
2013-03-27,75.519034,,29.7274973,171.312186524,6.240591,8.868717238,151.210998,,,5.089877,4.2511991,1.108983,2.128265819,2.13107529,1317.8436632,1.42123912,14.911729,12342.48609708,1.0231686,1.1668219,1.41076526,1.04068775,1.2578835,1.36873,,0.9608911,9.580914,,,,,1.172554
2013-03-28,76.096432,,29.8401565,172.772466511,6.310109,8.968571934,152.245905,,,5.128259,4.2675669,1.11304,2.141493436,2.16851492,1332.0990392,1.44486134,14.95959,12320.13592633,1.03918888,1.17845413,1.4250299,1.05260455,1.2748674,1.386531,,0.9641209,9.658806,,,,,1.18081
2013-04-01,75.53524,,29.6196307,171.336276467,6.271994,8.915514022,151.715832,,,5.090206,4.2362844,1.104155,2.153589022,2.16035019,1335.4839543,1.42977237,14.904374,12254.48647184,1.02887832,1.1807839,1.41334647,1.04472074,1.2678782,1.377191,,0.9571773,9.609441,,,,,1.179833
2013-04-02,75.247786,,29.3132782,169.514681889,6.228317,8.854514857,151.027818,,,5.070419,4.1927286,1.085973,2.133970766,2.15110789,1324.1725627,1.41466656,14.818648,12199.97527815,1.01872745,1.17375812,1.40184471,1.03375562,1.2581796,1.377003,,0.9474678,9.534407,,,,,1.174804
2013-04-03,75.601381,,29.5402851,170.972863734,6.230119,8.858138367,150.909345,,,5.093881,4.2254443,1.10024,2.129112608,2.15089998,1324.2409941,1.41533713,14.829507,12354.39536863,1.01880042,1.17272279,1.40855512,1.03990029,1.2621603,1.37539,,0.9548128,9.526376,,,,,1.166858
2013-04-04,75.410174,,29.2088983,168.373061047,6.179656,8.787476282,150.005644,,,5.08044,4.1783074,1.078688,2.107014959,2.13643896,1320.9234865,1.39253546,14.809972,12264.60370769,1.00285249,1.16575004,1.39887216,1.02550102,1.2489051,1.363092,,0.9443852,9.459379,,,,,1.155996
2013-04-05,75.343165,,29.3133377,168.622043041,6.236954,8.86997056,150.11397,,,5.075336,4.1934941,1.085093,2.114786651,2.14223859,1326.8484318,1.39736764,14.812348,12310.22700892,1.00630445,1.17426278,1.40417991,1.03416985,1.2587398,1.374206,,0.9478508,9.560893,,,,,1.166845
2013-04-08,75.554803,,29.4221412,168.455410805,6.274284,8.924120667,150.469634,,,5.089077,4.2093061,1.085093,2.110465221,2.14479615,1331.8039307,1.40263695,14.836342,12262.72302841,1.00982069,1.17679864,1.4118537,1.03342002,1.2673057,1.379212,,0.951409,9.607397,,,,,1.173954
2013-04-09,75.701178,,29.5929456,171.210669771,6.270694,8.920088884,151.110951,,,5.098535,4.2339858,1.098172,2.110195481,2.14449542,1339.0909578,1.40358025,14.881239,12259.22772088,1.01082086,1.16958837,1.41804034,1.04376212,1.2746482,1.380998,,0.9570047,9.627857,,,,,1.180113
2013-04-10,76.682448,,29.8586109,172.214577436,6.33126,9.007294175,152.713921,,,5.164237,4.272233,1.111491,2.112953888,2.14788956,1351.826481,1.41318687,15.005812,12295.49156661,1.01787397,1.17960159,1.42663244,1.04713607,1.2827906,1.39002,,0.9656021,9.741396,,,,,1.189188
2013-04-11,76.254779,,29.5802064,170.620370989,6.300292,8.964321082,151.962677,,,5.134974,4.2326749,1.096167,2.088131467,2.14397908,1342.7902269,1.38729271,14.956271,12056.85606194,1.00070474,1.16148791,1.41504252,1.04100365,1.2778306,1.382702,,0.9568498,9.675868,,,,,1.183033
2013-04-12,75.878587,,29.400445,169.102827824,6.266163,8.916855239,150.851543,,,5.109198,4.2072214,1.089743,2.072212015,2.13450692,1348.8106497,1.37918671,14.907785,12127.36006568,0.99420482,1.14782939,1.40178445,1.03615198,1.2740926,1.373147,,0.951019,9.592292,,,,,1.174927
2013-04-15,74.299968,,28.5970257,164.070542384,6.118645,8.708065707,148.098291,,,5.002278,4.092577,1.04855,2.040825195,2.09769163,1305.1108545,1.3469233,14.601247,12143.42155346,0.9714162,1.10784793,1.36757896,1.01462335,1.2508677,1.348831,,0.9253497,9.346254,,,,,1.145752
2013-04-16,75.195833,,29.051639,167.294466285,6.167141,8.778107675,150.095806,,,5.062244,4.1578373,1.063973,2.05402589,2.11693879,1312.4821504,1.36095097,14.772334,12168.8952579,0.98224305,1.12191611,1.38713861,1.02634773,1.2591233,1.358908,,0.9400885,9.454058,,,,,1.153844
2013-04-17,74.70602,,28.640022,164.961457048,6.069429,8.640177505,149.079023,,,5.028805,4.0992215,1.039257,2.047619287,2.09347036,1294.3125496,1.3552473,14.655193,12127.55804036,0.97768789,1.10161144,1.37090824,1.01144822,1.2506289,1.355036,,0.9270303,9.278631,,,,,1.133593
2013-04-18,74.968798,,28.8394442,165.48742001,6.104274,8.690788591,149.913428,,,5.046093,4.127987,1.049735,2.055514004,2.1002572,1298.4184756,1.36398863,14.660535,12100.66491599,0.98386975,1.10402621,1.38491797,1.01621555,1.2575242,1.352641,,0.9335753,9.319419,,,,,1.136022
2013-04-19,75.982519,,29.1513394,167.373888577,6.172542,8.788996878,150.352801,,,5.113937,4.1728389,1.067687,2.067838683,2.11854302,1317.9652951,1.38525978,14.800334,12274.10665273,0.9984278,1.11024428,1.40228766,1.022189,1.2673185,1.358749,,0.9438447,9.427112,,,,,1.140881
2013-04-22,76.633381,,29.2408426,168.32001784,6.214294,8.849498157,151.427702,,,5.157372,4.1858892,1.073641,2.080196033,2.11250808,1316.5722377,1.38012054,14.858906,12156.74042238,0.99514145,1.10400457,1.4015017,1.02710346,1.2788908,1.36766,,0.9469137,9.486101,,,,,1.150597
2013-04-23,77.147034,,29.5586064,170.568254267,6.25144,8.903453481,152.33714,,,5.191582,4.2315837,1.082718,2.093548466,2.1279109,1317.3728734,1.37551871,14.957026,12185.84630871,0.99289723,1.11085631,1.41673687,1.03085641,1.2889824,1.37018,,0.9573403,9.545985,,,,,1.157073
2013-04-24,77.2764,,29.5548539,170.532461407,6.258039,8.913931041,152.491347,,,5.199889,4.231301,1.085294,2.097133251,2.12878304,1308.0569344,1.37979016,15.011909,12186.82776277,0.99665005,1.11420288,1.42429057,1.02581485,1.2934552,1.369098,,0.9574525,9.567803,,,,,1.167437
2013-04-25,77.307221,,29.4773507,170.199624608,6.252144,8.906608872,152.427918,,,5.201531,4.2204713,1.089089,2.097494341,2.13022578,1307.5963567,1.37642455,15.046093,12207.59886694,0.9941639,1.11343339,1.42403267,1.02415218,1.2901334,1.364552,,0.9549126,9.55787,,,,,1.168407
2013-04-26,76.975502,,29.0801092,167.591881212,6.19812,8.830739035,151.739098,,,5.178725,4.1639158,1.073671,2.07457401,2.12689339,1296.2513202,1.37443215,14.970471,12136.63007574,0.99147034,1.10121189,1.40592887,1.00875833,1.2784052,1.36087,,0.9424077,9.479368,,,,,1.15755
2013-04-29,77.042446,,29.1780506,168.980805384,6.220987,8.86436552,152.502054,,,5.182837,4.1781915,1.086664,2.090499762,2.13039025,1298.399944,1.38062791,15.004014,12165.16473015,0.99510764,1.10920051,1.41340096,1.00596663,1.2813151,1.366189,,0.945676,9.518105,,,,,1.162245
2013-04-30,77.975336,,29.7998066,173.139127114,6.309635,8.991714957,154.200036,,,5.24524,4.2674793,1.105836,2.124736617,2.1436314,1319.5548221,1.39709621,15.149622,12317.7307224,1.00819865,1.12962433,1.44006942,1.02397522,1.3026293,1.376686,,0.9656078,9.654535,,,,,1.178277
2013-05-02,78.021187,,29.6203792,171.809621584,6.296249,8.973743308,154.220898,,,5.248206,4.2420419,1.095049,2.118703678,2.14655792,1316.1009338,1.38834882,15.125566,12259.98995146,1.00233914,1.12695359,1.43048638,1.02083856,1.302339,1.377114,,0.9599662,9.611104,,,,,1.159479
2013-05-03,78.229943,,29.7972436,172.563959617,6.285479,8.959477124,154.456049,,,5.261602,4.2676239,1.099639,2.121765125,2.17030399,1317.2946066,1.39353056,15.180326,12281.68758355,1.00644906,1.12894117,1.43742273,1.01681296,1.3029328,1.382945,,0.9655703,9.618738,,,,,1.174215
2013-05-06,77.961047,,29.7634882,172.46390155,6.252569,8.913659566,153.668142,,,5.242994,4.2630467,1.099745,2.118493432,2.17191098,1313.3665834,1.39528346,15.182771,12226.65174493,1.00737825,1.12260356,1.4397544,1.01630835,1.2975698,1.377721,,0.964552,9.596706,,,,,1.171131
2013-05-07,78.358104,,30.0513377,174.767144122,6.323646,9.016033684,154.296565,,,5.269123,4.3045229,1.112241,2.110737971,2.17538651,1324.4795977,1.40076457,15.27191,12213.44465273,1.01161512,1.12977297,1.45303483,1.0314578,1.3048389,1.383266,,0.9739634,9.676733,,,,,1.18133
2013-05-08,77.890563,,29.9307688,174.335552235,6.327692,9.022897191,153.661846,,,5.237181,4.2875162,1.104869,2.103124889,2.16907586,1316.6650311,1.39773759,15.247255,12138.6981454,1.00926127,1.12858366,1.44290669,1.03546693,1.3041421,1.37474,,0.970263,9.627353,,,,,1.174844
2013-05-09,78.138331,,29.9255197,174.8421238,6.329574,9.026668735,153.698153,,,5.253513,4.2870222,1.099079,2.105063264,2.1622336,1316.160595,1.39486682,15.256263,12025.83281207,1.00772817,1.12490147,1.44157895,1.03270748,1.3055151,1.375791,,0.9700825,9.587946,,,,,1.169978
2013-05-10,77.885836,,29.860534,173.938699181,6.307666,8.996521849,153.407643,,,5.236035,4.2779739,1.09056,2.103102794,2.16885325,1321.7979183,1.40159094,15.244802,11823.9486728,1.01143381,1.12407724,1.44201523,1.03365127,1.3040904,1.3767,,0.9682235,9.59986,,,,,1.171431
2013-05-13,77.564191,,29.605559,171.524708433,6.272447,8.947380595,152.891682,,,5.213772,4.2417187,1.079586,2.068874529,2.16870506,1296.8114091,1.39418031,15.182923,11743.6022243,1.00579563,1.11300284,1.4273575,1.03067542,1.2959314,1.369881,,0.9603237,9.516431,,,,,1.159437
2013-05-14,77.822263,,29.7391201,172.274189047,6.286264,8.968157741,154.204261,,,5.23074,4.2610994,1.084909,2.08071113,2.18064434,1300.7748548,1.38994268,15.203806,11677.63243411,1.00282539,1.11394132,1.43136213,1.02408611,1.3099278,1.372412,,0.9645959,9.577045,,,,,1.168341
2013-05-15,78.247789,,29.7736078,172.986774833,6.296778,8.984242552,155.890641,,,5.25893,4.266294,1.092649,2.086162254,2.18570051,1307.869764,1.40253897,15.247266,10935.08633801,1.01164876,1.1107539,1.43825552,1.02587716,1.3135304,1.387764,,0.9657768,9.630789,,,,,1.174815
2013-05-16,78.547139,,29.78909,172.282956108,6.272542,8.950758351,155.910884,,,5.278506,4.2687673,1.090415,2.092441411,2.17872779,1300.2390995,1.38558438,15.240441,10363.85910314,1.00060156,1.11120349,1.43272996,1.0134081,1.3064406,1.387183,,0.966394,9.606803,,,,,1.179507
2013-05-17,79.281093,,30.0429259,173.709691181,6.308041,9.002471471,156.848212,,,5.327538,4.3053729,1.102158,2.109235647,2.18217732,1316.7184068,1.3934165,15.350443,10410.87933263,1.00549973,1.11636036,1.44401368,1.01923768,1.3154151,1.402954,,0.9745863,9.670431,,,,,1.182903
2013-05-20,79.19299,,30.1495732,175.377159282,6.307314,9.002525469,157.697612,,,5.321215,4.3209032,1.108135,2.108734605,2.17761165,1322.829109,1.39089595,15.364855,10358.80589764,1.00445898,1.11513303,1.44538819,1.023087,1.3189006,1.406363,,0.9780828,9.680047,,,,,1.179652
2013-05-21,79.977031,,30.3580028,176.369902292,6.335784,9.044233454,159.048549,,,5.373251,4.3510095,1.122773,2.123139086,2.18666364,1327.0088259,1.40364178,15.455307,10386.67486318,1.01352132,1.12503734,1.45387871,1.03168461,1.3259177,1.411012,,0.9849866,9.759529,,,,,1.189528
2013-05-22,80.954283,,30.5713189,176.095552066,6.393025,9.127031844,159.936247,,,5.441949,4.3818172,1.124243,2.129970613,2.19948929,1333.1453579,1.40476506,15.517733,10456.51033153,1.01541422,1.13028057,1.46170705,1.03138889,1.330519,1.426132,,0.991812,9.841862,,,,,1.204749
2013-05-23,80.729787,,30.4235549,174.712827119,6.352791,9.07071909,158.380619,,,5.422969,4.3609207,1.120121,2.120322738,2.18422532,1323.6847988,1.40738064,15.462605,10425.3097544,1.01574989,1.13275049,1.46023547,1.02940367,1.323064,1.419153,,0.9872653,9.824599,,,,,1.197453
2013-05-24,81.015975,,30.4739372,174.322289593,6.398042,9.136395795,158.304239,,,5.456477,4.3683972,1.12254,2.12982249,2.19338519,1329.3106739,1.42956417,15.478645,10445.32568419,1.02997458,1.14040826,1.46301664,1.03174013,1.3332586,1.424632,,0.9890239,9.893918,,,,,1.206357
2013-05-27,80.954283,,30.5008305,173.987379839,6.418397,9.166561249,158.162117,,,5.445079,4.3725104,1.124591,2.141455445,2.21203693,1330.7607774,1.43602884,15.452589,10492.76475562,1.03398987,1.14177959,1.46506091,1.03082314,1.3327351,1.424415,,0.9899698,9.919916,,,,,1.208295
2013-05-28,80.954283,,30.4760328,174.320442142,6.415546,9.163598101,158.30926,,,5.441362,4.3692218,1.118057,2.142963812,2.2094679,1334.4525388,1.42516446,15.463835,10395.30756958,1.02748209,1.14003816,1.46258592,1.02969344,1.3375764,1.420668,,0.9892548,9.878744,,,,,1.212827
2013-05-29,79.782304,,30.0576485,171.571729447,6.298115,8.997023087,155.998004,,,5.3573,4.3094983,1.096144,2.122657351,2.18405797,1321.3480066,1.41490846,15.311971,10251.25188261,1.01933438,1.12548765,1.45268754,1.01537093,1.3161425,1.405718,,0.9760955,9.688825,,,,,1.179613
2013-05-31,78.598332,,29.551598,170.647226599,6.172405,8.818567597,153.846168,,,5.276875,4.237202,1.080137,2.099492309,2.18293185,1297.7579321,1.36404308,15.22056,10120.75325159,0.98613213,1.10176231,1.43244014,0.99870676,1.2983359,1.387154,,0.9600431,9.481733,,,,,1.155634
2013-06-03,77.627346,,29.3371111,170.287042479,6.124087,8.75060084,152.927318,,,5.210889,4.2067046,1.083094,2.065222295,2.13400683,1286.1219621,1.35590642,15.178641,10193.77776409,0.98031382,1.09813061,1.42529615,1.00085187,1.2916335,1.389877,,0.9534098,9.453422,,,,,1.151257
2013-06-04,77.519232,,29.3036024,170.015580056,6.126627,8.755276531,153.382652,,,5.203032,4.2021533,1.083183,2.058223407,2.13141145,1286.5798691,1.36021567,15.123758,10216.75926479,0.98267978,1.09816853,1.42472632,1.00731063,1.2899827,1.390498,,0.9524641,9.44413,,,,,1.150767
2013-06-05,76.698675,,28.9749121,166.440004277,6.066429,8.670334668,150.925349,,,5.147437,4.1552798,1.062008,2.040263204,2.12157701,1273.9027656,1.34455836,14.982973,10394.83448306,0.97116541,1.09022097,1.41313151,0.99643144,1.2827931,1.383387,,0.9419971,9.3402,,,,,1.142989
2013-06-06,76.330709,,28.8822638,166.637550593,6.062072,8.665145804,150.370894,,,5.122307,4.1422462,1.065058,2.050273732,2.11447646,1281.7913061,1.33843818,14.986576,10276.38468411,0.96678003,1.08498214,1.407428,0.9953503,1.2747117,1.382768,,0.939214,9.349985,,,,,1.139421
2013-06-07,75.509926,,28.6216797,164.393227486,5.953779,8.5114495,148.690189,,,5.066745,4.1051339,1.046286,2.017089084,2.09630573,1260.8093935,1.32086016,14.954292,10211.8133056,0.95418323,1.06764841,1.39816404,0.97329618,1.2577685,1.36888,,0.9307773,9.141565,,,,,1.118034
2013-06-10,74.879129,,28.4180238,163.778049875,5.888699,8.419453731,146.876972,,,5.02387,4.0761815,1.04187,1.99967495,2.08395559,1251.9479326,1.31422142,14.886465,10190.1066127,0.94912692,1.06003737,1.38742658,0.9642466,1.2533054,1.35807,,0.9243548,9.063141,,,,,1.104259
2013-06-11,73.613064,,27.8361611,159.706797424,5.804911,8.300704585,144.30576,,,4.938547,3.9930018,1.010947,1.964865284,2.05623424,1218.9990334,1.29109901,14.76713,10017.72430912,0.9326247,1.03282124,1.36533378,0.94120918,1.2405716,1.332924,,0.9057635,8.882894,100.0,,,,1.093723
2013-06-12,73.070631,,27.5923783,158.481060672,5.780282,8.266490931,143.760306,,,4.901889,3.9582895,1.001894,1.935914066,2.04644019,1216.0607803,1.28627905,14.660414,9731.0860384,0.92962309,1.02274563,1.35487567,0.93721699,1.2314672,1.333625,,0.8979775,8.826301,98.71931,,,,1.075088
2013-06-13,73.676094,,27.7720425,160.260566299,5.836814,8.348302621,145.236488,,,4.942153,3.984287,1.017471,1.931784755,2.06817288,1221.622866,1.30190121,14.80314,9694.39645489,0.93992548,1.04557223,1.37099694,0.95163492,1.2416209,1.343484,,0.9041188,8.96112,101.54085,,,,1.091604
2013-06-14,73.424111,,27.4854902,157.953143667,5.777401,8.26437288,144.638229,,,4.924796,3.9434421,0.996811,1.912141172,2.05675914,1211.88568,1.29535688,14.742196,9595.0832061,0.9352689,1.03113511,1.35488673,0.94727424,1.2380091,1.330794,,0.8948682,8.857167,100.43958,,,,1.082364
2013-06-17,73.812995,,27.5662216,158.899352544,5.739018,8.210473963,145.076676,,,4.950233,3.9552541,0.988233,1.894041864,2.06234884,1210.5071486,1.29028546,14.793913,9689.22052754,0.93219353,1.03227909,1.36670488,0.94743711,1.2353352,1.329079,,0.8976817,8.788403,99.17882,,,,1.069398
2013-06-18,73.665983,,27.6172763,159.363497372,5.715292,8.177527223,144.665958,,,4.939987,3.9628119,0.99438,1.901562114,2.05964536,1200.9326085,1.28798035,14.836685,9645.38064222,0.93087194,1.02886744,1.37916077,0.94506781,1.2364793,1.320787,,0.8997034,8.789155,99.79873,,,,1.069878
2013-06-19,72.183178,,27.1101281,156.183030646,5.552626,7.945854308,142.037574,,,4.839972,3.8903376,0.959489,1.880003609,2.03941174,1177.7684126,1.26366603,14.63251,9608.23609381,0.912216,1.01170989,1.35678877,0.92790673,1.2183477,1.296112,,0.8834527,8.555488,95.58138,,,,1.045087
2013-06-20,70.83396,,26.7627883,155.606744981,5.481405,7.844904359,139.187625,,,4.748957,3.8407716,0.962824,1.846416541,2.0130179,1161.5982585,1.2397671,14.422384,9970.01485671,0.8960727,0.9987875,1.35314504,0.91752526,1.2031602,1.283598,,0.8726148,8.503272,93.16431,,,,1.036981
2013-06-21,70.51826,,26.389474,153.283858569,5.42702,7.768034574,138.002151,,,4.727444,3.7874786,0.94464,1.843240318,2.0085791,1151.3964411,1.23102295,14.441261,9232.2558349,0.88995517,0.99151784,1.33906708,0.89587655,1.1923146,1.266651,,0.8608322,8.369485,95.14737,,,,1.020775
2013-06-24,69.098707,,25.965392,149.800417522,5.365036,7.680270554,134.707356,,,4.631665,3.7269038,0.923821,1.815709594,1.98538553,1118.5220495,1.21766712,14.250883,8834.03658057,0.8794333,0.98038919,1.31806006,0.87777369,1.1761963,1.239229,,0.8474785,8.244879,94.9372,,,,1.004732
2013-06-25,70.138922,,26.3954342,151.038092261,5.446919,7.798355505,135.41807,,,4.701205,3.7887845,0.939791,1.862226925,2.00555224,1138.8088402,1.23247089,14.362584,8786.6822237,0.88977214,0.99501374,1.33034708,0.88885804,1.1871435,1.25124,,0.8611774,8.395383,96.89596769,,,,1.020763
2013-06-26,71.228987,,26.7776587,152.021331832,5.541969,7.935335168,137.558522,,,4.774095,3.8438127,0.948519,1.898393755,2.01533318,1155.245199,1.24933008,14.483113,8963.86014118,0.90112025,1.01317764,1.34521866,0.89698373,1.2041955,1.257669,,0.8732094,8.529167,97.03899851,,,,1.036957
2013-06-27,72.008661,,27.1715018,154.170687167,5.609903,8.033546496,139.456488,,,4.826012,3.900584,0.959668,1.916376537,2.02865523,1164.4358187,1.24927789,14.590777,9143.31119929,0.9037082,1.02632683,1.36259428,0.90752925,1.2179684,1.267117,,0.8858737,8.64406,97.0011996,,,,1.052178
2013-06-28,71.398849,,27.1646107,155.605284523,5.567058,7.973195654,139.509505,,,4.78461,3.8998322,0.956987,1.89536453,2.03946018,1154.8518332,1.23520116,14.521812,9121.10279413,0.89554574,1.01899219,1.36052291,0.90964976,1.2151182,1.268273,,0.8860535,8.560213,97.89924027,,,,1.041642
2013-07-01,71.191973,,27.2107297,156.045278001,5.561415,7.966065839,139.111883,,,4.770278,3.90669,0.953831,1.873343367,2.00198478,1153.1769145,1.22643073,14.547463,8964.12723461,0.89091998,1.01380318,1.364418,0.89962807,1.2103544,1.27127,,0.8876483,8.493442,96.89436142,,,,1.03694
2013-07-02,68.899675,,26.2851721,150.541552222,5.359022,7.677234793,134.834547,,,4.616127,3.7740611,0.911473,1.806172002,1.92984154,1110.081865,1.18995059,14.287008,8817.66121192,0.86379437,0.98092068,1.32201244,0.87539061,1.1785651,1.246543,,0.8576902,8.155662,93.47784687,,,,0.99528
2013-07-03,67.99884,,26.1959587,150.132270012,5.31741,7.618537661,133.049474,,,4.555459,3.761484,0.909281,1.783435155,1.92124847,1093.1840214,1.17213887,14.222701,8708.3950647,0.85220048,0.97014351,1.30986973,0.85912159,1.1684796,1.238914,,0.8548637,8.028069,94.52944835,,,,0.976161
2013-07-04,68.881499,,26.4131923,151.336875182,5.374793,7.701627409,133.983345,,,4.614074,3.7928975,0.917682,1.798827025,1.9332479,1104.6318659,1.18858035,14.297845,8796.53850022,0.86322799,0.980845,1.32427317,0.86955077,1.1781269,1.238526,,0.8619919,8.142168,95.69382455,,,,0.989439
2013-07-05,68.281059,,26.3111106,149.451174459,5.34077,7.653833145,133.049777,,,4.573307,3.7784742,0.909161,1.782177698,1.90896014,1089.7036004,1.18294349,14.284161,8616.51184015,0.85921478,0.96537954,1.31948452,0.86124486,1.171834,1.230943,,0.8589514,8.089422,95.82194673,,,,0.98587
2013-07-08,68.653153,,26.3366315,149.055566883,5.380236,7.711291304,132.649099,,,4.597651,3.7823679,0.907018,1.795054919,1.89972513,1085.0438159,1.1852655,14.310606,8648.8701963,0.8609908,0.96433992,1.3253496,0.86173475,1.1755419,1.236746,,0.8597685,8.133613,94.0544689,,,,0.986674
2013-07-09,68.648299,,26.3335297,149.038852666,5.379628,7.711355259,132.641272,,,4.596957,3.7821528,0.906837,1.794940579,1.89957019,1085.0235716,1.18517109,14.329279,8648.09401367,0.86086504,0.96414669,1.3253674,0.86165312,1.1755419,1.236977,,0.859766,8.133559,94.03931706,,,,0.986667
2013-07-10,68.770932,,26.5009043,150.217603669,5.407859,7.752739762,132.673487,,,4.604841,3.8064108,0.910463,1.79474536,1.88760738,1079.0725266,1.18303015,14.339331,8837.2900126,0.85965456,0.95437026,1.33148661,0.86502173,1.1831875,1.222952,,0.8649997,8.167085,94.80462203,,,,0.988282
2013-07-11,70.189886,,27.1030435,153.832137963,5.519313,7.913398979,134.427255,,,4.699631,3.8930839,0.936285,1.822364839,1.905054,1108.1371264,1.20921604,14.538221,9033.4543354,0.95739006,0.97397704,1.35649754,0.88388268,1.2009364,1.231804,,0.8851724,8.337056,97.08336011,,,,1.012413
2013-07-12,69.318658,,26.7698355,152.1299712,5.443996,7.806422958,133.475729,,,4.640902,3.8454877,0.919135,1.816398635,1.88172488,1098.874399,1.20008965,14.462467,9784.47345114,0.0,0.96135128,1.34395675,0.86560156,1.190922,1.21975,,0.8745511,8.178322,96.83312598,,,,0.994759
2013-07-15,70.257277,,27.1621369,154.03673479,5.530568,7.93144464,134.84832,,,4.702902,3.9020399,0.937024,1.837476871,1.89533754,1109.8418012,1.21753071,14.58567,10003.17982538,0.0,0.98154324,1.36308198,0.87988943,1.2053246,1.228047,,0.8874365,8.356153,96.50490238,,,,1.014202
2013-07-16,70.523441,,27.1619975,154.603469909,5.543877,7.951501325,135.252241,,,4.720269,3.9022582,0.937386,1.845165989,1.90387183,1116.3030032,1.21905806,14.550147,9942.3906533,,0.98871007,1.36585409,0.89384594,1.2110352,1.239703,,0.8875239,8.378767,97.74623507,,,,1.017283
2013-07-17,70.668888,,27.3180393,155.860983112,5.560809,7.976737384,135.297109,,,4.730065,3.9248972,0.942605,1.845744526,1.89967141,1119.0625328,1.2263004,14.60737,10434.03178595,,0.99843388,1.37955958,0.89509487,1.2133108,1.249644,,0.8925463,8.426905,98.05383105,,,,1.023926
2013-07-18,70.666526,,27.425883,155.789549089,5.585575,8.013213663,134.835912,,,4.729329,3.9406185,0.945851,1.846228421,1.93478211,1115.3941623,1.22230917,14.637111,10825.06477587,,1.00817334,1.38199582,0.90132826,1.2185187,1.258581,,0.8962104,8.457023,97.96059171,,,,1.027168
2013-07-19,70.612272,,27.2378674,154.567761156,5.588866,8.018901121,133.951663,,,4.725106,3.9138684,0.939727,1.840902687,1.94797075,1113.1612285,1.22343445,14.609583,10935.08633801,,1.00313153,1.37933101,0.89578116,1.214385,1.249018,,0.8902156,8.459462,99.33495149,,,,1.020856
2013-07-22,71.317194,,27.6261104,157.177430575,5.685803,8.158900231,135.071183,,,4.771675,3.9698417,0.952486,1.848028135,1.9723399,1127.7414447,1.23278006,14.70445,10935.08637811,,1.01729251,1.4010968,0.90231191,1.2214994,1.27067,,0.9028809,8.582025,100.61099924,,,,1.041425
2013-07-23,71.344515,,27.6368377,158.103195496,5.678713,8.149726497,135.228568,,,4.772944,3.9716239,0.958555,1.836883694,1.97060075,1128.0319662,1.22571419,14.726162,10935.08637811,,1.01546298,1.40317239,0.90514247,1.2214151,1.266321,,0.9033371,8.562916,99.75772713,,,,1.039161
2013-07-24,71.291283,,27.5281163,156.944741955,5.672599,8.141935496,134.849743,,,4.76887,3.9562587,0.955069,1.836201773,1.97153935,1121.105097,1.22590429,14.675293,10935.0864182,,1.01226337,1.39256692,0.89874983,1.2213889,1.264513,,0.8998559,8.520833,99.29555828,,,,1.033821
2013-07-25,71.505739,,27.6778625,158.128927242,5.739278,8.238586691,135.353477,,,4.782843,3.9779969,0.961195,1.859712954,1.96775082,1129.1109049,1.23045967,14.713747,10935.08637811,,1.01784743,1.40335293,0.90030137,1.2311194,1.269999,,0.9048,8.650304,101.49653776,,,,1.04354
2013-07-26,71.73328,,27.8337163,158.139031966,5.759645,8.268815427,135.951108,,,4.79777,4.0006131,0.967443,1.853621371,1.96845873,1127.9252163,1.22418707,14.728403,10935.0864182,,1.02034513,1.40114195,0.90064228,1.2321256,1.273114,,0.9099683,8.673479,100.86193628,,,,1.046944
2013-07-29,71.762953,,27.7862023,157.584630544,5.752871,8.260091505,135.587415,,,4.799444,3.9940362,0.964818,1.856093713,1.99016022,1129.2908458,1.22379413,14.721995,10935.0864182,,1.01923303,1.40211435,0.89951121,1.230391,1.272507,,0.9085271,8.686061,100.85162643,,,,1.053104
2013-07-30,72.007433,,27.6706004,156.844721737,5.74669,8.252214067,135.300219,,,4.815434,3.9776629,0.955919,1.845633889,1.97801737,1117.887271,1.2393603,14.757226,10935.08637811,,1.0108157,1.40020326,0.90090481,1.2320001,1.269473,,0.9048505,8.649758,100.58476393,,,,1.050358
2013-07-31,71.973086,,27.6064712,156.827889897,5.733981,8.234961766,135.488843,,,4.812754,3.9686877,0.952405,1.839273092,1.98840131,1117.218735,1.23742675,14.784482,10935.08637811,,1.00885442,1.39703589,0.90251937,1.2271864,1.266833,,0.9028812,8.613034,101.290727,,,,1.041783
2013-08-01,71.982452,,27.8241915,159.652069352,5.763395,8.278176207,136.201068,,,4.812876,4.0002272,0.963329,1.83370869,2.00307193,1126.6992373,1.23893885,14.841382,10935.08637811,,1.01733045,1.41112776,0.91188399,1.2364006,1.268548,,0.9100779,8.661891,101.22361636,,,,1.052154
2013-08-02,71.25144,,27.7179511,158.628268718,5.715246,8.210046353,136.392145,,,4.763734,3.9851996,0.954126,1.807472248,2.00298544,1119.5807243,1.22715051,14.77659,10935.08633801,,1.01207078,1.40030873,0.9063429,1.2284095,1.260005,,0.9067545,8.568815,99.03126665,,,,1.039851
2013-08-05,70.993247,,27.7287727,157.862082657,5.702009,8.192018344,135.431869,,,4.74615,3.9869987,0.952677,1.81004851,2.00629085,1119.1586313,1.22542431,14.738835,10935.08637811,,1.0137203,1.39400907,0.90769064,1.2281804,1.257191,,0.9071999,8.56674,99.73638897,,,,1.039855
2013-08-06,70.390158,,27.3762438,155.114368247,5.610921,8.062185927,134.00332,,,4.705146,3.9365671,0.936721,1.787725897,1.98711641,1101.0725357,1.20659175,14.654055,10890.67249451,,0.99931975,1.37461381,0.89010289,1.2171336,1.250277,,0.8959414,8.414645,97.48636716,,,,1.022533
2013-08-07,69.760196,,27.2760264,155.15515916,5.565283,7.997587761,133.059906,,,4.662517,3.9224016,0.934289,1.78183023,1.98694955,1110.9754938,1.19213562,14.571727,10825.37492818,,0.99347343,1.37163401,0.88895857,1.2100207,1.243689,,0.8927675,8.357429,97.38101877,,,,1.014116
2013-08-08,70.562657,,27.7261636,158.565882816,5.664685,8.141331286,134.779938,,,4.716368,3.9873489,0.951508,1.810423822,1.99204242,1119.1256556,1.21836499,14.693616,10904.40350998,,1.0082604,1.39937386,0.90703558,1.2336479,1.256942,,0.9074563,8.538059,98.7379465,1.0,,,1.035657
2013-08-09,71.167685,,27.9090649,160.396468009,5.741021,8.25199691,135.676396,,,4.761977,4.0138845,0.957483,1.819088768,2.00826486,1125.1311648,1.24321506,14.761706,10925.68983744,,1.02388194,1.41791551,0.92278763,1.2427468,1.267915,,0.9134831,8.652862,99.82747116,1.0045473,,,1.049102
2013-08-12,71.162392,,27.8559747,160.858340903,5.735983,8.245762239,135.376987,,,4.756754,4.0064979,0.963146,1.802120026,2.00569797,1121.871516,1.23681199,14.745735,10902.83566918,,1.02617801,1.42192494,0.92491461,1.2369645,1.269889,,0.9113293,8.670784,100.03535668,1.00619739,,,1.050887
2013-08-13,71.003182,,27.9306052,161.71328872,5.726583,8.233224502,135.222553,,,4.75076,4.0174712,0.967703,1.797073146,2.0050353,1121.7656839,1.24236034,14.753141,10824.7057914,,1.02306936,1.42579547,0.92633532,1.2369189,1.27659,,0.9140041,8.658635,100.12378137,1.01140853,,,1.050396
2013-08-14,70.558191,,27.7193265,161.45360035,5.706817,8.205806192,133.961445,,,4.717841,3.9873427,0.970178,1.785504286,2.0129525,1124.6400463,1.23846125,14.686321,10935.08637811,,1.01738806,1.42105859,0.92991531,1.2275875,1.281708,,0.907801,8.65194,100.18607276,1.00670745,,,1.047504
2013-08-15,70.120898,,27.492237,161.821867312,5.642447,8.114265383,133.387176,,,4.688357,3.954948,0.964081,1.755609744,1.99801961,1111.7146339,1.23280284,14.630937,10897.34493884,,1.01612883,1.41811571,0.92832403,1.2183458,1.279399,,0.9010222,8.572009,100.30609217,1.01149609,,,1.038443
2013-08-16,70.028762,,27.6058174,162.73126402,5.661455,8.142555257,133.75757,,,4.681848,3.9715254,0.968047,1.75507466,2.00383588,1111.4842673,1.23088452,14.585031,10908.81199477,,1.01461403,1.43206606,0.93168649,1.2180333,1.286217,,0.9048783,8.597827,99.89570985,1.01478176,,,1.040231
2013-08-19,69.00049,,27.4879553,162.282829339,5.58237,8.029834515,133.656998,,,4.613227,3.9548319,0.96751,1.738852751,2.01741019,1099.6563402,1.21304305,14.483251,10852.82930155,,1.00751737,1.43348934,0.92457713,1.2066618,1.269388,,0.9015442,8.514238,100.35640237,1.01088556,,,1.03101
2013-08-20,68.543107,,27.1726445,158.956069949,5.525271,7.948684473,133.302705,,,4.582013,3.9097528,0.956565,1.717532959,2.00573163,1083.9211874,1.20414886,14.460772,10802.06755907,,0.9962502,1.41931887,0.92027426,1.1969382,1.259036,,0.8919445,8.418302,99.21258317,1.00690063,,,1.020816
2013-08-21,67.851328,,26.9953668,158.39925889,5.465373,7.863492783,131.842505,,,4.534728,3.8845132,0.952793,1.682729756,1.99259422,1065.7477674,1.2003461,14.354979,10781.96230413,,0.98853581,1.40956139,0.91258992,1.1939702,1.244837,,0.8866723,8.344551,99.3005229,1.00647831,,,1.016579
2013-08-22,67.938501,,27.1005611,160.780793259,5.483832,7.890978977,132.25971,,,4.541598,3.8998805,0.964822,1.693445497,2.00096678,1066.7771105,1.20774844,14.459808,10767.74853995,,0.99628702,1.41758096,0.91639327,1.1984164,1.24814,,0.8901223,8.391609,99.28818207,1.00591414,,,1.015137
2013-08-23,69.272111,,27.5023155,162.38535386,5.620294,8.088225999,134.123489,,,4.630821,3.9578732,0.974959,1.722126078,2.02458807,1092.3288611,1.23456506,14.618524,10808.19074194,,1.01765198,1.43436625,0.92204092,1.2213046,1.269044,,0.9033185,8.589938,99.877525,1.01706007,,,1.03309
2013-08-26,68.747131,,27.2892784,160.517009535,5.543768,7.979130316,133.464191,,,4.594652,3.9274879,0.965536,1.704045463,2.00613859,1077.0223107,1.22133336,14.506965,10747.36364276,,1.00789904,1.42391638,0.91546525,1.2184419,1.256698,,0.8965713,8.484435,99.98741759,1.01481572,,,1.026105
2013-08-27,68.10861,,26.9477382,157.362542814,5.492725,7.906636259,132.601083,,,4.551181,3.8786274,0.949617,1.69181857,1.99263688,1063.3757413,1.2069581,14.415212,10737.80978079,,0.99117339,1.40720504,0.90725038,1.2125546,1.245621,,0.8855326,8.375681,99.3878039,1.0103905,,,1.012779
2013-08-28,67.827066,,26.888236,156.587101612,5.47637,7.884064016,132.128764,,,4.532316,3.8703091,0.945994,1.674096085,1.96916087,1061.4019277,1.20415182,14.382577,10715.16232728,,0.98931474,1.40738091,0.90781366,1.208447,1.244454,,0.883389,8.345265,99.08115358,1.0088622,,,1.009238
2013-08-29,68.63244,,27.1786808,157.270849728,5.552651,7.994788577,134.356777,,,4.584504,3.9123552,0.946465,1.687230763,1.96441958,1073.9933017,1.2176954,14.458652,10841.42438834,,0.99493175,1.42065183,0.91686503,1.2192718,1.258302,,0.8929535,8.431212,100.25135444,1.01661499,,,1.018488
2013-08-30,69.38523,,27.576531,158.547151509,5.582912,8.039319046,135.564177,,,4.635564,3.969864,0.950286,1.704289868,2.00266617,1080.1613691,1.23723636,14.480159,10935.08633801,,1.00919033,1.43475954,0.92884427,1.224604,1.273776,,0.9058861,8.483021,101.66575837,1.02762915,,,1.028869
2013-09-02,69.973218,,27.9374344,160.233840764,5.649515,8.136217838,136.19617,,,4.674822,4.0220574,0.961198,1.73956027,2.02815878,1091.5711827,1.24335474,14.583509,11124.66874439,,1.02209818,1.45352525,0.94421399,1.2385087,1.269647,,0.9178704,8.66194,101.96899688,1.03606404,,,1.046371
2013-09-03,69.125762,,27.5945758,158.825528645,5.619208,8.093577246,135.317286,,,4.617624,3.972943,0.958998,1.749537398,2.03759661,1093.5019044,1.24365259,14.507865,11080.43627744,,1.02384414,1.43807984,0.93858089,1.2307567,1.280493,,0.9068907,8.629705,101.89151437,1.02711522,,,1.042992
2013-09-04,69.490173,,27.8013605,159.311030094,5.64846,8.136663008,136.602706,,,4.641721,4.0029502,0.965392,1.794271323,2.04152661,1091.5910365,1.24222299,14.532513,11081.26185351,,1.02847842,1.44452382,0.93967748,1.2401899,1.273527,,0.9137201,8.689871,101.99939575,1.0329729,,,1.046734
2013-09-05,69.974129,,27.9837848,160.600013367,5.697255,8.207911729,137.282858,,,4.673303,4.0294524,0.970739,1.790689116,2.02785336,1097.4950023,1.24866044,14.647157,11056.50800232,,1.02869666,1.45430078,0.94367878,1.2409817,1.287514,,0.9198571,8.745757,104.70202569,1.03546748,,,1.053868
2013-09-06,70.550151,,28.1980837,161.594575901,5.752954,8.289123765,137.829681,,,4.711173,4.0605447,0.977046,1.794882742,2.03766163,1103.1771263,1.26723257,14.708467,11054.73324631,,1.04352692,1.4641447,0.94598266,1.2514296,1.290569,,0.9271884,8.865264,102.60409468,1.03929983,,,1.071679
2013-09-09,71.574853,,28.6875434,164.12006132,5.821122,8.388317114,138.989393,,,4.779116,4.13125,0.990662,1.812180896,2.05734182,1116.6756045,1.27950545,14.851373,11062.98451668,,1.06416706,1.48429496,0.95543854,1.2667878,1.301764,,0.9433233,8.98374,103.58688327,1.04877462,,,1.084478
2013-09-10,71.568887,,28.8095879,164.660686254,5.810893,8.374601106,138.571815,,,4.778313,4.1490677,0.993597,1.816521938,2.059334,1118.5010843,1.2780869,14.877045,10995.35250893,,1.06329411,1.48530302,0.95058047,1.2632802,1.297611,,0.9473723,8.938688,104.23910081,1.05015616,,,1.079815
2013-09-11,71.196985,,28.5688858,164.249845254,5.772915,8.320891986,138.214692,,,4.75295,4.1146669,0.98752,1.81766867,2.06814253,1116.5413,1.27345171,14.864362,10903.63735037,,1.05367078,1.47790622,0.94531259,1.2587024,1.295111,,0.9395515,8.86581,103.45577194,1.05301103,,,1.069979
2013-09-12,71.386684,,28.5825724,163.51339489,5.776136,8.32653037,138.096006,,,4.765097,4.1168848,0.985534,1.814044005,2.06349366,1127.19125,1.2846536,14.833685,10872.58294897,,1.05853413,1.47188362,0.94321235,1.2580972,1.299745,,0.94016,8.901104,103.17612182,1.04746085,,,1.072109
2013-09-13,71.603633,,28.7647661,164.163772097,5.783296,8.337849322,138.933556,,,4.779119,4.143375,0.989239,1.824013158,2.04660917,1135.3016096,1.28116893,14.849415,10866.908637,,1.06058898,1.47509119,0.94812306,1.2586371,1.309746,,0.946272,8.934374,104.24314102,1.05111238,,,1.078124
2013-09-16,71.748594,,28.8306378,165.142621735,5.789579,8.347909122,139.192141,,,4.788434,4.1531215,0.989997,1.826086027,2.06456728,1141.6373615,1.28280446,14.881201,10422.17780137,,1.06017055,1.47642498,0.94447215,1.263537,1.307372,,0.9485306,8.973568,103.83742306,1.05438809,,,1.077343
2013-09-17,71.739985,,28.8017105,164.671994326,5.79585,8.357953875,137.248492,,,4.787413,4.1492217,0.993062,1.83888849,2.07320707,1149.7472355,1.28361681,14.915874,9875.88058227,,1.06167801,1.47417612,0.94272996,1.2624,1.316743,,0.9478043,8.987872,103.94793393,1.05179345,,,1.083837
2013-09-18,72.891116,,29.2994188,166.432539331,5.894436,8.501081937,138.429211,,,4.863868,4.2211339,1.004511,1.857974496,2.10653092,1166.2007345,1.30285886,15.109697,9950.02566834,,1.08497144,1.50827589,0.95268473,1.2814271,1.335833,,0.9642953,9.182304,104.24313948,1.06635444,,,1.109733
2013-09-19,72.297166,,29.0259716,166.242941725,5.829518,8.408525603,136.762775,,,4.823824,4.182038,0.999587,1.842419797,2.09365967,1155.0508611,1.30086652,14.97972,9917.6768541,,1.06998581,1.49823706,0.94421216,1.2731399,1.336776,,0.9553818,9.101209,104.14341081,1.06049898,,,1.101678
2013-09-20,71.40037,,28.6631385,164.797496703,5.754521,8.301388226,135.369254,,,4.763483,4.1300707,0.988429,1.825676933,2.11094089,1141.7195902,1.28869688,14.837406,9900.80538607,,1.05490568,1.4818698,0.93417779,1.2596863,1.323994,,0.9435912,8.959115,103.85436311,1.05282249,,,1.083902
2013-09-23,71.76308,,28.9130899,164.895648803,5.770418,8.325299629,136.645711,,,4.787236,4.1663176,0.992479,1.836759558,2.1071728,1140.3928657,1.29379215,14.890534,9787.89446806,,1.05750096,1.48949,0.93576683,1.2663506,1.329022,,0.9519251,9.015314,104.16593029,1.05870264,,,1.085548
2013-09-24,72.327997,,29.2081171,165.154710793,5.797939,8.365991832,137.490555,,,4.824508,4.2090417,0.990418,1.847417235,2.12691821,1145.2847719,1.29764321,14.935835,9796.55343476,,1.06466146,1.49658124,0.93366841,1.2710617,1.329117,,0.9615573,9.052965,104.29502562,1.06029083,,,1.091558
2013-09-25,72.283925,,29.1496795,165.292004673,5.806628,8.37954043,137.322698,,,4.820861,4.200882,0.991472,1.840174851,2.14072757,1148.4068122,1.2987439,14.929505,9871.17148708,,1.05966174,1.49369308,0.92691499,1.2724856,1.334827,,0.9596901,9.060647,103.56924581,1.05960721,,,1.092391
2013-09-26,72.094295,,28.9862418,164.836795694,5.77797,8.339208587,137.008983,,,4.807926,4.1776059,0.986614,1.841654931,2.13262103,1150.4128584,1.28882999,14.919621,9859.56823836,,1.05650299,1.48922387,0.92865711,1.2699418,1.330479,,0.9544581,9.024679,103.4918171,1.06410635,,,1.088206
2013-09-27,71.855748,,28.9245607,164.997908653,5.769888,8.328546114,136.708315,,,4.791687,4.1689669,0.989123,1.846753823,2.13414123,1151.8973315,1.29436314,14.916238,9829.80865069,,1.0529642,1.49107822,0.92801127,1.2727986,1.32833,,0.9524315,9.030773,104.57833447,1.0654248,,,1.089532
2013-09-30,71.47147,,28.5930153,164.27526859,5.724184,8.263599142,135.265606,,,4.765685,4.12143,0.979662,1.848172617,2.13806884,1146.7955137,1.28392552,14.883694,9834.20282261,,1.04856609,1.47912151,0.91902866,1.2632122,1.318573,,0.941736,8.949715,103.06761019,1.06448448,,,1.079536
2013-10-01,71.708672,,28.8229705,164.93255581,5.742276,8.290698198,136.123076,,,4.781249,4.154823,0.98721,1.844569847,2.13919836,1152.3562123,1.29606487,14.911948,9833.36401616,,1.05396462,1.48476622,0.91872731,1.26977,1.323995,,0.9494572,8.96864,100.82579987,1.06716572,,,1.083301
2013-10-02,71.567597,,28.7100695,164.770870012,5.737863,8.285335512,135.37778,,,4.771356,4.1387996,0.987627,1.842936777,2.13922363,1150.0889336,1.30232265,14.93381,9806.70599174,,1.05609755,1.47920537,0.92168576,1.2688983,1.33028,,0.9457475,8.972734,103.26253686,1.06660945,,,1.081876
2013-10-03,70.892671,,28.3433361,163.808758211,5.685577,8.210875082,134.472924,,,4.725863,4.0861885,0.982458,1.819864607,2.12910578,1148.5110452,1.29438871,14.860459,9783.20553918,,1.04456972,1.4651163,0.91218117,1.2598721,1.31691,,0.9338371,8.888783,101.93785571,1.05985546,,,1.080937
2013-10-04,71.100836,,28.5299345,164.522861411,5.70488,8.239733348,135.335359,,,4.739385,4.1133301,0.984311,1.832380074,2.14012726,1146.7198467,1.29355061,14.893959,9790.21640075,,1.04162803,1.47303925,0.92889755,1.2648997,1.326804,,0.9399525,8.908072,101.95014764,1.07166585,,,1.074171
2013-10-07,71.421463,,28.6589959,164.604939573,5.716557,8.257600834,135.844036,,,4.760379,4.1321799,0.982063,1.840777343,2.13419679,1155.1712392,1.29556292,14.933753,9726.46466467,,1.0460366,1.4738869,0.9219958,1.2707811,1.322321,,0.9443267,8.891445,101.13694008,1.08481837,,,1.072099
2013-10-08,71.498745,,28.7661669,164.223910791,5.712093,8.252164692,135.896397,,,4.765126,4.147876,0.981276,1.835822079,2.1211139,1156.3363196,1.29394285,14.860298,9767.40605313,,1.0454618,1.47168393,0.92307151,1.2697565,1.316517,,0.9480668,8.877933,101.89917861,1.09112925,,,1.070512
2013-10-09,72.223931,,29.2038776,165.01317796,5.760492,8.323064093,137.66725,,,4.813456,4.2112172,0.981323,1.832311871,2.13656739,1169.6571612,1.30165812,14.92635,9737.27601467,,1.0561456,1.48839787,0.93269547,1.2751532,1.322331,,0.9625128,8.941098,101.6928954,1.09676806,,,1.077992
2013-10-10,72.620418,,29.3977921,166.746984698,5.801566,8.383411849,138.619388,,,4.839462,4.2394212,0.987997,1.846505411,2.14625675,1183.8537688,1.3099152,15.034566,9680.39417641,,1.06302558,1.49764989,0.92898432,1.2820069,1.33179,,0.968801,8.995446,102.93295867,1.10370482,,,1.08353
2013-10-11,73.056273,,29.6385358,167.511016339,5.830827,8.426708686,139.347423,,,4.868189,4.2743766,0.990496,1.853698242,2.15969989,1186.9471947,1.314163,15.102582,9707.15696144,,1.0613542,1.50556239,0.93811255,1.2898371,1.335304,,0.9768699,9.021365,103.93265942,1.11116216,,,1.085025
2013-10-14,73.223738,,29.8722596,168.260331099,5.855884,8.463939929,140.406435,,,4.878938,4.3083222,0.9983,1.83173744,2.16379074,1193.3819322,1.31527838,15.133268,9717.23522779,,1.06605299,1.51795705,0.94662967,1.2900133,1.344915,,0.9847579,9.05687,104.919423,1.11227324,,,1.091375
2013-10-15,73.246667,,29.7643752,168.591418089,5.847799,8.453295812,140.675636,,,4.880097,4.2930305,0.998153,1.838405136,2.16060687,1201.2509356,1.31577078,15.062852,9709.01639192,,1.0673241,1.5171237,0.9483163,1.2874405,1.343668,,0.9813775,9.039636,104.659978,1.11267401,,,1.089801
2013-10-16,72.913372,,29.6674368,168.838513575,5.842701,8.446955558,139.795703,,,4.857416,4.2793156,1.002083,1.824779646,2.15783093,1201.4307443,1.31388031,15.04843,9696.99598513,,1.07083938,1.5165344,0.94854937,1.283931,1.343706,,0.9783675,9.042511,104.94059207,1.10980024,,,1.090942
2013-10-17,72.649734,,29.4794711,168.733149846,5.821273,8.417017683,138.232118,,,4.839288,4.2524792,1.007003,1.805067467,2.14699633,1196.4233438,1.32007537,15.066557,9699.3088971,,1.06724433,1.52114717,0.93974297,1.2789286,1.346685,,0.9722454,9.006103,105.11916477,1.11122841,,,1.085296
2013-10-18,72.501305,,29.5842237,169.205225387,5.807552,8.398208513,138.210285,,,4.829008,4.2678335,1.005697,1.798689347,2.14621551,1192.086747,1.32294538,15.077013,9665.55441452,,1.06176128,1.52958054,0.93966113,1.2822759,1.345376,,0.975903,8.980808,103.88928837,1.11665889,,,1.08128
2013-10-21,72.932034,,29.7768806,169.619566954,5.834477,8.438151818,138.888879,,,4.857271,4.2958591,1.007122,1.806411788,2.1528633,1193.3168581,1.32044958,15.119428,9671.94737698,,1.06649317,1.53496474,0.94750648,1.2883099,1.349728,,0.9823455,9.013981,104.35037745,1.10988042,,,1.085359
2013-10-22,73.278863,,29.9097527,169.80860369,5.856095,8.470442327,139.584808,,,4.879952,4.315269,1.00953,1.825854274,2.15438009,1200.3191582,1.32554643,15.173599,9629.41429294,,1.07492198,1.54412967,0.95505393,1.2932671,1.360875,,0.9868447,9.074127,104.09368214,1.10936948,,,1.089923
2013-10-23,72.325673,,29.5225507,168.585018137,5.777914,8.358438601,138.082628,,,4.815906,4.2597172,1.001043,1.789353545,2.12771516,1183.9485152,1.31631064,15.072883,9584.34987528,,1.05926485,1.53079995,0.94978711,1.2775673,1.347489,,0.9742719,8.960382,102.62414916,1.1012242,,,1.07911
2013-10-24,71.902394,,29.3870967,167.715219262,5.732633,8.293971649,137.208816,,,4.787296,4.2404488,0.998174,1.795602682,2.12085988,1182.9851255,1.31421566,15.074995,9719.08110715,,1.0528632,1.5266464,0.94459729,1.2712544,1.340743,,0.9699733,8.888255,101.93605719,1.08955394,,,1.071049
2013-10-25,72.118424,,29.3857391,167.821866849,5.72637,8.285917547,137.695952,,,4.801347,4.2405076,0.99781,1.792029039,2.11705849,1190.2155618,1.3199078,15.130501,9710.13039039,,1.05252184,1.52823839,0.94086765,1.2713247,1.342269,,0.9700423,8.876457,102.85412032,1.09347002,,,1.069137
2013-10-28,72.177697,,29.4956101,167.550354165,5.743154,8.311205702,137.670824,,,4.804865,4.2565986,1.000947,1.781743792,2.12903034,1200.410724,1.31945533,15.120257,9741.09346205,,1.0655545,1.53301734,0.93719048,1.2741792,1.344897,,0.9736817,8.933118,103.0244005,1.09919672,,,1.072566
2013-10-29,72.150996,,29.3876432,167.498483899,5.719282,8.277702161,137.415415,,,4.802766,4.2412919,1.000094,1.734185423,2.12635136,1197.8910734,1.31355247,15.17048,9729.77566892,,1.05385077,1.53192082,0.93646434,1.2651635,1.333999,,0.9703381,8.881442,102.81964917,1.09830067,,,1.068224
2013-10-30,72.123207,,29.4443795,167.911011989,5.714982,8.272487708,137.268107,,,4.800417,4.2497362,0.998986,1.70896248,2.12525882,1191.4304601,1.31513291,15.139411,9612.93749133,,1.05013535,1.53814086,0.9405279,1.2686807,1.334748,,0.9722836,8.859598,101.88707535,1.1011178,,,1.070219
2013-10-31,72.699147,,29.7369974,169.090486173,5.749588,8.323567597,138.665371,,,4.838462,4.2922274,1.004952,1.734877574,2.13676471,1198.2168512,1.32140613,15.127297,9548.1966436,,1.04585737,1.55148406,0.94660201,1.2756107,1.342891,,0.9819289,8.877591,103.46740081,1.11220136,,,1.069606
2013-11-01,72.20639,,29.6272554,169.29613281,5.714723,8.274136604,138.886384,,,4.805227,4.2766457,0.999688,1.721821382,2.1196161,1189.9610959,1.3158687,15.125019,9502.07231168,,1.02922437,1.54765342,0.94838864,1.2699837,1.326173,,0.9783701,8.819594,103.88512803,1.11288101,,,1.063003
2013-11-04,72.592388,,29.7422997,170.167356761,5.740844,8.31294578,138.94967,,,4.83069,4.293508,1.001737,1.727958854,2.11809133,1200.286065,1.32481028,15.195402,9533.82170925,,1.03195907,1.55459853,0.95905032,1.2760263,1.335923,,0.9822107,8.861618,102.94696852,1.11535772,,,1.067875
2013-11-05,72.356936,,29.5447934,170.107720885,5.681966,8.228741518,138.599292,,,4.814684,4.2652587,0.987683,1.703589725,2.11467165,1190.5840544,1.33228229,15.165795,9426.74875907,,1.01886105,1.54686358,0.95589734,1.2666674,1.327501,,0.9759054,8.773723,101.33208007,1.11540459,,,1.05719
2013-11-06,71.416081,,29.1960326,168.948431103,5.560423,8.05378864,136.901167,,,4.751106,4.2151761,0.968538,1.682167507,2.08468552,1175.5614353,1.31085199,15.093704,9373.05035207,,1.00519442,1.53605723,0.94455948,1.2498731,1.314915,,0.9645529,8.612419,101.18668297,1.10971305,,,1.036957
2013-11-07,71.626761,,29.1565934,168.561907504,5.562774,8.058153657,136.85019,,,4.76469,4.209737,0.968423,1.694459137,2.07721438,1172.4754149,1.30767797,15.049989,9066.59460735,,1.00853908,1.54272982,0.94253506,1.2526307,1.296634,,0.9633984,8.594132,100.48114756,1.11783495,,,1.0329
2013-11-08,71.279052,,29.0362493,167.757645679,5.524059,8.003081459,136.620201,,,4.741096,4.19262,0.963922,1.689254043,2.05772769,1170.3243447,1.30089538,15.089932,9102.40986282,,0.99806581,1.53924345,0.93640425,1.2493582,1.293037,,0.959551,8.545167,100.9148445,1.11111915,,,1.028845
2013-11-11,71.525287,,29.1933132,168.196350997,5.560548,8.056894527,136.612742,,,4.756971,4.2155425,0.973099,1.682088836,2.06177077,1171.044444,1.30261299,15.094269,9185.86036026,,1.00544992,1.54607722,0.94086338,1.254318,1.299098,,0.9647748,8.582808,101.7412913,1.12442397,,,1.033053
2013-11-12,70.935095,,28.8469109,166.486406817,5.483163,7.945807089,135.644743,,,4.717364,4.1657973,0.967451,1.661354741,2.03914328,1158.3060589,1.29880731,15.065731,9068.61448632,,0.98934101,1.53067337,0.93336579,1.2495201,1.286238,,0.953552,8.516435,101.66521304,1.12796718,,,1.024621
2013-11-13,71.103101,,29.0255374,166.771384212,5.492726,7.960603569,135.372874,,,4.728242,4.1917905,0.968902,1.664448372,2.04248624,1153.8132092,1.30468853,15.084092,9009.98988553,,0.99968011,1.53952484,0.92908437,1.2488555,1.291628,,0.9593352,8.525516,100.43781142,1.14100459,,,1.026074
2013-11-14,72.610452,,29.6120502,169.800378951,5.638256,8.172398706,138.8984,,,4.828289,4.2766977,0.991921,1.673425673,2.06126173,1168.7038171,1.33349777,15.285002,9523.91543792,,1.01686575,1.56292106,0.95213413,1.2740762,1.315314,,0.9787791,8.772416,100.3704855,1.15850822,,,1.055072
2013-11-18,72.671583,,29.7756177,170.303350591,5.654139,8.196434795,139.100704,,,4.832085,4.3005634,0.997213,1.668778113,2.07481667,1180.7422613,1.33322327,15.308069,9733.89260412,,1.01944125,1.56852818,0.95600149,1.2791663,1.335573,,0.9841961,8.805579,101.44048717,1.16201468,,,1.052149
2013-11-19,71.626472,,29.3068691,168.220907658,5.553784,8.052024808,136.969312,,,4.761685,4.2331642,0.983851,1.660140661,2.06648924,1161.2508492,1.31334571,15.183234,9808.59753597,,0.99724154,1.54495384,0.93809404,1.2633093,1.309426,,0.9689765,8.636162,99.75384061,1.16105389,,,1.039505
2013-11-20,71.621468,,29.303412,168.211005325,5.553149,8.052068179,136.951272,,,4.760963,4.2329195,0.983704,1.660056132,2.06637227,1161.2257113,1.3132295,15.191135,9807.74044753,,0.99703183,1.54501082,0.93800618,1.2632677,1.3094,,0.9689724,8.635963,99.74616647,1.16096586,,,1.039495
2013-11-21,71.592376,,29.3875868,167.333008246,5.571838,8.080135122,136.685881,,,4.758587,4.2453232,0.98404,1.651233983,2.06488414,1158.7530436,1.30232048,15.197996,10010.7516553,,0.9924679,1.54842667,0.93958035,1.2612546,1.302089,,0.9718128,8.638482,100.47224645,1.17530907,,,1.038841
2013-11-22,72.246852,,29.5890469,167.271866673,5.626552,8.160431439,137.501515,,,4.801851,4.2746563,0.993891,1.65115645,2.07791644,1155.2415026,1.30559735,15.264385,10031.60723348,,1.00010054,1.55796889,0.9505171,1.2759181,1.309127,,0.978488,8.750988,100.04090795,1.19091579,,,1.050339
2013-11-25,71.813176,,29.3271284,166.751994731,5.59117,8.110145563,136.3515,,,4.772576,4.2371082,0.993496,1.641968017,2.07239434,1151.1268788,1.30243131,15.20948,9927.91143947,,0.99355872,1.5409557,0.94037851,1.2665502,1.307429,,0.9700531,8.704815,101.13433428,1.18616356,,,1.04612
2013-11-26,72.450382,,29.5283419,166.934450253,5.627491,8.163789955,136.867337,,,4.814685,4.2664055,0.993571,1.6465457,2.0838055,1142.6414745,1.31183086,15.28612,9723.96941393,,0.99457592,1.54943943,0.93636703,1.282133,1.303586,,0.9767317,8.734203,101.03290212,1.18967042,,,1.050327
2013-11-27,72.309664,,29.5737865,167.652472306,5.629901,8.168283277,136.527516,,,4.805245,4.2732209,0.992642,1.650624539,2.08423074,1141.2675823,1.310727,15.276664,9839.34511271,,0.99442292,1.55426995,0.94345256,1.2851617,1.306471,,0.9783353,8.737065,98.60832029,1.19458142,,,1.050484
2013-11-28,72.493479,,29.6653785,167.085067029,5.631943,8.17224714,136.326826,,,4.817055,4.2867138,0.992724,1.650934272,2.08873708,1147.2116431,1.31346083,15.297647,9851.12777348,,1.00471039,1.55875187,0.95076133,1.2929719,1.312629,,0.9814317,8.740546,99.31070804,1.21617809,,,1.051126
2013-11-29,73.148007,,29.8912161,168.552867992,5.677937,8.239954086,137.143303,,,4.860105,4.3196071,1.001331,1.668968566,2.11068666,1146.0619632,1.32501307,15.359853,9883.78228981,,1.01499473,1.56775533,0.96448221,1.3024854,1.323229,,0.9889405,8.808992,101.01361209,1.22989376,,,1.059221
2013-12-02,72.35585,,29.5940264,166.260003393,5.612574,8.146156776,136.080862,,,4.806945,4.2769207,0.994288,1.639563095,2.08023413,1125.4042401,1.31056357,15.271782,9811.78906583,,1.00181926,1.56010637,0.94867129,1.2861607,1.305946,,0.9793057,8.708245,99.13197309,1.22237908,,,1.047387
2013-12-03,71.248313,,29.1133999,165.439914343,5.52043,8.013466893,134.235183,,,4.732826,4.2077237,0.977215,1.614969583,2.06075804,1114.7654439,1.29608932,15.125182,9637.73841061,,0.97949413,1.53947541,0.93090207,1.2677749,1.296802,,0.9635288,8.561274,97.69936951,1.20539537,,,1.028821
2013-12-04,70.685892,,28.9707411,164.850282259,5.480545,7.95655833,134.083639,,,4.694935,4.1873615,0.973635,1.601714396,2.05107733,1113.5022505,1.28885185,15.058367,9694.55413703,,0.97144222,1.53231429,0.92751981,1.2605621,1.288827,,0.9589167,8.525958,99.96331495,1.20122547,,,1.022344
2013-12-05,71.138746,,29.2661671,165.127283314,5.502857,7.989900828,134.647646,,,4.724752,4.2303047,0.971023,1.603176101,2.04196804,1117.7508499,1.2910083,15.139832,9716.063617,,0.97482905,1.54681026,0.93248687,1.271345,1.287903,,0.9687572,8.583113,100.15863189,1.1873942,,,1.034953
2013-12-06,71.025421,,29.2717102,164.914509155,5.509536,8.000574003,134.272121,,,4.716792,4.2313601,0.967356,1.590356021,2.05250123,1113.4003859,1.28924995,15.160655,9597.10476894,,0.97305357,1.54488446,0.93094974,1.2689418,1.292873,,0.9690594,8.596504,99.65673226,1.17524676,,,1.037701
2013-12-09,71.014014,,29.2213878,165.101480129,5.522698,8.02065664,134.435372,,,4.715658,4.2243425,0.970642,1.580369455,2.04216704,1110.5036717,1.28809733,15.160423,9509.53220452,,0.97055642,1.54545127,0.93051973,1.2681398,1.293404,,0.9675038,8.600956,100.1048358,1.131845,,,1.0445
2013-12-10,70.939513,,29.2379281,164.788003295,5.491594,7.976489953,134.076539,,,4.71027,4.2269867,0.967148,1.579799729,2.03719114,1115.1370782,1.27750226,15.130472,9536.08827479,,0.96931754,1.54787012,0.9261629,1.2631414,1.289343,,0.9681937,8.598647,99.47072727,1.15453351,,,1.040928
2013-12-11,70.153119,,28.9126841,163.534417701,5.442152,7.905682918,132.802406,,,4.657714,4.1802407,0.95238,1.577968814,2.02055186,1104.3003086,1.26152982,15.000764,9420.50525987,,0.95871225,1.53564112,0.91192801,1.2533491,1.273743,,0.9576292,8.520028,96.05600277,1.16624184,,,1.031199
2013-12-12,69.535808,,28.7179817,162.693721024,5.409655,7.859458123,131.959171,,,4.61635,4.1523556,0.950012,1.570618408,1.98816593,1101.5999178,1.25665547,14.942499,9483.48746861,,0.96035304,1.53105689,0.90366748,1.2459266,1.278606,,0.9513182,8.486159,98.24030289,1.17347191,,,1.027951
2013-12-13,69.36506,,28.6759621,161.9944611,5.412343,7.864317365,131.521605,,,4.604623,4.146533,0.948778,1.563051024,1.96775779,1089.7961087,1.25758393,14.945822,9514.45110155,,0.95310384,1.52669386,0.90345936,1.2435979,1.276242,,0.9500332,8.475557,98.20019155,1.16104602,,,1.023894
2013-12-16,69.496564,,28.7361387,161.956855196,5.401422,7.849418337,131.272079,,,4.613041,4.1554782,0.944054,1.57142294,1.97529409,1082.2050867,1.25675722,14.98343,9556.39631546,,0.95362153,1.5268365,0.89822042,1.2439804,1.273521,,0.9521668,8.447841,98.10492,1.16825129,,,1.019026
2013-12-17,69.60316,,28.6435929,162.002311006,5.411002,7.864291076,130.958952,,,4.61971,4.1423543,0.946679,1.568373463,1.99736793,1081.3716544,1.25951688,14.993964,9594.5052788,,0.96034612,1.5257591,0.90215522,1.2441748,1.273839,,0.9492895,8.459293,98.46964709,1.17101829,,,1.020641
2013-12-18,69.615404,,28.7748027,161.864663962,5.404385,7.855643936,130.932753,,,4.620076,4.161564,0.944092,1.56276652,1.97606759,1074.5817845,1.26739849,15.02688,9661.62915954,,0.95949994,1.531427,0.90327594,1.2443943,1.272428,,0.9537013,8.47825,99.3622412,1.17054944,,,1.023875
2013-12-19,70.13786,,29.0527891,162.669992115,5.425449,7.887201047,132.42612,,,4.654455,4.2019855,0.953989,1.55710759,1.98537304,1087.3456263,1.27876087,15.078487,9716.23368759,,0.9710972,1.5493081,0.9139953,1.2550761,1.285595,,0.9628173,8.546802,99.11840162,1.17285875,,,1.02792
2013-12-20,70.080325,,29.0492014,163.100992161,5.441268,7.911153686,132.600651,,,4.650183,4.2017195,0.955764,1.579716369,1.99612619,1091.9284925,1.28215948,15.121323,9711.89548421,,0.96796193,1.54206907,0.91716407,1.2556127,1.276495,,0.9627801,8.554094,99.35537586,1.1758963,,,1.031154
2013-12-23,70.349122,,29.0869643,163.90651654,5.447498,7.921176369,133.136661,,,4.667586,4.2074289,0.956804,1.583636077,2.01335413,1098.4334238,1.28927226,15.160932,9693.37587095,,0.9707018,1.54689673,0.92539758,1.2588172,1.287442,,0.9641688,8.594963,99.53304792,1.18517111,,,1.030014
2013-12-24,70.344453,,29.0835616,163.895786387,5.446875,7.921240949,133.121516,,,4.666901,4.2071899,0.956661,1.583517354,2.01318659,1098.4191008,1.28913418,15.14226,9692.51040327,,0.97047203,1.54690554,0.9253101,1.258733,1.286686,,0.9641644,8.594792,99.52471071,1.18509834,,,1.030003
2013-12-26,70.280885,,28.9478255,163.806337727,5.438174,7.909561444,133.02656,,,4.662112,4.1878278,0.953809,1.596271376,2.0232147,1098.9861472,1.28184071,15.151378,9673.34418498,,0.96756181,1.54178245,0.91891803,1.2495121,1.285633,,0.959825,8.571716,99.23189908,1.18650156,,,1.031131
2013-12-27,70.628226,,29.0428643,164.195719335,5.462876,7.946435856,134.121286,,,4.684929,4.2018302,0.957247,1.592680472,2.02465249,1107.0391468,1.2829878,15.221109,9601.77224856,,0.96603941,1.54322538,0.92080557,1.2560482,1.296769,,0.9630564,8.596995,101.38385752,1.19994395,,,1.032259
2013-12-30,71.428699,,29.3125443,166.088441276,5.512818,8.020021835,135.549832,,,4.738028,4.2411007,0.967731,1.629601525,2.0649906,1120.1423641,1.29377432,15.276184,9691.04812491,,0.97947776,1.55825087,0.931731,1.2649139,1.311771,,0.9720348,8.666552,103.64097008,1.21331357,,,1.040517
2013-12-31,71.423965,,29.3091002,166.077539466,5.512185,8.020091284,135.534347,,,4.73732,4.2408576,0.967594,1.62948735,2.0648454,1120.1253341,1.29366169,15.276683,9690.20174106,,0.97926576,1.55826628,0.93164375,1.2648433,1.310399,,0.9720299,8.666479,103.63246081,1.21320345,,,1.040506
2014-01-02,70.196298,,28.8094754,164.194464159,5.398364,7.85553612,132.915113,,,4.655234,4.1688205,0.947783,1.604568998,2.01236068,1099.7656554,1.27315842,15.187015,9594.53787366,,0.94896628,1.54099991,0.91507713,1.2460538,1.287324,,0.9556335,8.486433,102.90377871,1.19761762,,,1.016522
2014-01-03,70.269383,,28.8307531,165.470458762,5.426589,7.897529854,133.567203,,,4.65934,4.1721501,0.949224,1.60097862,2.02234307,1107.7196043,1.2718824,15.154276,9756.81669297,,0.96213387,1.54039624,0.91806566,1.240906,1.305684,,0.9564202,8.591423,100.15675039,1.18989275,,,1.027859
2014-01-06,69.929399,,28.6110349,164.251083257,5.412575,7.878114562,132.996318,,,4.636902,4.1406103,0.94405,1.608152592,2.00371354,1110.4850626,1.26557997,15.095047,9634.3376402,,0.95275008,1.5255719,0.91192995,1.234363,1.296075,,0.9492657,8.528623,99.02687407,1.18085421,,1.0,1.027852
2014-01-07,69.234236,,28.476206,164.04062463,5.376928,7.827217049,131.617475,,,4.590737,4.1213512,0.938815,1.592898788,2.00144267,1103.3182308,1.26267251,15.045772,9568.02357933,,0.94551046,1.51452015,0.89482106,1.2314611,1.287562,,0.9448889,8.453155,98.88689246,1.1760974,,0.98836364,1.016506
2014-01-08,69.044216,,28.4220745,164.436771787,5.377904,7.829589515,132.05656,,,4.577743,4.1137668,0.940351,1.574844345,1.99135915,1105.6809847,1.26225055,15.030661,9012.24466399,,0.94417576,1.51432574,0.89607249,1.2319493,1.280118,,0.9432252,8.452487,98.7693571,1.17248749,,0.98953554,1.018121
2014-01-09,67.976807,,27.8867266,161.886693996,5.270159,7.673760453,129.852278,,,4.5068,4.0365533,0.925753,1.54874704,1.94803389,1084.6975673,1.24308813,14.920745,8779.86027601,,0.92951312,1.48922234,0.87490299,1.2150425,1.253974,,0.9257363,8.296522,97.37547073,1.15529895,,0.9733531,0.995269
2014-01-10,68.657083,,28.172826,162.58069441,5.303813,7.723656265,130.427664,,,4.551714,4.0781931,0.935913,1.55876196,1.94922341,1088.8606385,1.24083146,15.018008,8738.05041296,,0.94239627,1.50551593,0.88363406,1.2245372,1.259146,,0.9351911,8.327026,97.62519479,1.16350747,,0.98059847,0.998829
2014-01-13,68.442154,,28.0319311,161.892494043,5.284365,7.696301033,129.085778,,,4.536781,4.0580521,0.931123,1.564247306,1.94554398,1085.6556179,1.23483543,14.914077,8721.45301437,,0.94140264,1.50137677,0.87934619,1.223535,1.251659,,0.930699,8.332393,95.21392545,1.15864945,,0.97880808,0.99866
2014-01-14,68.77384,,28.1007914,162.071637092,5.318483,7.746904471,130.01011,,,4.558597,4.0682598,0.939642,1.557964112,1.95196665,1092.7453913,1.24440602,14.994382,8849.78009808,,0.94777468,1.51001026,0.88888675,1.2350095,1.25576,,0.9330833,8.370812,95.29760069,1.16318509,,0.98397849,1.004488
2014-01-15,69.08857,,28.2070424,162.678222831,5.346295,7.788348807,130.512307,,,4.579137,4.0838783,0.941486,1.564674637,1.96581639,1092.798007,1.25054005,15.035783,8822.67993822,,0.95542583,1.51803455,0.89784307,1.2420901,1.260246,,0.9366823,8.427439,96.38849163,1.17012577,,0.98994415,1.010639
2014-01-16,68.794534,,27.9991627,162.15635625,5.308677,7.734533213,129.649506,,,4.559352,4.0540453,0.93968,1.558559016,1.94862979,1088.6603649,1.24798149,14.998747,8822.64762401,,0.95062447,1.50862098,0.89599479,1.2337258,1.258225,,0.9299648,8.375107,96.1826572,1.155903,,0.98512166,0.978065
2014-01-17,68.280882,,27.6074987,161.02696123,5.278166,7.691042429,128.71881,,,4.524852,3.9976183,0.934109,1.547184532,1.95407469,1083.0909464,1.24272014,14.9408,8863.36898715,,0.94640176,1.4945281,0.88820015,1.2227075,1.251854,,0.9172128,8.338933,94.93933117,1.14762412,,0.9801919,0.997017
2014-01-20,67.88055,,27.4570458,159.67641065,5.258518,7.663364354,128.051686,,,4.49782,3.9760894,0.930459,1.53011335,1.95156119,1075.7268054,1.2360601,14.882318,8863.03345655,,0.93615324,1.48345684,0.88147727,1.2183336,1.245076,,0.9123693,8.303725,95.27873128,1.14918991,,0.9759187,0.995391
2014-01-21,67.65309,,27.209281,158.989348306,5.252057,7.654886668,127.326635,,,4.482342,3.9404789,0.928233,1.519088296,1.95226286,1071.6774943,1.23544132,14.870048,8990.3866235,,0.92937397,1.47306608,0.87857262,1.2109942,1.246587,,0.9043251,8.279266,95.04384793,1.13633363,,0.97237749,0.992631
2014-01-22,67.918458,,27.4491598,159.614523652,5.302773,7.72970567,127.33281,,,4.499473,3.9754242,0.929484,1.524729076,1.97576819,1075.9436192,1.23548682,14.897866,9032.18016907,,0.94003961,1.4868307,0.88101133,1.225724,1.247738,,0.9122784,8.354579,94.16697863,1.14251373,,0.98025635,1.000241
2014-01-23,67.068295,,27.2040225,158.151548841,5.240239,7.639547979,126.407182,,,4.442791,3.9401943,0.915438,1.505643852,1.96760526,1065.3651366,1.22655007,14.768369,9150.08571806,,0.92900213,1.46867798,0.86646712,1.2111921,1.236577,,0.9043529,8.252829,94.73998063,1.13913796,,0.96926535,0.990513
2014-01-24,66.126301,,26.9229051,156.298591111,5.13833,7.491973915,124.933553,,,4.380068,3.8997565,0.898593,1.479930503,1.95425289,1049.9206794,1.2157123,14.633769,8977.61449025,,0.91628949,1.45580427,0.85820499,1.1944504,1.231569,,0.8951242,8.12118,95.35939051,1.12103859,,0.95714134,0.973818
2014-01-27,65.858718,,26.8552863,157.441874315,5.150553,7.510687646,124.60556,,,4.361609,3.8902073,0.896976,1.472585208,1.97177161,1044.2192019,1.21022972,14.584732,8925.83521084,,0.91611058,1.45876197,0.8505685,1.1848875,1.221433,,0.8929327,8.095007,94.92983187,1.12060966,,0.95323929,0.973488
2014-01-28,65.949939,,26.9504954,157.540742525,5.183754,7.560001997,124.799264,,,4.367399,3.9042169,0.900623,1.476618626,1.97314575,1045.2043161,1.2067462,14.591444,8874.32871792,,0.91495876,1.46027299,0.84820857,1.1924164,1.221535,,0.8961926,8.131593,95.0695245,1.11672031,,0.95557773,0.975912
2014-01-29,65.391114,,26.9013816,156.3461616,5.134182,7.488637423,124.155117,,,4.330155,3.8973455,0.893161,1.4738729,1.96379179,1034.3301245,1.19441282,14.544965,8749.4910883,,0.90561245,1.46002048,0.85174903,1.1801255,1.219869,,0.8948581,8.037114,93.90505947,1.1126044,,0.94666689,0.966184
2014-01-30,64.474382,,26.5993187,154.755764361,5.049701,7.366380023,123.048237,,,4.268975,3.8538151,0.875831,1.451123489,1.9581651,1026.7132818,1.17995208,14.491276,8681.42692805,,0.89376592,1.44169964,0.83925312,1.168378,1.211432,,0.8849837,7.953761,94.33937786,1.11991127,,0.93730461,0.956457
2014-01-31,64.563945,,26.6447229,155.392453936,5.036157,7.347518669,122.943729,,,4.274617,3.860626,0.879169,1.452893349,1.9750158,1026.5775078,1.18521503,14.465852,8641.97151237,,0.89475999,1.44959171,0.84228338,1.1717442,1.212751,,0.8866796,7.946144,94.16959239,1.1127763,,0.93786755,0.953695
2014-02-03,62.878978,,25.997187,152.178897391,4.911107,7.166049867,119.795367,,,4.162393,3.7670384,0.85894,1.421130658,1.95473903,999.7566974,1.17148446,14.175674,8575.58500512,,0.86875041,1.41858524,0.81822516,1.1398126,1.188884,,0.8652856,7.76732,92.51223232,1.09304282,,0.9194832,0.930358
2014-02-04,63.853765,,26.2007127,153.303311684,4.95321,7.228296891,120.649382,,,4.22696,3.7967614,0.866435,1.415995096,1.95708834,998.2400306,1.18012773,14.339136,8667.98401425,,0.87193057,1.44017494,0.82616299,1.1500598,1.194145,,0.8722254,7.816976,91.07890443,1.097739,,0.92446805,0.936184
2014-02-05,63.823244,,26.0687606,153.704677394,4.927044,7.190988832,120.48069,,,4.224499,3.7778721,0.866249,1.403542892,1.95334377,992.1564751,1.17409975,14.331463,8572.92990726,,0.865578,1.43498301,0.82404706,1.1479564,1.190737,,0.8681057,7.764387,89.65919393,1.09698809,,0.91715065,0.940063
2014-02-06,64.959361,,26.5943239,155.282538021,4.995153,7.291208608,122.020128,,,4.299436,3.8542478,0.877948,1.418649793,1.96050906,1009.3979872,1.19367366,14.505232,8638.64487221,,0.88640285,1.45538032,0.83626442,1.1688939,1.203501,,0.8855221,7.853137,90.06836658,1.10604168,,0.92928848,0.941029
2014-02-07,65.544786,,26.8639869,155.593477951,5.027975,7.33998366,123.381118,,,4.337958,3.8935511,0.884469,1.430300627,1.96139182,1014.8110314,1.2039043,14.574254,8619.95490771,,0.89420186,1.46513259,0.83663995,1.1783467,1.200116,,0.894511,7.887264,92.75205911,1.11586337,,0.93354969,0.944911
2014-02-10,65.051323,,26.5736781,154.992673673,4.97664,7.265967289,121.998569,,,4.305644,3.8517234,0.875619,1.417340439,1.95043753,1001.4357363,1.19553282,14.508486,8553.19169529,,0.88726357,1.45063515,0.82370687,1.1697474,1.185568,,0.8850111,7.829383,91.57045677,1.11015217,,0.92617903,0.936641
2014-02-11,65.448621,,26.9358208,156.014198286,5.016016,7.324295679,122.706313,,,4.331561,3.9044265,0.88928,1.417706417,1.96375176,1011.9756705,1.20198939,14.594828,8758.95871222,,0.90006931,1.46737648,0.83372938,1.1773014,1.199147,,0.8971006,7.913571,91.83738977,1.11665016,,0.93534605,0.948462
2014-02-12,65.209034,,26.7355048,155.161080886,4.992878,7.291415674,122.356058,,,4.31531,3.875638,0.882757,1.412879784,1.96460744,1006.1356597,1.1987984,14.557308,8813.79380981,,0.8963832,1.45874106,0.83641882,1.1708065,1.194226,,0.8905054,7.870612,90.72553425,1.12112374,,0.93041957,0.948617
2014-02-13,64.744908,,26.5566269,155.166926828,4.946531,7.224635361,121.607155,,,4.28427,3.8499544,0.88135,1.400301865,1.94507493,998.8286696,1.19392443,14.56118,8778.47292975,,0.89271837,1.45755261,0.83437691,1.1644106,1.18543,,0.8847234,7.819103,90.44816274,1.11777782,,0.9251416,0.935324
2014-02-14,65.217392,,26.7607813,154.87144963,4.949039,7.229158307,122.069035,,,4.315208,3.8797658,0.886028,1.399035976,1.9496417,1005.0061862,1.1963079,14.569124,8876.1360287,,0.907311,1.47573213,0.83959883,1.1731167,1.197445,,0.8914466,7.863798,91.29142296,1.12036536,,0.93078773,0.939527
2014-02-17,64.650996,,26.5009426,153.415511013,4.895144,7.151344282,121.424941,,,4.277309,3.8423523,0.880587,1.383604811,1.93709489,998.2671833,1.1774201,14.519078,9069.32215159,,0.90134327,1.45981671,0.83320716,1.1602118,1.190434,,0.883051,7.777245,90.43217527,1.11709351,,0.9218714,0.932248
2014-02-18,63.038218,,25.8938092,151.58376189,4.76943,6.96863531,118.786332,,,4.169836,3.7546164,0.853904,1.349923008,1.91588361,986.4456836,1.16126028,14.374729,8974.49356254,,0.87105722,1.43488632,0.81615507,1.1357585,1.176013,,0.8631339,7.60135,90.09369049,1.10773669,,0.89983738,0.913952
2014-02-19,63.175793,,25.9271637,151.483935833,4.796128,7.008446607,118.258436,,,4.178779,3.7596754,0.85119,1.339560477,1.91186864,990.0666994,1.1587354,14.362586,8923.58143468,,0.86817816,1.43458963,0.81637568,1.1447919,1.175272,,0.8643417,7.664534,90.01955923,1.10088785,,0.90575481,0.913965
2014-02-20,63.313174,,26.0553247,151.402938934,4.797469,7.011251677,118.16434,,,4.187513,3.7784708,0.855487,1.337801461,1.90702638,994.811419,1.16692135,14.376559,9011.3301637,,0.87618508,1.44576438,0.82084638,1.1537635,1.176796,,0.8686346,7.693808,89.96813323,1.10312096,,0.907629,0.920945
2014-02-21,63.819853,,26.2603749,152.357754999,4.859591,7.102837664,119.67143,,,4.2208,3.8084075,0.86149,1.351643115,1.91071514,1003.6285676,1.17688041,14.428541,9013.45251802,,0.88492191,1.45386651,0.81814102,1.1663227,1.175136,,0.8754598,7.76824,90.03869375,1.10421948,,0.91510765,0.926467
2014-02-24,64.383869,,26.2820436,152.707502568,4.910424,7.177967103,121.105412,,,4.257944,3.8117765,0.868961,1.378741695,1.91935147,1012.1393873,1.18911164,14.507045,9064.83841397,,0.88296015,1.45830403,0.82093262,1.1793195,1.176424,,0.8762649,7.85272,90.80721351,1.1066769,,0.92241275,0.934258
2014-02-25,64.263899,,26.1389562,151.954466831,4.879215,7.133242658,120.799078,,,4.249522,3.7912748,0.863042,1.36385019,1.90875438,1006.4866903,1.18976723,14.483637,9104.4044036,,0.87373287,1.44661318,0.81591884,1.1723496,1.175148,,0.8716546,7.774391,90.71184155,1.09515533,,0.91352455,0.928438
2014-02-26,64.696486,,26.2551584,152.292196316,4.891425,7.15193971,121.236017,,,4.278169,3.8083391,0.871255,1.352168728,1.92660685,1009.1429146,1.19749836,14.524576,9111.78904361,,0.87246892,1.44985846,0.82085171,1.1771711,1.178642,,0.8755227,7.791858,91.04578454,1.09620951,,0.9153451,0.930557
2014-02-27,65.137119,,26.4263529,153.838886781,4.973762,7.273137921,122.939542,,,4.307383,3.8334028,0.880302,1.357713358,1.93620466,1021.7251587,1.21903869,14.585708,9265.34803645,,0.8878052,1.46607561,0.83215433,1.18697,1.197106,,0.8812711,7.923742,91.93513732,1.09598766,,0.93007864,0.946773
2014-02-28,65.127279,,26.2513205,153.275510722,4.954156,7.245372769,122.599703,,,4.306267,3.8082437,0.874091,1.352129097,1.94387525,1015.6738465,1.21125215,14.573546,9231.52178905,,0.87716581,1.45032683,0.83901845,1.177614,1.197902,,0.8752747,7.890129,91.65966628,1.09730237,,0.92619136,0.942411
2014-03-05,65.146095,,26.0914466,152.988272978,4.951961,7.243036617,122.058773,,,4.307166,3.785282,0.868885,1.347436528,1.95894189,1015.3281417,1.19494243,14.582435,9197.55710371,,0.8703141,1.44068841,0.83851182,1.1776775,1.186981,,0.8699635,7.864446,91.05062879,1.09858717,,0.9236073,0.935457
2014-03-06,65.405629,,26.255272,154.00153866,4.982738,7.288908869,122.680938,,,4.324751,3.8092753,0.872913,1.35046718,1.96659897,1021.7566916,1.21863198,14.621066,9188.46349878,,0.88469501,1.45387829,0.84361241,1.1857542,1.195027,,0.8754574,7.916172,91.25516031,1.10327733,,0.9304178,0.942112
2014-03-07,64.583968,,25.9543938,152.18254431,4.919919,7.19794318,121.897769,,,4.27001,3.7658591,0.857802,1.346081933,1.93095002,1011.3485925,1.20246352,14.550031,9144.69297276,,0.86589255,1.42819428,0.83361419,1.1690997,1.18034,,0.8662062,7.790714,93.29420967,1.09261636,,0.91559861,0.930131
2014-03-10,63.617154,,25.583468,149.882207101,4.816516,7.047590094,120.027549,,,4.205744,3.7122793,0.850478,1.331081122,1.88577015,996.1957005,1.17997296,14.453034,9255.36430721,,0.84707652,1.40602813,0.82228579,1.1553438,1.157865,,0.8543161,7.665327,91.83783917,1.08636365,,0.90038784,0.913778
2014-03-11,64.114489,,25.8044539,150.989631488,4.847246,7.093368332,120.418434,,,4.238383,3.7445601,0.855518,1.334413934,1.89488203,1002.2887089,1.18491907,14.478901,9237.16919923,,0.8487067,1.41369711,0.83362347,1.1676493,1.154927,,0.8616421,7.707482,92.18785291,1.09611602,,0.90567644,0.922519
2014-03-12,64.10652,,25.7886855,151.014132312,4.851454,7.100384892,119.37955,,,4.237507,3.7424987,0.858361,1.313064471,1.89701049,997.9276786,1.18086762,14.503874,9108.60713585,,0.85659641,1.4156689,0.83255653,1.1645433,1.159835,,0.861342,7.707133,90.81487111,1.09904664,,0.90877674,0.91968
2014-03-13,63.739163,,25.7472001,150.420680017,4.840825,7.085815022,119.219109,,,4.212801,3.7367066,0.856309,1.299765425,1.88350643,986.7075297,1.18004291,14.420043,9039.58870396,,0.85084341,1.40978835,0.8278743,1.1662015,1.160487,,0.8600259,7.711276,90.19903931,1.10131098,,0.9120421,0.922258
2014-03-14,63.264229,,25.4093569,148.808799927,4.75674,6.963643379,118.144064,,,4.180772,3.6879241,0.844863,1.299231104,1.8713429,978.9456933,1.17797769,14.410402,9014.5705658,,0.83276144,1.40021959,0.82636344,1.1437765,1.143984,,0.8488768,7.605751,87.05991565,1.09733958,,0.89987475,0.917552
2014-03-17,63.374242,,25.4705557,148.881544432,4.738055,6.937124089,118.115571,,,4.187762,3.6970242,0.841839,1.299031546,1.86766792,979.5797937,1.18169718,14.443899,8840.46374158,,0.82993441,1.40584713,0.82701806,1.1482727,1.139129,,0.8508989,7.580459,89.42281603,1.09558487,,0.89652675,0.910257
2014-03-18,64.193074,,26.0432639,151.918824625,4.826552,7.067471723,120.318865,,,4.241504,3.7803247,0.856568,1.305021911,1.87954487,991.9240859,1.20155423,14.56051,8981.92763608,,0.84466927,1.43572176,0.83990028,1.1779702,1.153123,,0.8700671,7.733723,90.4698602,1.1186892,,0.9125288,0.923843
2014-03-19,64.455209,,26.1848323,152.555871526,4.86212,7.120398327,121.992574,,,4.258594,3.8010887,0.867961,1.309000975,1.867414,996.5260177,1.21311438,14.55056,9432.50538007,,0.85041431,1.44233157,0.84116351,1.1804201,1.16214,,0.8749587,7.793127,90.56054527,1.12441604,,0.9202075,0.928824
2014-03-20,65.059739,,26.4682103,154.19548959,4.927613,7.217134736,123.231427,,,4.29827,3.8424249,0.876635,1.32587176,1.87863201,1008.9475424,1.23546222,14.666135,9622.23279949,,0.85616754,1.45598625,0.85199757,1.1900005,1.178764,,0.8843635,7.867649,90.59067607,1.13451487,,0.92898607,0.939336
2014-03-21,64.926949,,26.4629438,155.142904768,4.954999,7.258112092,122.658918,,,4.289179,3.8418926,0.880209,1.347531721,1.87374628,1013.978398,1.23839883,14.629027,9482.54650754,,0.85397556,1.44884032,0.85273118,1.1918754,1.177947,,0.8843313,7.924105,88.72501904,1.13853477,,0.93274435,0.943902
2014-03-24,65.078534,,26.5458934,155.891806263,4.985157,7.303150294,123.013412,,,4.298942,3.8541569,0.889595,1.338838449,1.88655799,1014.6589063,1.24736604,14.631863,9871.83328701,,0.86138877,1.45764095,0.85414951,1.1937662,1.185821,,0.887164,7.961275,87.78767813,1.13911638,,0.93792434,0.945867
2014-03-25,65.125049,,26.5046773,156.475379198,4.97771,7.293133846,122.818265,,,4.301743,3.8484104,0.888364,1.335568951,1.87629381,1008.2836903,1.2418259,14.639463,9771.57009652,,0.85513195,1.45233525,0.85481207,1.1948486,1.189347,,0.8858575,7.963468,88.96879494,1.13129658,,0.9386186,0.949466
2014-03-26,64.710064,,26.2723113,155.293057951,4.963117,7.272644042,121.843995,,,4.273761,3.8149354,0.880888,1.313130987,1.87517475,1001.8015077,1.23785695,14.572738,9646.12679588,,0.84831873,1.43909596,0.84853441,1.1909395,1.185081,,0.8783194,7.918991,89.19598886,1.11994911,,0.9328864,0.939731
2014-03-27,65.902051,,26.7974519,158.114713877,5.060158,7.415653377,122.945319,,,4.353048,3.8913421,0.896991,1.339369556,1.93101447,1017.6476192,1.26461144,14.70483,9848.74578285,,0.86703175,1.46924603,0.86016656,1.2112661,1.20112,,0.8956983,8.075716,88.569132,1.12649403,,0.94784744,0.958386
2014-03-28,66.481028,,26.8879204,158.638811677,5.098312,7.472456067,123.715196,,,4.391027,3.904715,0.904721,1.347630745,1.95744398,1024.4490525,1.27549309,14.747152,9471.84224348,,0.87365944,1.47719934,0.86630278,1.2200406,1.20987,,0.8987828,8.144792,89.15273047,1.13421356,,0.95298007,0.970488
2014-03-31,67.74575,,27.2520568,158.499858987,5.159475,7.562963681,125.516644,,,4.474327,3.957831,0.91749,1.360203018,1.96863146,1042.0312528,1.28724216,14.920346,9580.03075573,,0.87740884,1.49625452,0.87710667,1.2413904,1.224313,,0.9109895,8.247015,89.40822636,1.15148409,,0.96559069,0.980486
2014-04-01,67.711498,,27.1607998,157.833888573,5.145426,7.543289949,125.406272,,,4.471696,3.9448172,0.911778,1.35928701,1.97840659,1038.3156427,1.27559847,14.949616,9575.18518711,,0.87552017,1.49037157,0.87251581,1.2323993,1.237189,,0.908105,8.214592,89.6654972,1.14875858,,0.96018951,0.976222
2014-04-02,68.852731,,27.5910109,160.121170897,5.229094,7.666791267,126.992983,,,4.54665,4.0075311,0.929569,1.37475853,1.98727366,1053.985806,1.29023112,15.091893,9772.3779118,,0.8915783,1.52537745,0.88449447,1.2456255,1.257819,,0.9223425,8.355751,89.91005496,1.15367785,,0.97616352,0.994161
2014-04-03,68.377464,,27.3590781,159.921701405,5.189799,7.610133671,126.500814,,,4.514584,3.9740911,0.9263,1.374333646,1.97906428,1052.230872,1.28329914,15.037323,9722.46319465,,0.88835169,1.51638407,0.87810265,1.2378237,1.24738,,0.9147638,8.306574,89.77827464,1.15109093,,0.9675501,0.984364
2014-04-04,68.084947,,27.359641,157.927871514,5.170538,7.582811838,126.134639,,,4.494912,3.9744126,0.926077,1.376787027,1.97656275,1052.7044307,1.28179159,14.964293,9403.54354457,,0.88528358,1.51234699,0.87241772,1.2343523,1.249912,,0.9146526,8.288738,89.8228794,1.14898072,,0.96523,0.984791
2014-04-07,68.044899,,27.4023305,156.481211728,5.143904,7.544673641,125.825528,,,4.492,3.9808518,0.930689,1.36839137,1.97983773,1054.0699284,1.28095304,14.937766,8944.34423979,,0.887634,1.52745666,0.87833557,1.2313318,1.245417,,0.916311,8.268468,89.23954052,1.15291919,,0.96248339,0.985396
2014-04-08,67.844054,,27.2764983,157.429603065,5.142925,7.544145479,124.943846,,,4.478431,3.9628184,0.925232,1.359849256,1.98032293,1048.7368423,1.27910469,14.910962,8999.73417164,,0.88672323,1.51418394,0.87278409,1.2189431,1.248801,,0.9120124,8.26348,88.3430573,1.14977858,,0.95943653,0.981463
2014-04-09,67.603827,,27.1112771,156.995500108,5.10943,7.495945593,124.88301,,,4.462197,3.9390638,0.919836,1.360144889,1.96618518,1051.5855176,1.27676158,14.947822,8993.05150383,,0.88165117,1.50627615,0.86836353,1.2092198,1.246574,,0.9068784,8.210582,88.6333868,1.14393153,,0.95354988,0.978185
2014-04-10,67.218661,,27.0057786,157.600998055,5.09824,7.480432463,124.773096,,,4.436445,3.9239804,0.915411,1.348531698,1.97136431,1064.89176,1.27894035,14.859741,8905.81214466,,0.87254617,1.50704849,0.87716642,1.209413,1.244143,,0.9034317,8.215029,88.06466881,1.13627615,,0.95475368,0.978136
2014-04-11,68.266495,,27.3215683,158.501178472,5.118128,7.510505843,125.132795,,,4.505195,3.9700785,0.918234,1.358401933,1.97530413,1054.2503164,1.30388626,14.909925,8944.79908441,,0.87654069,1.52777996,0.87565404,1.2265356,1.245661,,0.9139409,8.23178,85.70185476,1.14449509,,0.95744951,0.97874
2014-04-14,68.449377,,27.3629613,159.09307713,5.105002,7.492164353,125.079072,,,4.516977,3.9763293,0.919748,1.359921814,1.97503858,1056.1717065,1.31395576,14.947524,8946.14621832,,0.87663022,1.52624889,0.87568089,1.2204608,1.250771,,0.9153817,8.224421,86.21199181,1.14191287,,0.95722492,0.978049
2014-04-15,67.829643,,27.0927266,158.344935929,5.033369,7.38798173,123.58556,,,4.475545,3.9373235,0.908245,1.357291165,1.95326915,1044.4738748,1.30150544,14.898033,8864.82801804,,0.86178175,1.50178841,0.86393739,1.2078806,1.239505,,0.906553,8.097655,85.91368244,1.13706619,,0.94498258,0.966672
2014-04-16,68.80143,,27.5032295,159.586771722,5.111983,7.504207402,124.542952,,,4.539403,3.9971771,0.919018,1.375961215,1.95909931,1057.9450294,1.32142339,15.030363,8987.25763728,,0.86924238,1.52595304,0.87211051,1.2222838,1.244274,,0.9203022,8.21558,86.05225075,1.14655124,1.0,0.95672633,0.974872
2014-04-17,69.045271,,27.6342284,160.288119836,5.121935,7.519732032,125.207186,,,4.555205,4.0164426,0.923951,1.381221311,1.9534258,1065.3832409,1.33564911,15.078323,8997.6184726,,0.87489449,1.53997989,0.8827296,1.2288385,1.25787,,0.9247746,8.266888,87.72124783,1.14901722,1.00359344,0.9635461,0.981953
2014-04-22,68.860572,,27.5481543,161.13564098,5.135668,7.540796794,124.673934,,,4.542564,4.0041844,0.919284,1.390352639,1.95192636,1069.1136664,1.33327274,15.095548,8963.13631881,,0.86884345,1.53262949,0.8821361,1.2379904,1.258783,,0.9220292,8.2821,88.59776483,1.1488017,0.99795089,0.96417311,0.984014
2014-04-23,67.992501,,27.1821083,159.773226947,5.052925,7.4202631,123.164326,,,4.484629,3.9512655,0.908631,1.38023357,1.94344486,1055.3553878,1.32013899,15.013513,8864.36840246,,0.8609232,1.5164086,0.86998338,1.2204586,1.247129,,0.9099863,8.182108,87.37725995,1.14225694,0.98469846,0.95257487,0.972799
2014-04-24,67.719895,,27.1015851,160.074327946,5.044729,7.409116429,122.664409,,,4.466176,3.9398091,0.908326,1.380689102,1.9418024,1058.6733176,1.31337671,14.985367,8707.44817,,0.85965827,1.52554632,0.86701101,1.2241677,1.249777,,0.9074124,8.180906,88.10956929,1.14327602,0.98549184,0.95198814,0.973079
2014-04-25,67.241151,,26.8586317,158.767103223,4.991975,7.332564707,121.795612,,,4.434212,3.904762,0.900809,1.378237323,1.93564139,1049.5132904,1.30022141,14.907704,8721.33871186,,0.85277624,1.52247432,0.85798427,1.2255494,1.23986,,0.8994361,8.084652,88.17419324,1.14733341,0.98355596,0.94263327,0.96316
2014-04-28,67.28057,,26.7902991,158.152621347,4.975444,7.309170372,121.336447,,,4.436415,3.8950738,0.898515,1.369451536,1.92230388,1051.5989307,1.29732796,14.935701,8385.49559432,,0.85187403,1.52113358,0.85726287,1.2262237,1.233054,,0.8972898,8.074223,87.25957787,1.15255936,0.98101811,0.94050638,0.958745
2014-04-29,67.730101,,26.9449121,158.041698081,5.039404,7.403973416,122.455751,,,4.465895,3.91779,0.906989,1.362253169,1.92777613,1059.9867627,1.31393759,14.946285,8134.46538322,,0.85824142,1.53373172,0.86263962,1.2364424,1.24914,,0.9025096,8.144421,85.94217468,1.15416616,0.99298464,0.94850823,0.966311
2014-04-30,68.491748,,27.0911172,159.093651285,5.05605,7.429326626,123.087347,,,4.515827,3.939285,0.915761,1.368844132,1.94071528,1065.028077,1.31774996,15.067752,9755.14060356,,0.85953339,1.53712821,0.86733247,1.2401775,1.250115,,0.90736,8.173072,87.33102312,1.15625576,0.99482582,0.95086218,0.971287
2014-05-02,69.87658,,27.5293246,161.497241954,5.133253,7.543613239,124.137437,,,4.607054,4.0032394,0.934241,1.380784502,1.94073215,1072.6116862,1.32970277,15.206806,9713.78430219,,0.87688982,1.56548522,0.88129496,1.2585905,1.26703,,0.9218648,8.313171,88.03314465,1.15527147,1.00900456,0.968157,0.981282
2014-05-05,69.968177,,27.6266812,162.313933704,5.159303,7.582803906,125.000432,,,4.612685,4.0176368,0.936647,1.375252469,1.93169215,1080.0830354,1.33971582,15.216563,9733.1973674,,0.87827631,1.57330739,0.89146837,1.2636586,1.260961,,0.9253314,8.33105,88.20295798,1.16732819,1.0100094,0.97163227,0.985612
2014-05-06,69.920467,,27.6208045,162.86642841,5.148188,7.567395075,124.877411,,,4.608979,4.0170248,0.93511,1.386375996,1.92632378,1079.9150204,1.34095259,15.210461,9724.27792247,,0.87660194,1.57766817,0.89325514,1.2657538,1.26383,,0.9256083,8.31699,87.47929583,1.17774846,1.01289099,0.9681735,0.987189
2014-05-07,70.677514,,27.7503989,163.847612562,5.163004,7.590076182,124.740894,,,4.65901,4.0361107,0.932677,1.398283355,1.93717724,1084.8724385,1.35235995,15.295239,9715.17778254,,0.88166625,1.58385381,0.89541084,1.2778755,1.26621,,0.9299059,8.377818,87.86470074,1.18244986,1.01808954,0.97290334,0.992005
2014-05-08,70.922071,,27.8055283,163.781262671,5.195159,7.638245762,125.119881,,,4.674535,4.0443701,0.933051,1.396743144,1.95084551,1087.6843108,1.34358972,15.297352,9787.59766641,,0.8814517,1.57790731,0.89280672,1.2835295,1.265714,,0.9317629,8.383037,86.56438914,1.18862941,1.01718183,0.97233724,0.991488
2014-05-09,71.080331,,27.8934948,163.633738235,5.178012,7.613975607,124.395731,,,4.68497,4.0574045,0.928318,1.39556114,1.95628074,1076.5454033,1.34401108,15.320971,9829.41117783,,0.88417902,1.57566084,0.88484103,1.2801328,1.267363,,0.9348211,8.336063,86.61109289,1.18817853,1.01132163,0.96887545,0.985193
2014-05-12,71.846351,,28.2750274,164.762556231,5.232899,7.695565962,125.238528,,,4.734902,4.1131268,0.937753,1.405409222,1.95617765,1076.4185655,1.35994047,15.429857,9828.38081143,,0.89121958,1.59496478,0.895833,1.2921626,1.27409,,0.9474515,8.389299,86.13842648,1.19869185,1.01759934,0.97829583,0.994543
2014-05-13,72.2578,,28.4981861,165.332808101,5.229875,7.692060482,125.992712,,,4.761554,4.1458243,0.939475,1.416383017,1.96273077,1076.5459032,1.36994386,15.445015,9948.34103932,,0.89124564,1.59839515,0.89302131,1.2918944,1.271066,,0.954852,8.392338,86.28857176,1.20759201,1.01328159,0.98119522,0.994642
2014-05-14,72.0826,,28.4855273,165.799381698,5.244138,7.713957831,126.955715,,,4.749866,4.1442351,0.942661,1.420298536,1.97474485,1078.4790173,1.37049591,15.415543,10013.48553409,,0.88967738,1.60221276,0.89444627,1.2987111,1.285851,,0.9545565,8.392402,86.44393896,1.21341371,1.0163322,0.9806277,0.993448
2014-05-15,71.82093,,28.3445399,164.117419847,5.197609,7.646479044,125.610518,,,4.732143,4.1239868,0.937818,1.419393644,1.97701172,1068.7921047,1.35821241,15.35689,10210.20084232,,0.89100587,1.59249508,0.88572606,1.2869275,1.270534,,0.9501397,8.286476,86.61660332,1.20664171,1.01643634,0.97387886,0.977204
2014-05-16,72.131179,,28.450207,164.514699809,5.214272,7.671898196,125.910213,,,4.752165,4.139601,0.936608,1.423121173,1.975279,1070.3974886,1.35836962,15.400077,10168.65021464,,0.89284589,1.59678544,0.88593612,1.2933742,1.269707,,0.9538167,8.280942,87.16059025,1.21607672,1.02107775,0.97312596,0.977149
2014-05-19,71.91929,,28.3102432,165.158465732,5.207393,7.662710432,125.613614,,,4.737968,4.1195011,0.933465,1.433032553,1.97981683,1068.9453466,1.3725991,15.4153,10318.74725655,,0.88876966,1.58465533,0.87723819,1.2917156,1.264206,,0.9493091,8.261605,87.35615698,1.21643245,1.01819323,0.96811393,0.979361
2014-05-20,71.213694,,27.9827488,163.510297243,5.160217,7.594245459,124.380751,,,4.691107,4.0721333,0.928113,1.433376877,1.97611402,1062.9841933,1.37227661,15.294036,10319.85091127,,0.88334438,1.56124249,0.86946196,1.278209,1.253915,,0.9385621,8.189011,87.71444674,1.20990952,1.00909668,0.95870832,0.972993
2014-05-21,71.237415,,28.0968767,162.999731694,5.160858,7.596098038,124.928251,,,4.692272,4.0889748,0.92859,1.426374266,1.96344631,1065.89698654,1.36583278,15.306054,10363.96209968,,0.88073692,1.56186661,0.87544817,1.2831098,1.24967,,0.9424349,8.191431,88.0553313,1.2149406,1.00855657,0.9612654,0.97132
2014-05-22,71.694631,,28.267255,163.41036664,5.211996,7.672249458,125.778957,,,4.722613,4.1139956,0.938971,1.444713802,1.97701296,1074.7562697,1.3764193,15.351875,10470.21564798,,0.88540075,1.57719152,0.88192434,1.2893733,1.260262,,0.9481916,8.257507,88.14232032,1.22316212,1.00983165,0.97033505,0.976599
2014-05-23,71.790874,,28.3152878,162.982881875,5.211182,7.671989395,125.618658,,,4.728605,4.1212289,0.936677,1.434221271,1.96720767,1069.89061224,1.37342626,15.388308,10715.15591255,,0.8847476,1.5758579,0.87894697,1.2867758,1.258439,,0.9499119,8.265112,88.2878514,1.21985064,1.0111658,0.97079735,0.978642
2014-05-26,72.092296,,28.3487223,162.982050931,5.222795,7.690000877,125.7932,,,4.748159,4.1263401,0.940454,1.432562262,1.9722116,1072.12664046,1.38471408,15.420214,11266.17116738,,0.88869627,1.58438502,0.8864893,1.2949383,1.262193,,0.9510968,8.287707,88.30883589,1.22456136,1.01070155,0.97399295,0.979551
2014-05-27,71.439049,,28.0828384,161.51314784,5.180569,7.628787056,124.976272,,,4.704602,4.0879309,0.930937,1.427294711,1.95981563,1063.31140221,1.37049614,15.390332,11685.61749308,,0.87701581,1.57109851,0.87866351,1.2830239,1.255353,,0.9424158,8.215755,86.96139543,1.22211667,1.008458,0.96484722,0.974308
2014-05-28,71.894988,,28.2011494,162.039517561,5.211767,7.675620493,125.61528,,,4.73427,4.1053811,0.934044,1.438985434,1.98307689,1074.74649654,1.37315666,15.438519,11690.12777165,,0.88016706,1.58068661,0.87867327,1.2934519,1.267318,,0.946423,8.295489,87.17704695,1.2246856,1.00554427,0.97129275,0.980721
2014-05-29,72.356272,,28.318845,163.031656733,5.242216,7.721376595,125.841499,,,4.763969,4.1227648,0.935344,1.446638097,1.98882906,1079.65655711,1.37731288,15.480648,11578.43497124,,0.87949563,1.57697942,0.87961919,1.3063646,1.267092,,0.9504444,8.343777,87.20668281,1.22606995,1.00202785,0.9747211,0.986973
2014-05-30,72.167555,,28.2195702,161.021830455,5.208609,7.672836685,125.400435,,,4.75119,4.1085626,0.932574,1.434482428,1.9909261,1067.76441614,1.37776873,15.454447,11559.66875161,,0.87852811,1.56530038,0.87260181,1.302891,1.267591,,0.9472208,8.266007,86.90325199,1.22725552,1.00128243,0.96562198,0.979786
2014-06-02,72.172991,,28.3627028,161.628206037,5.185841,7.640225116,125.451454,,,4.751224,4.1296483,0.93371,1.428493417,1.98213427,1065.06242454,1.3745619,15.466421,11718.69923059,,0.87846475,1.56798805,0.87356134,1.296116,1.258462,,0.9520549,8.241438,86.56291031,1.22638696,0.99520763,0.96660692,0.975029
2014-06-03,72.829875,,28.5855779,162.125600677,5.228773,7.704367361,125.578303,,,4.794284,4.1623441,0.942099,1.441047165,1.97685657,1073.5492393,1.37851225,15.519998,11734.85734028,,0.88168036,1.57990952,0.88022069,1.304464,1.248628,,0.9595242,8.32693,83.46815813,1.22830577,0.99202197,0.97708339,0.982089
2014-06-04,73.47963,,28.6837903,162.759083169,5.231557,7.709405441,126.134161,,,4.836906,4.1768932,0.947191,1.459112656,1.96718969,1076.75757556,1.38160627,15.621104,11474.61212544,,0.88282917,1.58723652,0.88322818,1.3121455,1.254932,,0.9628729,8.34789,82.67482504,1.23855218,0.98547836,0.97895296,0.98494
2014-06-05,73.216471,,28.6775659,161.904740598,5.223822,7.698943462,125.53247,,,4.81887,4.1762391,0.944515,1.448932644,1.96030894,1075.02178087,1.3785621,15.635484,11366.78881192,,0.87909272,1.58378016,0.87782564,1.3171443,1.261226,,0.9627755,8.361234,83.37479801,1.23776992,0.98561806,0.97869183,0.989572
2014-06-06,74.151057,,29.0175594,164.657567987,5.294878,7.804584251,127.111751,,,4.880226,4.2259878,0.958855,1.468933798,1.96199764,1088.34823909,1.39602546,15.755511,11724.64909541,,0.89059323,1.61331482,0.89066598,1.3326227,1.279496,,0.9741059,8.480688,85.01143084,1.24111775,0.99222025,0.99123044,1.002461
2014-06-09,75.136774,,29.4156043,165.879244525,5.383804,7.936559375,128.432692,,,4.944813,4.2841906,0.971722,1.487964022,1.99309321,1104.83470497,1.40913759,15.892861,11876.85121004,,0.9041911,1.64156433,0.90087578,1.3472846,1.292254,,0.9872691,8.632337,83.95984934,1.24895499,1.00283583,1.00576114,1.018161
2014-06-10,75.716809,,29.6375534,165.903148794,5.421651,7.993301784,128.944394,,,4.982416,4.3167606,0.973651,1.493353695,1.99666693,1108.74012144,1.42301352,15.944256,11900.92565971,,0.90808799,1.64936957,0.90022011,1.3587779,1.293636,,0.9946904,8.711453,84.241727,1.24219269,1.00446278,1.01343804,1.029107
2014-06-11,76.040503,,29.7304002,166.053894861,5.44755,8.032435552,129.080105,,,5.003324,4.3305376,0.977033,1.499787236,2.00857312,1112.12913913,1.43827898,15.965917,11891.28423465,,0.91135105,1.65738763,0.90378262,1.3619101,1.300895,,0.9978426,8.735127,84.53246371,1.23837659,1.0049294,1.01615267,1.032767
2014-06-12,76.035703,,29.726911,166.043324137,5.446941,8.032513918,129.065637,,,5.002604,4.3302907,0.976872,1.49968846,2.00841448,1112.12647755,1.43816408,15.966742,11890.32882603,,0.91113302,1.65748448,0.90369737,1.3617787,1.300457,,0.9978387,8.734976,84.51714436,1.23828726,1.00495417,1.01609883,1.032704
2014-06-13,76.172666,,29.6895329,165.922289759,5.419994,7.99376024,128.849358,,,5.011298,4.3251102,0.978502,1.499916985,1.9991687,1104.28149225,1.43118998,15.985909,11889.29604074,,0.91281405,1.65249011,0.90287649,1.3633249,1.301987,,0.9967292,8.666149,87.32589251,1.24267546,1.00530334,1.009107,1.024299
2014-06-16,76.188685,,29.7323525,165.821742456,5.414788,7.98704526,128.82177,,,5.011948,4.3316046,0.976906,1.505069346,2.00924565,1104.18282854,1.44487541,15.983267,11659.22469047,,0.91794247,1.6538808,0.89767416,1.3557481,1.303255,,0.9982583,8.627698,83.93576362,1.24202761,1.00353292,1.00527124,1.019216
2014-06-17,76.24844,,29.7187262,166.01083171,5.429821,8.010173942,129.320781,,,5.015417,4.3298819,0.979012,1.510089256,2.01676536,1109.67927201,1.44249885,16.000325,11632.88629573,,0.91719359,1.65359461,0.90205779,1.356478,1.302123,,0.9979181,8.645247,84.30441217,1.2408131,1.00156762,1.00712227,1.019152
2014-06-18,76.526687,,29.8929361,167.328852465,5.469829,8.070139979,130.358984,,,5.033141,4.3555045,0.983126,1.512907173,2.02047426,1120.65219158,1.44612142,16.091959,11620.48508614,,0.91774263,1.66708525,0.90764128,1.3635337,1.314847,,1.0037973,8.722371,85.24979936,1.24737321,1.0069166,1.01606501,1.046663
2014-06-20,76.057509,,29.7029222,166.755764386,5.416478,7.992439366,129.626158,,,5.00203,4.3281045,0.983805,1.509527737,2.01344595,1111.43982794,1.43949364,16.032246,11585.07983658,,0.91622289,1.64965908,0.90928155,1.3571251,1.307167,,0.9976179,8.656771,85.24048036,1.25739664,0.99644421,1.01056696,1.025153
2014-06-23,75.511892,,29.5322078,166.748105253,5.379419,7.938734183,129.449644,,,4.965788,4.303512,0.979959,1.504106895,1.99309182,1104.38625538,1.4380902,15.98142,11542.21242793,,0.90635283,1.64135761,0.90826322,1.3454077,1.303091,,0.9920739,8.594308,84.44702183,1.24537475,0.99040882,1.00306884,1.024767
2014-06-24,76.074775,,29.705842,167.626341867,5.39187,7.958053372,130.699663,,,5.002605,4.3290491,0.986128,1.509465271,2.01136189,1107.57229815,1.45132514,16.010251,11509.09593234,,0.91195897,1.65262562,0.90718294,1.358958,1.300842,,0.9979183,8.604554,84.1924684,1.2617167,0.99188716,1.00566886,1.016479
2014-06-25,75.566828,,29.4547139,166.748783576,5.34731,7.893275659,129.608811,,,4.968799,4.2927504,0.976516,1.504169231,1.99076447,1100.4630503,1.43771285,15.968342,11524.13863687,,0.90416246,1.63679517,0.89355106,1.346915,1.295884,,0.9897036,8.541288,85.10141306,1.25711266,0.98840301,0.99736114,1.015794
2014-06-26,75.687612,,29.4992874,166.898421687,5.365312,7.920782829,129.809079,,,4.976117,4.299498,0.976526,1.512813243,1.98963868,1102.9757939,1.4434399,15.99331,11543.72451343,,0.9036209,1.63815416,0.89629915,1.3469709,1.293843,,0.991265,8.572484,85.85837331,1.26693954,0.9833807,0.9994532,1.012022
2014-06-27,75.598406,,29.3974217,166.38036503,5.33344,7.874709552,129.307212,,,4.969845,4.2849102,0.974144,1.505290736,1.98144137,1097.4338518,1.43872829,15.995743,11583.6304262,,0.90018694,1.6340708,0.89648192,1.3384189,1.294681,,0.9879885,8.503085,85.95746965,1.26073635,0.98844222,0.99052426,1.004702
2014-06-30,75.943062,,29.4634598,167.174435669,5.332534,7.874317454,129.593505,,,4.992178,4.2947942,0.973613,1.511885285,1.99481525,1097.64328,1.45320667,16.051879,11592.76039137,,0.90170615,1.63641886,0.90049283,1.344053,1.28745,,0.990287,8.497718,87.30979611,1.27459325,0.99421922,0.98869122,1.002865
2014-07-01,75.631664,,29.3601509,167.645488328,5.310912,7.8433419,129.239633,,,4.971141,4.2799955,0.967468,1.502872258,1.97897537,1090.1297761,1.43597437,16.052591,11454.87552637,,0.89865764,1.6290082,0.88994752,1.3268282,1.292451,,0.9869832,8.42992,85.13201623,1.27400174,0.99153524,0.9811542,0.994759
2014-07-02,75.028087,,29.1934217,167.281889837,5.268971,7.78235785,128.596715,,,4.931226,4.2559522,0.969047,1.494307318,1.95228944,1085.8196351,1.42416723,16.000043,11445.39596366,,0.89254788,1.62355534,0.89369833,1.3213957,1.282368,,0.981502,8.345908,86.01240802,1.2742784,0.98572091,0.97432047,0.982939
2014-07-03,75.125281,,29.3277937,167.87050265,5.258069,7.767195705,128.990785,,,4.937041,4.2757942,0.971547,1.487189717,1.94143139,1085.9160122,1.42236825,16.072122,11213.36214724,,0.89859506,1.64385936,0.89614198,1.3241875,1.276474,,0.9860033,8.350188,85.26045015,1.2806373,0.99186388,0.97510495,0.984503
2014-07-04,75.578685,,29.4580996,168.607570988,5.290497,7.816012275,129.87287,,,4.966106,4.2950447,0.974865,1.492132191,1.95582727,1095.263799,1.42872291,16.089759,10900.02366722,,0.90340945,1.65312078,0.90175429,1.3254502,1.284805,,0.990476,8.402804,86.39854608,1.29210721,0.99667602,0.98287867,0.98639
2014-07-07,75.258846,,29.3480822,168.431844666,5.271226,7.788503685,129.217866,,,4.94494,4.2792682,0.974667,1.483889778,1.93388536,1088.0834892,1.42358016,16.068227,10501.10642899,,0.89724734,1.64386663,0.90175655,1.3200628,1.281557,,0.9869443,8.366224,84.06570495,1.29604382,0.98658237,0.98103092,0.987471
2014-07-08,74.775517,,29.2010722,167.734627114,5.245557,7.751529447,128.461829,,,4.91284,4.2580989,0.971423,1.470484692,1.92203737,1082.6240844,1.41503999,15.96734,10483.06924678,,0.89568272,1.635277,0.89812484,1.3174843,1.277245,,0.9822105,8.309083,83.86068959,1.29535976,0.99037528,0.97481574,0.981516
2014-07-09,74.770799,,29.1976381,167.723876293,5.244957,7.751574952,128.44809,,,4.912136,4.2578551,0.971282,1.470392202,1.92188495,1082.6092564,1.41493313,15.966787,10482.15267159,,0.89547733,1.63542259,0.89804033,1.3173174,1.276512,,0.982207,8.308968,83.85548371,1.29527492,0.99043267,0.97474697,0.981467
2014-07-10,74.996079,,29.267467,167.956489793,5.235834,7.73903363,128.256191,,,4.926495,4.2682899,0.969428,1.463451852,1.9238979,1074.8545093,1.41733739,15.988961,10468.39761181,,0.89598188,1.65449944,0.89751089,1.3096015,1.282661,,0.9846401,8.254464,82.50901961,1.29427449,0.98307335,0.96808749,0.97255
2014-07-11,75.270865,,29.3127045,168.58728526,5.255855,7.769547108,128.224849,,,4.943963,4.2751409,0.971117,1.470278043,1.93510726,1084.8050632,1.41960545,16.000606,10621.55726303,,0.89835053,1.66410887,0.90709766,1.3121686,1.281541,,0.9862128,8.349985,82.79283397,1.30027886,0.98230868,0.97622253,0.981528
2014-07-14,75.410477,,29.3390922,169.126619385,5.259822,7.776349286,128.790809,,,4.952674,4.2792449,0.971633,1.474685839,1.92399422,1084.2179347,1.42375256,16.035661,9871.64927632,,0.90145324,1.67993527,0.91083895,1.321309,1.294265,,0.9871421,8.360451,83.33601876,1.30629501,0.98161346,0.97872797,0.986957
2014-07-15,74.939249,,29.2895518,169.27279291,5.263726,7.783056193,128.486944,,,4.921188,4.2722819,0.963134,1.473563521,1.91179285,1080.2035944,1.41881828,15.990267,9528.37109722,,0.88598848,1.68305117,0.90733199,1.3186347,1.286361,,0.985617,8.337884,83.54500091,1.30250106,0.9801628,0.9745398,0.982237
2014-07-16,74.014412,,29.0706255,166.949309538,5.211008,7.706078747,128.134648,,,4.859808,4.2406292,0.952209,1.454646768,1.89727401,1075.8060225,1.41924269,15.877341,9399.11344238,,0.87713884,1.67264824,0.90116387,1.3069048,1.278268,,0.9784401,8.321249,84.77340241,1.29988036,0.97881118,0.97269392,0.980095
2014-07-17,73.598024,,28.7790301,166.129071749,5.183985,7.667054662,127.797284,,,4.832165,4.1983823,0.956418,1.451476674,1.88841281,1070.8406443,1.4089107,15.808279,8755.68810553,,0.87703726,1.66547483,0.8994882,1.3022377,1.278425,,0.9689189,8.277083,84.59815463,1.29452608,0.97204608,0.96755694,0.975536
2014-07-18,74.249842,,28.9909334,166.141872693,5.238471,7.748524654,128.881191,,,4.874207,4.2295218,0.965589,1.469102459,1.88596713,1077.7562485,1.41181347,15.954544,8968.86812555,,0.89136691,1.68908046,0.90590928,1.3171233,1.282787,,0.9762154,8.343889,85.45000818,1.30724451,0.97559156,0.97619628,0.990791
2014-07-21,74.76807,,29.1975529,167.074608777,5.271614,7.798471273,129.107888,,,4.908201,4.2598929,0.970947,1.486109031,1.879798,1082.4627761,1.4155644,15.999295,8932.7579744,,0.88747053,1.70870281,0.90756648,1.3185696,1.287697,,0.9832276,8.402539,83.03861964,1.31260545,0.97730452,0.981896,0.99477
2014-07-22,75.434747,,29.4757523,168.622072127,5.318565,7.86884482,129.792778,,,4.951734,4.300699,0.977398,1.486749113,1.87377014,1092.9335399,1.44549435,16.089446,8816.81002816,,0.88821475,1.72827595,0.91883084,1.3291815,1.291925,,0.9925382,8.506591,81.73670028,1.32258444,0.99153611,0.995099,0.990373
2014-07-23,75.483938,,29.3646481,168.336631846,5.312219,7.860416235,129.242046,,,4.954597,4.2847638,0.972452,1.485213416,1.87351575,1090.4016839,1.44689417,16.083824,8773.63325785,,0.85706196,1.71734025,0.91617075,1.3249054,1.294774,,0.9889053,8.496439,81.59490531,1.3192146,0.9948307,0.9909835,1.000151
2014-07-24,75.868938,,29.5019799,169.462471173,5.317504,7.869181001,129.584103,,,4.979454,4.3050388,0.974447,1.494372172,1.870517,1092.105254,1.45509431,16.131636,8755.3366703,,0.84921388,1.7353884,0.9223217,1.3279774,1.291552,,0.9934418,8.514697,81.9799785,1.32793416,0.99432982,0.99014717,1.006708
2014-07-25,75.461461,,29.3863641,168.724862682,5.277283,7.810634114,128.965001,,,4.952186,4.2884463,0.963149,1.484193318,1.85616427,1086.2457734,1.45226706,16.086148,8822.88390445,,0.8394929,1.72209463,0.91742747,1.3229471,1.29215,,0.9896979,8.488032,81.54048055,1.32237491,0.99668207,0.98477682,0.997156
2014-07-28,75.270351,,29.393425,168.216158932,5.240016,7.756404732,128.70076,,,4.939217,4.2897337,0.956637,1.479068876,1.85389929,1082.0287341,1.43957988,16.059827,8424.37922904,,0.82380459,1.72514881,0.91632002,1.3156605,1.293028,,0.9898671,8.446567,81.22161608,1.32181928,0.98956868,0.97950066,0.994047
2014-07-29,74.427881,,29.1133103,166.596969601,5.197695,7.694718474,128.072497,,,4.883426,4.2491622,0.954392,1.47377263,1.84305311,1074.6333103,1.43623153,15.957089,8487.01043227,,0.0,1.71121605,0.90422954,1.3083297,1.283457,,0.9806021,8.359955,82.27433911,1.3139349,0.98322148,0.97108308,0.992066
2014-07-30,74.103343,,28.9271718,166.330223073,5.187814,7.681018287,127.741233,,,4.861614,4.2222501,0.956721,1.469133772,1.83592451,1068.2411453,1.43228371,15.963265,8490.49881501,,,1.705425,0.90337692,1.2968129,1.278914,,0.9745271,8.318259,81.1525173,1.30699663,0.98029201,0.96822397,0.979454
2014-07-31,73.662532,,28.6602655,164.115798468,5.158269,7.638220103,126.494404,,,4.832236,4.1835476,0.95641,1.461980945,1.82638142,1059.57894,1.42213473,15.83441,8421.22854717,,,1.6906325,0.89900878,1.288407,1.270853,,0.9657987,8.235214,82.19582515,1.2999526,0.98110866,0.96012853,0.969257
2014-08-01,74.007111,,28.9013983,164.555458649,5.165869,7.650378418,126.924558,,,4.854592,4.2189957,0.962151,1.472417808,1.80248854,1059.4134811,1.42214897,15.852172,8420.83779491,,,1.70139342,0.90868224,1.2941744,1.259044,,0.973939,8.226704,80.72850945,1.30463815,0.97549549,0.95947858,0.967758
2014-08-04,74.473904,,29.0666323,165.861262685,5.194566,7.693773798,128.016521,,,4.884801,4.2433677,0.969042,1.477052463,1.80456223,1068.254625,1.42615063,15.930016,8458.56985809,,,1.71355516,0.9182098,1.303544,1.266795,,0.979624,8.311402,80.02116323,1.30634318,0.99005268,0.96835018,0.977374
2014-08-05,74.155609,,28.9774412,165.250487127,5.159189,7.642324112,127.995022,,,4.863558,4.2306053,0.967197,1.470331138,1.78704828,1062.6179917,1.42032569,15.879175,8509.2612102,,,1.70324108,0.9164729,1.2981984,1.257681,,0.9767773,8.258169,80.82355328,1.29925668,0.99549277,0.96174684,0.967659
2014-08-06,73.806835,,28.8843983,165.313124277,5.145739,7.623328921,127.684136,,,4.840344,4.2172802,0.959952,1.463650528,1.79539093,1057.9750873,1.40762887,15.880213,8461.38322598,,,1.70319056,0.90976111,1.2907916,1.26391,,0.9737569,8.206075,81.47317978,1.29202532,0.98541468,0.9557765,0.967609
2014-08-07,73.680679,,28.8245447,164.492623617,5.112004,7.574292633,127.02373,,,4.831707,4.2087985,0.957725,1.46049645,1.78612025,1054.3664708,1.40833568,15.804232,8439.18738549,,,1.70075422,0.90546361,1.2781725,1.250272,,0.9718958,8.181119,80.09783317,1.29237544,0.98110809,0.95185887,0.967559
2014-08-08,73.043116,,28.533597,163.81972618,5.098673,7.555458698,126.54757,,,4.789373,4.166586,0.95091,1.455737902,1.78357888,1055.4533566,1.3867239,15.826172,8432.51026122,,,1.68307736,0.90331072,1.2717475,1.250746,,0.9623111,8.189047,81.33005163,1.28164658,0.99713512,0.95029986,0.963062
2014-08-11,73.518683,,28.8632949,165.491109391,5.141728,7.620141733,127.518143,,,4.820082,4.2149599,0.957553,1.467211808,1.79307363,1061.9622138,1.3917133,15.893283,8491.62798264,,,1.70100851,0.91083443,1.2854666,1.256631,,0.9734547,8.247597,81.39598716,1.28693729,1.00391709,0.95696397,0.970096
2014-08-12,73.642246,,28.7984426,166.156956456,5.128809,7.601932465,127.886709,,,4.827836,4.2057484,0.958715,1.476028062,1.79360519,1064.4329513,1.39762636,15.884721,8372.58226083,,,1.69950677,0.9085588,1.2830778,1.261754,,0.9714086,8.234202,83.32453865,1.28372796,1.02389218,0.95384028,0.96908
2014-08-13,73.596124,,28.8486615,166.15704862,5.120125,7.589982977,127.97757,,,4.824329,4.2133321,0.954777,1.472165895,1.79389073,1067.522796,1.39073496,15.838329,8575.66380139,,,1.69298353,0.91400156,1.2871602,1.255053,,0.9731403,8.252654,82.94954897,1.28784768,1.02563646,0.95532809,0.969996
2014-08-14,73.646408,,28.8023557,165.729174716,5.105006,7.568395452,127.894587,,,4.827204,4.2068274,0.953362,1.471119776,1.79595549,1065.61072,1.39100664,15.89671,8563.61039999,,,1.70110264,0.91904275,1.2858359,1.258598,,0.9716946,8.216345,81.36683146,1.29001992,1.01959983,0.952196,0.96898
2014-08-15,74.524572,,29.1588303,167.780662028,5.164966,7.658161437,129.169389,,,4.884502,4.2591214,0.959776,1.484570629,1.81344854,1077.7754224,1.41145987,16.060478,8535.52619381,,,1.71677654,0.92549784,1.2972578,1.266108,,0.9837165,8.32275,82.700791,1.29748887,1.02188204,0.96348015,0.981623
2014-08-18,74.703519,,29.2202133,168.453721379,5.159836,7.651496452,130.0714,,,4.895807,4.2683475,0.964602,1.491080851,1.81047773,1079.2866926,1.40882677,16.148058,8492.92834618,,,1.73318506,0.92438369,1.3038315,1.268206,,0.9858713,8.318701,79.95317183,1.30477309,1.02072038,0.96441352,0.980768
2014-08-19,74.93539,,29.3542221,169.119062018,5.200478,7.712663222,130.923021,,,4.910526,4.2881755,0.968835,1.49041746,1.8217859,1085.5810846,1.42161176,16.245723,8509.26067824,,,1.75527123,0.93122052,1.313816,1.277318,,0.9903515,8.392036,80.13636921,1.30809061,1.03415845,0.97449951,0.989572
2014-08-20,75.154033,,29.5327364,169.392966925,5.218386,7.740146362,131.784445,,,4.924691,4.3145012,0.972959,1.488024429,1.81910046,1091.7484747,1.4268258,16.272192,8503.58751644,,,1.76261593,0.94126251,1.3152073,1.284289,,0.9964289,8.434308,79.81283826,1.30925175,1.03423926,0.98121892,0.988072
2014-08-21,75.281749,,29.5712045,169.666017476,5.229332,7.757313933,131.71439,,,4.932695,4.3203857,0.974665,1.496485438,1.81325344,1095.7448435,1.43352502,16.31197,8511.35217002,,,1.76508694,0.94560924,1.3240095,1.292707,,0.9978271,8.476177,80.4649332,1.30532066,1.03148196,0.9841354,0.995105
2014-08-22,75.157267,,29.3764121,168.086665161,5.214506,7.736269038,131.621222,,,4.924065,4.2922207,0.975299,1.497799072,1.79647753,1091.2096713,1.42862417,16.25535,8489.14680253,,,1.75403176,0.93531566,1.3195271,1.284148,,0.9915774,8.440513,81.52724982,1.29673355,1.02880515,0.9812922,0.992641
2014-08-25,76.091317,,29.7643777,169.690120143,5.278813,7.832566115,132.729694,,,4.985165,4.3491125,0.987209,1.505743749,1.79677918,1102.7601981,1.44449909,16.442579,8466.94288585,,,1.78515546,0.94674085,1.3316246,1.28705,,1.0046259,8.528191,80.9539922,1.30635223,1.03649046,0.99222003,1.00096
2014-08-26,76.530839,,29.9865118,170.106366043,5.308236,7.877160908,133.482253,,,5.01339,4.3818004,0.993663,1.508245265,1.81170271,1112.3443807,1.4468823,16.528297,8419.06388605,,,1.78921143,0.94961452,1.3338901,1.295504,,1.0121316,8.608169,81.7957051,1.31962858,1.03704622,1.00146084,1.011864
2014-08-27,77.79638,,30.5564178,171.342167552,5.406816,8.024343076,135.279392,,,5.095906,4.4652559,1.000546,1.524773653,1.8341642,1130.4324332,1.47623325,16.688728,8416.67072192,,,1.81569025,0.96551549,1.3501802,1.303909,,1.0312086,8.766926,82.01021997,1.33486129,1.04702711,1.01990958,1.030334
2014-08-28,77.87861,,30.5591083,171.584202131,5.420727,8.045968161,135.341009,,,5.101008,4.4659187,1.004784,1.534380904,1.82733232,1134.2662038,1.47733135,16.684493,8282.83401161,,,1.80386754,0.96458759,1.3432319,1.308799,,1.0313976,8.779492,82.62376772,1.32202451,1.04787944,1.02069574,1.032707
2014-08-29,79.177645,,30.9017479,173.35803034,5.485669,8.143294901,136.860233,,,5.185834,4.5162654,1.018122,1.550712371,1.8327068,1148.798332,1.51109355,16.86735,8399.5638009,,,1.84269792,0.97531945,1.3583054,1.327574,,1.0428831,8.86475,82.93537812,1.32741637,1.05792231,1.03208789,1.039425
2014-09-01,79.316774,,30.9346528,173.158201061,5.52722,8.205942572,136.823592,,,5.19447,4.5213471,1.018373,1.560679499,1.84529493,1156.3556186,1.51906946,16.890032,8360.14555468,,,1.84421395,0.97429197,1.3640916,1.332091,,1.0440863,8.918376,80.74944794,1.32933865,1.04878753,1.03644825,1.048399
2014-09-02,79.312616,,30.8373029,173.279131176,5.556381,8.250213928,137.61923,,,5.193871,4.507392,1.024946,1.568098435,1.86392005,1162.3668967,1.51504766,16.971055,8344.58578046,,,1.86393897,0.97556326,1.3674681,1.337398,,1.0409716,8.962437,80.53496792,1.33567899,0.0,1.04126465,1.053026
2014-09-03,79.248481,,30.7469861,174.546706541,5.579183,8.28505589,137.794437,,,5.189144,4.4944638,1.02688,1.566454897,1.85797462,1169.3907363,1.50662601,16.929652,8326.68492629,,,1.86383742,0.97751177,1.3661252,1.334457,,1.0381598,8.99789,79.58461249,1.32782165,0.0,1.04566026,1.054594
2014-09-04,78.77105,,30.6270642,173.143092803,5.529774,8.212715448,136.859849,,,5.157502,4.4772077,1.022251,1.561498779,1.83504616,1157.3557356,1.49363773,16.788575,8308.72652321,,,1.84399629,0.97624081,1.3597864,1.331474,,1.0341514,8.925407,80.91415575,1.3300102,0.0,1.03738739,1.048278
2014-09-05,78.907813,,30.6529903,174.616063381,5.527724,8.21065118,137.12864,,,5.166196,4.4812672,1.022141,1.564458093,1.84178414,1158.7643291,1.50357206,16.827376,8226.69089175,,,1.84492859,0.97608273,1.3549757,1.329231,,1.0348743,8.911698,81.38718525,1.33867862,0.0,1.03678274,1.048397
2014-09-08,77.637759,,30.1372214,171.579627747,5.422614,8.055582494,135.441553,,,5.082652,4.4061848,1.004901,1.541413067,1.83185223,1134.7815605,1.47473011,16.617796,8187.39528758,,,1.81093506,0.95607175,1.3301511,1.304169,,1.0179819,8.711994,81.64387609,1.31331802,0.0,1.01393691,1.025833
2014-09-09,76.691201,,29.9013004,170.222919034,5.352,7.951615517,133.851209,,,5.02019,4.3719462,1.005689,1.524255863,1.79805269,1118.8473578,1.46064443,16.467257,8106.81177469,,,1.79035088,0.94444411,1.3173714,1.289677,,1.0104565,8.585837,81.80375783,1.29439271,0.0,0.99897912,1.00703
2014-09-10,75.903444,,29.653704,168.86630261,5.282448,7.849275957,132.415275,,,4.96809,4.3360239,0.995696,1.508329287,1.76951088,1108.477886,1.44366747,16.371623,8030.25726576,,,1.79021296,0.94025672,1.3047959,1.284803,,1.0022446,8.495716,82.32774011,1.28215823,0.0,0.98903511,0.997819
2014-09-11,76.511737,,29.9805617,169.273595581,5.334554,7.927598645,132.918503,,,5.007635,4.3840566,1.001663,1.521724772,1.78685425,1115.0255149,1.44690205,16.447764,8025.98578261,,,1.80289433,0.94787136,1.3112891,1.288954,,1.0133011,8.561092,80.72495802,1.29022024,0.0,0.99530686,1.005662
2014-09-12,75.341006,,29.4408396,166.905968221,5.231448,7.775413225,131.142458,,,4.93043,4.305443,0.984268,1.497173519,1.76351292,1099.9642486,1.42153783,16.250977,7978.14223101,,,1.75923466,0.93499744,1.2829887,1.273814,,0.9951496,8.395894,79.74894466,1.27169988,0.0,0.97504844,0.988892
2014-09-15,75.317371,,29.4715693,166.989430545,5.248367,7.801468298,131.065406,,,4.928676,4.310194,0.987447,1.493534682,1.76955325,1101.3737937,1.41944593,16.281089,7872.84131656,,,1.783039,0.93982429,1.2869426,1.285436,,0.9964468,8.434669,79.97766314,1.27611807,0.0,0.98044587,0.9903
2014-09-16,75.666212,,29.7286014,167.202593592,5.26866,7.832562279,131.642427,,,4.951222,4.3480189,0.994875,1.492052019,1.75436768,1103.6052053,1.43205216,16.391304,7833.5666041,,,1.8118864,0.9467553,1.2878758,1.288134,,1.0052197,8.458947,80.59028262,1.29012166,0.0,0.98569432,0.996534
2014-09-17,76.095902,,29.6529278,167.386738243,5.265496,7.828810531,132.00475,,,4.978809,4.3372219,1.000488,1.493065604,1.76682529,1103.2028884,1.42093495,16.450203,7808.6029996,,,1.8077942,0.94766996,1.2892733,1.292639,,1.0028144,8.458506,81.07560343,1.28769316,0.0,0.98555898,0.99199
2014-09-18,75.373587,,29.237895,165.61033303,5.222424,7.765747451,131.056646,,,4.93119,4.2768284,0.999996,1.485449166,1.78005447,1101.0460493,1.399326,16.382695,7740.04024482,,,1.7920956,0.94745322,1.2869994,1.293795,,0.9892382,8.400514,80.01345407,1.28092553,0.0,0.97612378,0.984872
2014-09-19,74.842753,,29.2378293,164.997828134,5.207325,7.744233146,130.353896,,,4.896031,4.2770769,0.98966,1.477280729,1.7895256,1098.001142,1.38638462,16.276157,7767.31576793,,,1.7809145,0.94702679,1.2863925,1.280582,,0.9893078,8.390155,80.56196739,1.27881399,0.0,0.97415808,0.985315
2014-09-22,73.248547,,28.6488042,162.099216229,5.075871,7.549767189,127.940857,,,4.791317,4.1912508,0.967742,1.43774947,1.74928263,1071.355715,1.36648847,16.066747,7608.50703841,,,1.7511971,0.92954898,1.2626329,1.260237,,0.9696136,8.202763,80.34960805,1.25998107,0.0,0.95363536,0.962431
2014-09-23,73.085093,,28.6545871,161.856697011,5.071052,7.543491824,127.534829,,,4.780193,4.1923652,0.964375,1.434279347,1.74993271,1069.12159779,1.3719439,16.002371,7637.72650564,,,1.7477533,0.92606197,1.2710933,1.252896,,0.969839,8.191902,78.4108469,1.25286555,0.0,0.95181139,0.962552
2014-09-24,73.383583,,28.7936219,162.507298424,5.083927,7.563544651,127.830853,,,4.799237,4.2129537,0.966023,1.434998401,1.75560797,1073.1676012,1.39333138,16.060743,7602.74581228,,,1.7535721,0.92726712,1.280886,1.262488,,0.9746386,8.210493,79.58740499,1.25886882,0.0,0.9546923,0.964443
2014-09-25,72.700268,,28.4994614,162.07051307,5.038686,7.497189003,126.377254,,,4.754025,4.1702342,0.954816,1.422053464,1.73518629,1063.7694357,1.36617652,15.911935,7563.48260959,,,1.7405356,0.92122284,1.2671241,1.248032,,0.964885,8.129668,75.68306651,1.25133946,0.0,0.94442421,0.955556
2014-09-26,73.695026,,28.8770207,162.97837807,5.083548,7.564804562,128.537196,,,4.818882,4.2256803,0.967216,1.441213698,1.73469214,1074.810108,1.3866993,16.103951,7553.88756219,,,1.7629777,0.92376982,1.2773636,1.257775,,0.9776223,8.22501,78.42989121,1.25968161,0.0,0.95649679,0.961793
2014-09-29,72.495502,,28.3051815,159.757602355,4.939839,7.351984762,126.128524,,,4.739872,4.1422643,0.946644,1.415052056,1.70739644,1048.7904122,1.36531628,15.793401,7239.22216875,,,1.7188158,0.90573802,1.2493698,1.232178,,0.9585073,7.996861,78.39431493,1.23767254,0.0,0.93022415,0.941
2014-09-30,72.577741,,28.4485842,161.040232597,4.960685,7.383856599,126.027493,,,4.744759,4.1635181,0.944543,1.420602686,1.71603708,1052.151111,1.37738661,15.719473,7173.66627193,,,1.7153209,0.90561877,1.2489999,1.223561,,0.9634079,8.025536,77.92537626,1.24907432,0.0,0.93603643,0.941604
2014-10-01,71.062253,,27.8470047,158.226295537,4.834295,7.196710292,124.508172,,,4.645029,4.0757459,0.924243,1.392699763,1.65332033,1024.289219,1.35170263,15.479719,7034.01006117,,,1.6931783,0.88190037,1.2271991,1.19686,,0.943331,7.818728,75.97850593,1.23992182,0.0,0.91329496,0.915834
2014-10-02,70.766913,,27.9414918,158.765973775,4.826693,7.18625585,123.828824,,,4.625577,4.0897892,0.919047,1.388118621,1.62374684,1022.4989581,1.35601461,15.515678,7038.12451801,,,1.6958282,0.88497606,1.2169692,1.195519,,0.9465563,7.81285,71.21535322,1.24028515,0.0,0.91316952,0.917568
2014-10-03,71.781909,,28.4029779,160.278000444,4.898228,7.293586825,125.318039,,,4.691745,4.157575,0.927837,1.405945707,1.64183086,1037.2726988,1.37337564,15.686503,7097.48955466,,,1.7168571,0.89633852,1.2412478,1.214164,,0.9622248,7.929881,75.22531175,1.24561476,0.0,0.92697931,0.93217
2014-10-06,73.124382,,29.0549331,163.252181642,5.047252,7.516275009,127.201972,,,4.779612,4.2532417,0.950385,1.431360975,1.66750092,1062.3930188,1.41147453,15.982807,7233.88922257,,,1.7757668,0.90573642,1.2643155,1.248162,,0.9841751,8.135565,73.29000516,1.26305936,0.0,0.95065566,0.964148
2014-10-07,73.203811,,29.1597241,164.390474925,5.073478,7.556259255,126.964279,,,4.784485,4.2688346,0.953677,1.4298803,1.66981756,1065.7409733,1.42172019,15.961352,7137.71977246,,,1.7798147,0.9073713,1.2725678,1.248622,,0.987849,8.195163,73.37534809,1.26038734,0.0,0.95688553,0.964595
2014-10-08,72.990459,,29.0850625,164.920835559,5.067009,7.547563848,126.728801,,,4.770132,4.2581657,0.951639,1.432381674,1.67362374,1064.621658,1.40121373,15.956145,7138.01191781,,,1.7815942,0.90924789,1.2681624,1.247937,,0.9854857,8.169531,73.39169677,1.25246711,0.0,0.95311698,0.959147
2014-10-09,73.002037,,29.1022134,165.499845962,5.068546,7.550778359,126.684202,,,4.770607,4.2609328,0.950069,1.433792719,1.66455109,1064.3388498,1.40869472,15.938983,7224.00807487,,,1.7927188,0.90543802,1.261335,1.249149,,0.9861935,8.159847,74.53645301,1.25303029,0.0,0.95204561,0.956056
2014-10-10,71.93564,,28.5831085,163.48942331,4.956967,7.385575061,124.334675,,,4.700613,4.1852174,0.939689,1.419185246,1.64800802,1045.6187577,1.38134684,15.673397,7120.21097628,,,1.7503843,0.89251401,1.2330888,1.2234,,0.9688429,7.989979,74.45010236,1.23810466,0.0,0.93121597,0.956021
2014-10-13,72.946811,,29.0091146,165.742203189,5.066645,7.549783528,126.301346,,,4.766215,4.2478189,0.963996,1.431900939,1.68461269,1069.1271269,1.39519374,15.944986,7123.81513389,,,1.7888934,0.90168321,1.2531737,1.268205,,0.9832702,8.164451,71.05079803,1.25548186,0.0,0.94918069,0.960809
2014-10-14,72.865221,,28.9353415,165.783080378,5.051425,7.528063571,125.891722,,,4.760492,4.2372779,0.965262,1.424406761,1.66742603,1066.0599426,1.38465377,15.930161,7123.20850068,,,1.7970262,0.90131696,1.2448182,1.265201,,0.980979,8.137233,73.10982399,1.27415799,0.0,0.94913997,0.953538
2014-10-15,71.469849,,28.4507896,162.633026183,4.928349,7.345666403,123.69789,,,4.668635,4.166618,0.944166,1.396073642,1.64144381,1044.4199832,1.35341958,15.68285,7096.92141636,,,1.7502973,0.88794639,1.2255978,1.240792,,0.964823,7.960316,73.0028603,1.23036799,0.0,0.92848652,0.933085
2014-10-16,70.453949,,28.0611701,160.722980242,4.836448,7.209645218,122.853695,,,4.601793,4.1098472,0.925769,1.37197014,1.619545,1027.6832074,1.33888861,15.506606,7027.84521891,,,1.7118982,0.8806562,1.2127845,1.215768,,0.9517443,7.825137,73.23104216,1.22208854,0.0,0.91481108,0.918098
2014-10-17,71.289449,,28.370029,162.670772119,4.902848,7.309442308,124.407525,,,4.656178,4.1552984,0.938382,1.390736254,1.64880601,1039.0999806,1.36008577,15.672241,6950.21217572,,,1.7475759,0.88563736,1.2274542,1.233324,,0.9621642,7.903107,73.84438364,1.22971187,0.0,0.9250207,0.928669
2014-10-20,70.003411,,27.9657536,161.048690403,4.818045,7.183989255,122.576513,,,4.571625,4.0963815,0.922805,1.36029996,1.63929392,1023.196868,1.33990942,15.502961,6974.4025937,,,1.7092427,0.87818009,1.2144255,1.220628,,0.9486305,7.766403,74.88072523,1.22068505,0.0,0.90938804,0.91352
2014-10-21,68.461084,,27.350291,157.344174333,4.696029,7.003021634,120.873571,,,4.470225,4.0065528,0.901222,1.331394979,1.61640012,1000.5259725,1.31800867,15.317696,6965.32118239,,,1.660857,0.86504849,1.1917272,1.18262,,0.9279837,7.557443,74.71427238,1.19444473,0.0,0.8841204,0.883419
2014-10-22,67.715539,,27.0803248,157.503384339,4.646103,6.929451168,120.159583,,,4.421054,3.9672843,0.894982,1.320649703,1.60025601,993.5869073,1.30769225,15.215884,6960.18617544,,,1.6545362,0.85842056,1.1783077,1.178797,,0.9190022,7.487169,75.87321063,1.19903463,0.0,0.875236,0.883381
2014-10-23,66.70572,,26.4978528,153.396439379,4.515825,6.736100365,118.408326,,,4.354422,3.8822773,0.876236,1.296180741,1.58973415,972.9604845,1.2699759,15.110151,6933.47893572,,,1.6165477,0.85166539,1.1533489,1.14505,,0.8995199,7.311696,75.65120961,1.1859278,0.0,0.85511081,0.860033
2014-10-24,68.119105,,27.0210865,155.531578501,4.60418,6.86862994,119.78888,,,4.446419,3.9590885,0.890633,1.31722142,1.57853376,990.63737,1.29167525,15.293528,7045.62546218,,,1.6387814,0.86647364,1.1677706,1.174584,,0.9172593,7.475405,75.90896392,1.18793992,0.0,0.87446993,0.879287
2014-10-27,68.115402,,27.1348057,154.544375507,4.567926,6.815437489,119.814196,,,4.445658,3.9759706,0.885874,1.296210423,1.5694282,981.5765661,1.30671791,15.192837,6916.80372824,,,1.6494962,0.85594329,1.1752497,1.149542,,0.9212365,7.371672,75.40468312,1.21754615,0.0,0.86968015,0.862368
2014-10-28,70.356924,,27.9123526,159.385226581,4.752641,7.09171204,122.961721,,,4.591811,4.0900063,0.907741,1.337470856,1.62768768,1014.0237737,1.35715655,15.530436,6939.52229659,,,1.7057523,0.88221712,1.2143532,1.188284,,0.947439,7.634707,74.2938345,1.23378067,0.0,0.90109608,0.894164
2014-10-29,69.797331,,27.6418629,159.167136884,4.717018,7.039492393,121.876572,,,4.554787,4.0506664,0.899968,1.329262313,1.61303774,1008.0056785,1.34068823,15.418639,6887.12609431,,,1.690374,0.86919255,1.2122539,1.168394,,0.9385047,7.575243,73.8780329,1.22999066,0.0,0.89481125,0.892678
2014-10-30,70.482908,,27.6820869,160.850664453,4.773458,7.124533338,123.020883,,,4.59941,4.0568066,0.904434,1.353967599,1.59866549,1019.9010442,1.35812124,15.533265,6859.96088134,,,1.7375331,0.87927364,1.2271045,1.193911,,0.9399288,7.677294,74.95865738,1.24105747,0.0,0.90682529,0.907269
2014-10-31,72.600754,,28.7930325,163.023332079,4.915007,7.336567309,126.979281,,,4.737243,4.2198699,0.934595,1.392358194,1.59560078,1046.144259,1.38662584,15.859171,7009.3206603,,,1.7942703,0.91237406,1.2617328,1.220505,,0.9774165,7.905858,77.28409682,1.2655477,,0.93757184,0.92572
2014-11-03,71.882729,,28.6287165,163.634904893,4.877591,7.281676005,126.151858,,,4.690073,4.1960429,0.923365,1.375684972,1.56943929,1033.9321308,1.37394646,15.786674,7153.22736578,,,1.7764441,0.89529345,1.2526432,1.211607,,0.9720989,7.818074,72.11033503,1.25555127,,0.92655667,0.91523
2014-11-04,71.930853,,28.6952438,162.755087882,4.871597,7.273622223,126.355771,,,4.692878,4.2060468,0.926209,1.375628486,1.56433217,1034.834008,1.37449166,15.79374,7475.86265445,,,1.7991957,0.89684481,1.2539988,1.211104,,0.974232,7.823777,72.64535169,1.26621222,,0.92686378,0.916797
2014-11-05,71.4628,,28.5475656,162.572353436,4.86068,7.258225995,125.972976,,,4.661848,4.1846576,0.920589,1.370769551,1.56294857,1027.8224781,1.37785619,15.74847,7328.89860272,,,1.7794528,0.89586884,1.2606432,1.203644,,0.9694285,7.781835,71.40162973,1.26093322,,0.92272538,0.916754
2014-11-06,70.170396,,28.1521645,160.899625009,4.764695,7.11586944,124.226347,,,4.577031,4.1269614,0.900431,1.345204878,1.5237072,1011.2571615,1.36048357,15.614467,7315.45048659,,,1.7518009,0.88020624,1.2399981,1.191821,,0.9561544,7.63404,70.97560208,1.24235252,,0.90571135,0.899029
2014-11-07,70.243566,,28.2537264,161.226013616,4.752035,7.097831931,124.783986,,,4.581455,4.1420957,0.904962,1.345744126,1.53798872,1011.3203421,1.35105952,15.640117,7280.03469446,,,1.758052,0.88162699,1.2392442,1.188163,,0.9597438,7.635618,72.35637501,1.24658459,,0.90543069,0.896093
2014-11-10,69.896663,,28.2248124,160.216060581,4.721872,7.053678708,124.085762,,,4.558609,4.1381084,0.896453,1.342678917,1.54953137,1003.2015801,1.34353812,15.596991,7131.9725225,,,1.7417074,0.87098568,1.2329165,1.183776,,0.9588601,7.5878,74.01480015,1.24680999,,0.90190719,0.89171
2014-11-11,69.532796,,28.2077779,160.2970976,4.724953,7.059140436,124.332298,,,4.534417,4.1358619,0.899274,1.343837275,1.56573572,999.9393277,1.33138577,15.555205,7296.85720781,,,1.7369728,0.87898088,1.2343723,1.177383,,0.9583948,7.573159,71.5474223,1.24480176,,0.89943886,0.887648
2014-11-12,70.145988,,28.374767,160.163740884,4.762503,7.116077334,124.874319,,,4.57414,4.1605853,0.905221,1.357685841,1.55873589,1005.5888563,1.327875,15.66011,7503.5091504,,,1.7610589,0.88442954,1.2353159,1.177902,,0.9641115,7.625327,72.25748337,1.24790291,,0.90441392,0.894841
2014-11-13,69.122129,,28.0355161,158.762514362,4.715066,7.046123984,124.512595,,,4.50675,4.1111169,0.895057,1.328772631,1.56555722,996.1417369,1.32795541,15.499387,7549.2249399,,,1.7336634,0.87820704,1.248136,1.165809,,0.9527931,7.53658,70.69302288,1.2422905,,0.89624724,0.884188
2014-11-14,68.918084,,27.9328718,159.112423727,4.691419,7.011664725,123.573703,,,4.492958,4.096322,0.894433,1.319317538,1.56289787,990.2482877,1.33848148,15.493826,7041.36210358,,,1.7328571,0.86846708,1.2403615,1.158434,,0.949523,7.503065,69.37405509,1.24186956,,0.89356112,0.87868
2014-11-17,68.353935,,27.787849,158.174587601,4.63311,6.925431363,122.824436,,,4.455999,4.0753149,0.884114,1.311370731,1.55319773,978.0491532,1.3258019,15.393864,6863.66683765,,,1.7253859,0.85777999,1.225703,1.146499,,0.9446857,7.410702,67.52714097,1.23322145,,0.88429998,0.872046
2014-11-18,68.970385,,28.1139252,159.855392377,4.676791,6.991526414,123.52557,,,4.495899,4.1233509,0.886971,1.319007487,1.55575834,984.0147396,1.34656903,15.520002,6777.25420059,,,1.760837,0.86064856,1.2403818,1.15499,,0.9557295,7.477494,68.26601514,1.24084105,,0.89312399,0.875058
2014-11-19,69.639526,,28.3509472,162.1922789,4.754511,7.108509057,124.597074,,,4.539479,4.1583379,0.896407,1.340183313,1.58309872,998.0394432,1.36734877,15.634287,6660.67394175,,,1.7946787,0.86625257,1.2630209,1.16623,,0.9637073,7.589064,67.89750981,1.26035604,,0.9059008,0.888198
2014-11-20,69.635086,,28.3477513,162.183687115,4.753944,7.10855104,124.583808,,,4.538822,4.1581206,0.896232,1.340103943,1.58298035,998.0338338,1.36722935,15.635135,6660.06904952,,,1.7947541,0.8661707,1.2628273,1.166848,,0.9637037,7.588874,67.88870852,1.26027724,,0.90583738,0.888149
2014-11-21,71.487108,,29.0365542,165.62370283,4.918153,7.35481101,126.811399,,,4.659908,4.2593225,0.920968,1.381658428,1.60772815,1028.3061949,1.41785191,15.968285,6809.49561423,,,1.8491142,0.88055334,1.297589,1.213604,,0.9868632,7.8456,67.93664973,1.29686634,,0.93422322,0.900647
2014-11-24,71.356411,,29.0198609,165.421365316,4.891252,7.315541612,126.877851,,,4.650751,4.2571329,0.921065,1.375093771,1.60096523,1026.6888278,1.40481689,15.952566,6576.41493962,,,1.8234282,0.88628633,1.2949997,1.195142,,0.9861592,7.842711,67.23520158,1.28586644,,0.93311304,0.921021
2014-11-25,70.918552,,28.9398551,164.620896135,4.858394,7.267323146,126.472881,,,4.621664,4.2456644,0.91269,1.369961286,1.58752056,1020.5153854,1.4122809,15.926403,6496.76492807,,,1.828547,0.88339843,1.2932209,1.200534,,0.9835669,7.794288,66.47065376,1.28235879,,0.92693634,0.909736
2014-11-26,71.248833,,28.984714,163.803350544,4.861671,7.273109388,126.673499,,,4.643039,4.2524949,0.910762,1.373411317,1.56690966,1019.3280022,1.41956633,15.945619,6345.16315967,,,1.8204459,0.87581752,1.3004242,1.198825,,0.9850518,7.772103,65.24344681,1.27489805,,0.92509535,0.909061
2014-11-27,71.448606,,29.1221659,165.214525643,4.903066,7.335892616,127.454836,,,4.65557,4.2729203,0.918423,1.377929073,1.56654819,1025.5543258,1.43481509,15.940866,6369.26783461,,,1.8264822,0.88182877,1.3182961,1.205388,,0.9902793,7.818634,66.82431844,1.28658246,,0.93103104,0.915624
2014-11-28,71.709464,,29.2794324,165.170889158,4.923719,7.367682789,127.917156,,,4.672118,4.2962543,0.916505,1.376472672,1.5737701,1028.290781,1.43316206,15.954513,6421.29925417,,,1.8367745,0.89057685,1.3219183,1.210853,,0.9956331,7.866544,67.5473582,1.28917552,,0.93679136,0.918957
2014-12-01,69.779126,,28.4036419,161.126267817,4.781351,7.155688898,125.553718,,,4.545795,4.1680099,0.888742,1.346468669,1.53655934,1000.2726113,1.38442686,15.640305,6428.90209376,,,1.7648895,0.85524522,1.2885724,1.180844,,0.9662521,7.607143,65.4703827,1.25387969,,0.90624091,0.890305
2014-12-02,69.728801,,28.351482,161.253170377,4.742442,7.0983531,125.26717,,,4.542273,4.1606086,0.881224,1.341187992,1.52325729,992.5572173,1.38487491,15.626174,6401.89081203,,,1.74922,0.8480886,1.2809874,1.169847,,0.9644878,7.559667,65.75337817,1.25566739,,0.90468275,0.883517
2014-12-03,70.168112,,28.7030691,160.563135692,4.78503,7.162921395,125.619949,,,4.570544,4.2124485,0.885484,1.353361634,1.52616622,997.5995739,1.39533871,15.73048,6326.89263839,,,1.76448,0.84731056,1.285169,1.179519,,0.9763587,7.60433,65.55690959,1.25464174,,0.90686697,0.889263
2014-12-04,69.664053,,28.4095692,159.90585169,4.74075,7.097571188,124.435708,,,4.537229,4.1696382,0.875764,1.33866063,1.51636779,987.767393,1.387828,15.646142,6253.88817175,,,1.745139,0.84059046,1.2775491,1.178459,,0.9666857,7.513402,66.09244716,1.23607092,,0.89833342,0.882152
2014-12-05,69.731507,,28.5724919,160.533941799,4.74732,7.108267079,124.378952,,,4.541245,4.1937958,0.875769,1.340004114,1.51179384,988.6809972,1.38952634,15.707214,6200.9979677,,,1.7687523,0.84360057,1.2774192,1.171491,,0.9721613,7.522735,65.27509703,1.24929316,,0.90066026,0.877934
2014-12-08,68.805779,,28.1104687,158.656653978,4.672305,6.996898968,123.321579,,,4.480527,4.1262571,0.860133,1.32080537,1.5088071,973.3078986,1.37689608,15.520152,6150.32861959,,,1.7260696,0.82656688,1.2619292,1.153218,,0.9567191,7.377237,64.57180242,1.2316104,,0.88506577,0.866002
2014-12-09,68.20978,,27.9405482,157.6895693,4.643828,6.955131607,122.125596,,,4.441422,4.101574,0.849866,1.306933942,1.49030895,964.8588818,1.36653278,15.495545,6155.67795995,,,1.7215729,0.81821279,1.2465422,1.147178,,0.9510589,7.304268,64.04599091,1.22866102,,0.8778877,0.865962
2014-12-10,67.728115,,27.8583003,157.567119655,4.623001,6.924767659,121.079727,,,4.409602,4.0897537,0.842384,1.293206758,1.45573138,959.9091849,1.36084392,15.358981,6058.80670332,,,1.7021883,0.81594536,1.242991,1.138566,,0.9483637,7.258132,60.67627165,1.22917174,,0.87616909,0.865922
2014-12-11,67.910081,,27.9521454,157.770169279,4.623771,6.926770678,121.284948,,,4.420965,4.1037709,0.8401,1.290593523,1.43964222,957.9015206,1.36930157,15.409483,6082.19965784,,,1.7183392,0.81171236,1.2439769,1.132063,,0.9517147,7.240689,61.00512777,1.23759914,,0.87753326,0.841615
2014-12-12,66.563263,,27.2643558,155.357528248,4.520492,6.772978929,119.558077,,,4.332892,4.0030991,0.824467,1.269710542,1.44970502,941.1233214,1.32576358,15.138546,6010.32561621,,,1.6627793,0.78828591,1.2190104,1.120393,,0.928409,7.084883,63.09282388,1.22496871,,0.85988139,0.8337
2014-12-15,65.720719,,26.9162261,154.2154962,4.452753,6.672369114,118.120617,,,4.277625,3.9522599,0.8152,1.253471071,1.42298491,929.1069477,1.30472972,15.009842,5952.49805428,,,1.6331053,0.77457744,1.2003066,1.11165,,0.9166462,6.967706,63.35692224,1.19396996,,0.84926033,0.817589
2014-12-16,65.097053,,26.503622,150.818878757,4.365446,6.542441571,116.437932,,,4.236592,3.8919573,0.808835,1.23376638,1.40378383,913.0281539,1.28766074,14.943211,5861.72862627,,,1.6164542,0.77442025,1.1825627,1.097699,,0.9026418,6.843918,63.25312377,1.17068332,,0.83519604,0.801479
2014-12-17,66.583611,,27.1859481,153.168257648,4.46531,6.692796241,117.945526,,,4.332972,3.9923108,0.829165,1.260769736,1.45219325,934.0794362,1.30712654,15.23729,5914.24708371,,,1.6690658,0.79691295,1.202905,1.124629,,0.925733,7.012243,65.43027381,1.19778128,,0.85642765,0.820724
2014-12-18,66.647118,,27.2909262,152.245985571,4.483963,6.721579361,118.386117,,,4.336563,4.0079556,0.831796,1.258573578,1.45929503,933.9465083,1.3131926,15.297946,5900.2592652,,,1.6621718,0.7947594,1.2163602,1.120792,,0.929475,7.01696,66.09530987,1.20102655,,0.8560743,0.821809
2014-12-19,67.36968,,27.6804021,153.739550841,4.535962,6.800308242,120.161734,,,4.38318,4.0653456,0.84402,1.272602589,1.4643754,944.4178141,1.33957135,15.458479,5915.49502455,,,1.6930817,0.80347556,1.245567,1.134861,,0.9427344,7.105837,65.3813055,1.20883774,,0.86680779,0.829966
2014-12-22,67.480543,,27.8014786,155.219204153,4.564499,6.843911001,120.172132,,,4.390142,4.0833565,0.842493,1.282723002,1.48100915,949.1819397,1.33923937,15.482002,5903.77192487,,,1.7123679,0.80996432,1.2403376,1.142133,,0.9383405,7.166394,66.09034102,1.22860734,,0.87372412,0.833462
2014-12-23,68.133051,,28.0310575,156.200378066,4.576696,6.863034362,120.733205,,,4.432397,4.1172887,0.845476,1.292224959,1.49950755,950.0530825,1.34159089,15.624148,5947.10775263,,,1.7244886,0.81663697,1.2455535,1.154623,,0.9456392,7.211953,68.34466629,1.25923331,,0.87939641,0.842576
2014-12-24,68.128705,,28.0277491,156.191329801,4.576155,6.863072678,120.71796,,,4.431754,4.117052,0.845314,1.292128357,1.49938548,950.0540388,1.34147744,15.62468,5946.48487032,,,1.7245378,0.81655975,1.2452515,1.15318,,0.9455,7.211799,68.33532549,1.25914452,,0.87931693,0.841605
2014-12-26,68.378507,,28.0425407,155.284547947,4.583004,6.874184032,120.783161,,,4.447755,4.119471,0.845953,1.293227091,1.50614988,951.1651469,1.34754197,15.620819,6013.48369723,,,1.7220001,0.81155067,1.2455711,1.160605,,0.9457329,7.213115,68.67169456,1.2572422,,0.87729253,0.838448
2014-12-29,69.108089,,28.344786,156.238033767,4.646387,6.970038325,122.472185,,,4.494809,4.1640673,0.855894,1.307327623,1.50552111,962.0780381,1.35836684,15.740496,6004.67339448,,,1.7313359,0.81881745,1.2615315,1.17922,,0.9557043,7.301192,69.04060453,1.26508523,,0.88753851,0.0
2014-12-30,68.80536,,28.0671405,156.506706509,4.654271,6.982726973,122.091748,,,4.474796,4.1235277,0.858498,1.310542741,1.51769309,963.2998732,1.3518906,15.686695,6083.62590358,,,1.7169112,0.81960018,1.2486964,1.179181,,0.9465122,7.292759,70.56516776,1.23912591,,0.88162478,0.0
2014-12-31,68.80078,,28.0638901,156.497789853,4.653741,6.982792209,122.078251,,,4.474129,4.1232998,0.858327,1.310438867,1.51757016,963.300764,1.35177634,15.687128,6082.77277727,,,1.7169749,0.81952276,1.2486238,1.178641,,0.9463113,7.292606,70.55564324,1.23901377,,0.88154632,0.838448
2015-01-02,67.288963,,27.3414509,154.025160068,4.553967,6.834039328,118.880012,,,4.375251,4.0174022,0.841433,1.28447584,1.44048075,945.8417407,1.30565239,15.441702,6020.39183926,,,1.6625716,0.78915255,1.2291878,1.152641,,0.9210201,7.122705,70.26762621,1.19727906,,0.86017599,0.0
2015-01-05,65.279179,,26.7453988,152.018756498,4.425867,6.642764811,115.087502,,,4.243697,3.9300743,0.81232,1.252657773,1.39912474,920.4998135,1.26795588,15.157514,5629.20569248,,,1.6196306,0.76830872,1.1886568,1.11123,,0.902302,6.928221,66.47955076,1.15179246,,0.83729578,0.0
2015-01-06,64.147677,,26.3409281,151.691407511,4.368344,6.557290119,112.536144,,,4.169496,3.8708881,0.804475,1.24256687,1.37359532,911.3703388,1.25191388,15.021086,5651.10996795,,,1.6291368,0.77192928,1.1737104,1.102289,,0.8879622,6.896178,67.32757182,1.14392322,,0.82974542,0.0
2015-01-07,64.421858,,26.5525603,153.464799712,4.415619,6.629002876,112.373677,,,4.187066,3.9022183,0.815207,1.26036658,1.38658538,926.7801679,1.25829345,15.151538,5591.88077574,,,1.6568529,0.78576965,1.1800524,1.124931,,0.8948394,7.011566,66.93363851,1.14456661,,0.83983495,0.0
2015-01-08,64.766779,,26.5615254,153.688300935,4.436395,6.660998531,112.600097,,,4.209158,3.903772,0.818668,1.265384928,1.38007764,930.3178815,1.25845803,15.259426,5487.31484307,,,1.6604521,0.78669371,1.1834392,1.124389,,0.8955196,7.034144,66.28276959,1.14841173,,0.84327537,0.0
2015-01-09,63.367577,,26.1141863,151.163990085,4.345004,6.524707937,110.860027,,,4.117779,3.8382821,0.802874,1.239745551,1.37589106,909.4137956,1.23551669,15.013494,5254.10108056,,,1.6218728,0.76864369,1.1537376,1.098553,,0.879961,6.887197,65.20538589,1.14079631,,0.82552209,0.0
2015-01-12,62.371931,,25.9380437,150.306307797,4.308497,6.470720309,110.379527,,,4.052542,3.8126336,0.789708,1.227981451,1.35374512,901.413489,1.20526437,14.866596,5006.09405662,,,1.5899043,0.75123152,1.1416722,1.083118,,0.8700385,6.808376,61.74851696,1.10361058,,0.81383571,
2015-01-13,62.632835,,25.8173624,150.455395198,4.304348,6.465288024,110.075272,,,4.069252,3.7951337,0.789413,1.223260301,1.35470197,898.4844314,1.21173672,14.875597,5066.60644442,,,1.584971,0.74867499,1.1387545,1.086008,,0.8679434,6.779843,61.69413718,1.10860592,,0.81154163,
2015-01-14,62.722883,,25.9042924,150.191161888,4.274874,6.421850157,109.123159,,,4.075018,3.8081358,0.782593,1.213088413,1.34650412,893.3866104,1.21753577,14.834152,5105.35001431,,,1.5732324,0.74392903,1.1411767,1.080499,,0.8720136,6.727984,60.09802166,1.10450859,,0.80657088,
2015-01-15,62.625541,,25.811218,149.482325502,4.279804,6.43003968,109.410628,,,4.068419,3.7946917,0.783575,1.21418096,1.36084009,894.8400048,1.20432084,14.798256,5149.50506771,,,1.5791426,0.7428649,1.1444841,1.082362,,0.8673862,6.731917,60.2947907,1.09596961,,0.80755965,
2015-01-16,63.595736,,26.3805654,152.104835326,4.358456,6.54891058,110.898171,,,4.130995,3.8785723,0.796223,1.234667444,1.36601326,913.3972033,1.24264062,14.983779,5211.55086796,,,1.6071755,0.74894642,1.1671113,1.092282,,0.8873847,6.876097,58.24180959,1.12014801,,0.82786276,
2015-01-19,62.204565,,25.8784178,150.536535617,4.254574,6.393767654,109.475942,,,4.040081,3.8050298,0.774526,1.201711009,1.35862955,890.4837348,1.22789179,14.806592,5259.1302749,,,1.5684973,0.73496859,1.1331039,1.076567,,0.8704394,6.685496,58.80337749,1.10538908,,0.80483498,
2015-01-20,62.64744,,25.911908,150.109441344,4.262122,6.405873824,109.315621,,,4.068701,3.8101808,0.775889,1.203221224,1.36751359,894.2385922,1.23545318,14.859153,5167.28826096,,,1.5631108,0.72705726,1.1386682,1.083943,,0.8719469,6.704669,58.01308867,1.1026897,,0.80675769,
2015-01-21,63.625695,,26.361239,151.25635825,4.329619,6.508032355,110.887931,,,4.131977,3.8764288,0.786747,1.222504522,1.35929687,910.652703,1.26750552,15.006328,5184.70135186,,,1.602965,0.74489818,1.1635128,1.083028,,0.8887276,6.835289,58.07285438,1.118238,,0.82673444,
2015-01-22,63.334129,,26.1583507,150.021731877,4.319476,6.493615512,110.677183,,,4.112786,3.8468538,0.775321,1.223668695,1.3675838,910.4480967,1.24882662,15.013342,5255.15229118,,,1.5965067,0.73563271,1.1542375,1.092222,,0.8803775,6.843816,58.40476222,1.10273131,,0.81983339,
2015-01-23,63.077136,,25.9276516,149.210939065,4.284158,6.441365038,110.187016,,,4.095728,3.8131909,0.770202,1.210920074,1.36277936,900.8604443,1.25476121,14.970975,5144.03497136,,,1.5914082,0.73150924,1.1536377,1.08152,,0.8722066,6.776826,58.07536145,1.09930852,,0.81222839,
2015-01-26,62.564121,,25.7508986,148.070370412,4.231635,6.363247011,109.083705,,,4.062082,3.7874521,0.763478,1.186841341,1.34244573,886.8858822,1.24001176,14.895387,5142.10302063,,,1.58688,0.72553293,1.1370062,1.074015,,0.8682097,6.639981,58.2810273,1.09934557,,0.80241086,
2015-01-27,62.392725,,25.7196194,148.368284139,4.221708,6.349109862,108.482271,,,4.050631,3.7830858,0.758301,1.181372746,1.33142313,883.8706013,1.24645175,14.854789,5262.3564474,,,1.5884654,0.71910841,1.1343067,1.083815,,0.8662897,6.602249,58.73896053,1.09378308,,0.79895854,
2015-01-28,61.646553,,25.5065793,147.782840783,4.181345,6.289240236,108.656301,,,4.001579,3.7520144,0.752475,1.170018252,1.3119816,876.436862,1.22270929,14.731646,5241.83499,,,1.5616609,0.71852361,1.12992,1.072932,,0.8586866,6.541631,58.67909703,1.0951386,,0.79387157,
2015-01-29,61.898022,,25.5798193,148.217710848,4.205465,6.326262141,109.224876,,,4.017565,3.7630167,0.760396,1.171325457,1.30670199,877.7618052,1.22462721,14.742832,5047.52893268,,,1.5697502,0.72595466,1.1411311,1.079583,,0.8635596,6.551606,56.91922795,1.08870598,,0.7951913,
2015-01-30,60.669648,,25.0636108,146.177051065,4.133565,6.219021368,108.003422,,,3.936882,3.6873043,0.75018,1.148764536,1.29602627,863.239532,1.19121273,14.586807,5076.13842983,,,1.5452517,0.7148308,1.116765,1.051379,,0.8446524,6.415013,58.36705748,1.08804439,,0.78203025,
2015-02-02,61.090678,,25.2727914,147.198953903,4.160581,6.260369799,108.48351,,,3.963896,3.7183013,0.761298,1.160290756,1.30567888,868.740506,1.19835745,14.645368,5116.38417133,,,1.5556687,0.72458862,1.1393876,1.058276,,0.8545341,6.478504,59.82537681,1.08786665,,0.79096893,
2015-02-03,61.26229,,25.4726309,148.742395359,4.180733,6.291428382,110.353848,,,3.974473,3.7479259,0.767155,1.17412658,1.29765769,874.5713311,1.20032206,14.785239,5115.23469232,,,1.5735278,0.72584753,1.1496401,1.071276,,0.8567966,6.536601,60.14849938,1.09037141,,0.7974891,
2015-02-04,61.45819,,25.3155308,148.926256042,4.169768,6.275698358,110.390584,,,3.986741,3.7250417,0.76891,1.171693423,1.26658105,871.3869451,1.19463877,14.833014,5084.47305941,,,1.5940784,0.73174687,1.1392244,1.068339,,0.8545915,6.526149,59.74114813,1.10363829,,0.79522662,
2015-02-05,62.417545,,25.5268373,149.64477744,4.232153,6.370281909,111.134726,,,4.049156,3.756354,0.786467,1.189119287,1.27457638,885.0042123,1.19800711,14.935654,5106.05182084,,,1.5951906,0.74674549,1.1478296,1.066839,,0.8614759,6.525561,59.19041917,1.10465945,,0.80542595,
2015-02-06,61.304246,,25.0752841,147.327218896,4.166766,6.272714961,109.995483,,,3.976143,3.690152,0.783726,1.168373092,1.25922953,872.3303366,1.16408792,14.833961,5010.62412298,,,1.5733905,0.74044438,1.1311792,1.060829,,0.844458,6.529283,59.19594654,1.09267459,,0.79302181,
2015-02-09,62.163629,,25.0464961,147.364884096,4.177773,6.290022803,110.062618,,,4.031759,3.6861418,0.787109,1.182920277,1.24949624,879.336178,1.15550043,14.914943,4983.56114395,,,1.585027,0.74594196,1.1382194,1.056095,,0.8417289,0.0,58.92502884,1.0977919,,0.80269147,
2015-02-10,61.612685,,24.8395998,146.1381213,4.132393,6.222512148,110.218415,,,3.995785,3.655928,0.777634,1.161853657,1.20995884,867.698135,1.14595929,14.879692,4947.39915042,,,1.5676621,0.72925639,1.1124223,1.067023,,0.832748,0.0,58.77640906,1.08723352,,0.791058,
2015-02-11,61.342266,,24.5367079,145.170292182,4.080894,6.14576909,108.672283,,,3.97812,3.6115908,0.780264,1.149748993,1.18950035,858.2282477,1.14753455,14.838123,4843.93075766,,,1.5645027,0.74241382,1.1149844,1.04676,,0.8229282,0.0,58.12351718,1.07600123,,0.78785024,
2015-02-12,62.51109,,24.8238389,147.049497096,4.150027,6.250544828,108.541044,,,4.053838,3.6540512,0.796373,1.165921176,1.20771676,868.5577357,1.16455738,15.040568,4811.36552259,,,1.5955998,0.74831892,1.1269156,1.059893,,0.8372072,0.0,57.98190541,1.09036564,,0.80128483,
2015-02-13,63.174484,,25.1737004,148.775832195,4.193692,6.317032657,109.590612,,,4.096234,3.7057444,0.80362,1.188572555,1.22303818,881.88077,1.18026447,15.137962,4738.5080233,,,1.6180768,0.75114607,1.1414746,1.068477,,0.8491541,0.0,57.81030572,1.10352941,,0.81359056,
2015-02-18,63.761971,,25.5423014,150.56510487,4.246046,6.396616092,110.417569,,,4.133857,3.7601976,0.813641,1.207190497,1.23274244,894.76685,1.21076998,15.226647,4754.85234874,,,1.628381,0.76193904,1.1528497,1.083114,,0.8629763,,57.83040031,1.11186162,,0.82606069,
2015-02-19,64.166364,,25.5600233,151.732690562,4.265226,6.426276178,110.416381,,,4.1596,3.7630328,0.815332,1.20767619,1.23332866,893.4722531,1.21347501,15.274291,4702.96431784,,,1.6437994,0.76308768,1.1582462,1.093927,,0.8640144,,56.73772442,1.11429619,,0.82841533,
2015-02-20,64.226641,,25.5617319,151.133279244,4.259042,6.417749388,110.815893,,,4.163124,3.7635123,0.816634,1.20474743,1.2393306,894.209769,1.20734618,15.287483,4637.83752309,,,1.6466608,0.77071562,1.156454,1.092852,,0.8613679,,56.82644353,1.1152934,,0.82730913,
2015-02-23,64.620931,,25.6073979,151.656115384,4.273188,6.439828457,110.598282,,,4.188654,3.7704587,0.821124,1.202811276,1.2344682,892.8738082,1.21138194,15.353099,4634.94000806,,,1.6520136,0.76837447,1.1494559,1.090914,,0.8629656,,55.80005804,1.11281158,,0.82455451,
2015-02-24,65.0012,,25.7641054,152.513790657,4.302303,6.484407439,110.74035,,,4.213064,3.7937415,0.823303,1.217548531,1.23180978,901.8370484,1.23409248,15.427508,4674.03491646,,,1.6595095,0.76207735,1.1739631,1.101576,,0.8693401,,56.86702388,1.12233632,,0.83516252,
2015-02-25,65.327206,,25.9982597,154.14608174,4.326067,6.520955103,111.339391,,,4.233911,3.8284191,0.827263,1.223295115,1.20527335,907.1679545,1.24207572,15.460257,4716.83945655,,,1.6609449,0.77255807,1.1817998,1.099148,,0.8786239,,57.94794593,1.12544988,,0.84118514,
2015-02-26,65.409141,,25.9781648,154.286922754,4.336264,6.537110853,112.045965,,,4.23878,3.8256922,0.833317,1.235152881,1.2111736,913.4195805,1.24722098,15.459544,4752.36352768,,,1.6577892,0.77453521,1.1810859,1.105266,,0.8765546,,57.85404214,1.12669139,,0.84640613,
2015-02-27,64.541271,,25.6435784,152.200074114,4.260672,6.424035021,110.262712,,,4.182183,3.7766496,0.81137,1.214880331,1.21574357,899.267491,1.24561451,15.337105,4777.87205747,,,1.6430681,0.76922775,1.1485592,1.094389,,0.8616273,,56.81787971,1.13231568,,0.82400864,
2015-03-02,64.565755,,25.6200507,152.487615679,4.253977,6.414714763,111.039864,,,4.183142,3.7734141,0.813651,1.209329014,1.21122266,893.6652965,1.24221355,15.353593,4802.21853455,,,1.6381728,0.77169201,1.1450898,1.084624,,0.8618691,,56.61584112,1.12405514,,0.82181972,
2015-03-03,64.456673,,25.6261217,151.695021703,4.228165,6.376598363,111.036561,,,4.175557,3.7745373,0.809203,1.20882851,1.19866179,891.0431585,1.24264478,15.343883,4818.7152437,,,1.6440118,0.76974013,1.1379868,1.087955,,0.8604145,,53.84007068,1.12209117,,0.81870705,
2015-03-04,64.207029,,25.5542545,150.662566269,4.194205,6.326190967,111.121045,,,4.159036,3.7641828,0.804985,1.19967959,1.17098942,885.1868151,1.23652895,15.285321,4800.27749206,,,1.6295739,0.76703749,1.1254295,1.073005,,0.8573874,,54.94947414,1.1195351,,0.81401909,
2015-03-05,64.264433,,25.6593914,150.639092092,4.182097,6.308703867,111.181165,,,4.162316,3.7798946,0.803353,1.198552299,1.17053411,883.8930644,1.23497648,15.286899,4811.93138796,,,1.6280102,0.75757066,1.131263,1.069724,,0.8610099,,54.48457412,1.12042588,,0.81268248,
2015-03-06,63.85438,,25.5354233,149.312293476,4.145788,6.254737752,111.537642,,,4.13531,3.7618676,0.798912,1.190267081,1.16504795,876.68248728,1.22198006,15.192153,4810.54895677,,,1.6198535,0.75208686,1.1241347,1.061857,,0.8578636,,54.77684479,1.12015247,,0.80684115,
2015-03-09,62.644522,,25.1488966,146.648946511,4.04915,6.109807694,110.096501,,,4.056045,3.7051723,0.777962,1.167654019,1.14205561,859.8248326,1.19147448,15.052359,4797.56597123,,,1.5986112,0.73574507,1.0948949,1.035509,,0.8449228,,54.34820037,1.11745164,,0.79203724,
2015-03-10,62.512292,,25.1438231,146.076078799,4.047308,6.107755122,109.202393,,,4.047509,3.7046501,0.774547,1.165539692,1.13760172,858.5048574,1.20014406,14.955531,4721.10755447,,,1.5845526,0.7297649,1.0903524,1.019593,,0.843268,,54.29152528,1.09231365,,0.79352014,
2015-03-11,63.023849,,25.2742062,147.51379697,4.090524,6.173660974,110.100495,,,4.080104,3.7240766,0.784808,1.174862008,1.14514994,865.020027,1.19489008,15.027789,4771.25301407,,,1.6031815,0.73891003,1.0973538,1.026528,,0.8453208,,54.17906412,1.09594019,,0.79938282,
2015-03-12,63.656661,,25.4519442,149.291967031,4.140597,6.24992832,111.099237,,,4.12063,3.7504783,0.794451,1.188827782,1.16951413,875.9321088,1.20763915,15.137515,4834.14110789,,,1.6072716,0.74369998,1.1124048,1.045345,,0.8504163,,54.41742863,1.10512755,,0.80614532,
2015-03-13,63.383762,,25.2789005,148.629673424,4.116937,6.215010672,110.906224,,,4.102615,3.7252216,0.794066,1.183898558,1.18808309,873.4486465,1.2019821,15.074494,4818.5439027,,,1.6062737,0.74343093,1.1085377,1.047888,,0.8449167,,54.25366375,1.10587576,,0.80229902,
2015-03-16,63.341771,,25.291624,148.745741579,4.108471,6.202989908,110.453083,,,4.099702,3.7273215,0.794773,1.183130637,1.19976878,875.6679659,1.21119296,15.111996,4874.34806433,,,1.6052143,0.74115663,1.1143033,1.056457,,0.844508,,55.50214847,1.10115273,,0.80546096,
2015-03-17,64.105525,,25.5480869,150.580742092,4.151538,6.268713986,111.510552,,,4.148596,3.7653172,0.800215,1.197330353,1.20796291,885.7661498,1.22866228,15.219802,4953.42070073,,,1.6446616,0.75860716,1.134809,1.056713,,0.8529901,,55.25777975,1.1190584,,0.81515927,
2015-03-18,65.22526,,25.8903563,153.167259464,4.225258,6.380713891,112.317186,,,4.22098,3.8159502,0.813441,1.219731261,1.23191191,900.6485185,1.2506128,15.40372,4986.77155095,,,1.6819461,0.76424826,1.1557486,1.076753,,0.8702521,,54.96585984,1.13134754,,0.83239546,
2015-03-19,65.201817,,25.9635374,151.582967054,4.201229,6.345241511,112.515691,,,4.21896,3.8269587,0.813803,1.210796416,1.24084898,895.7321461,1.24865425,15.388237,4950.81828103,,,1.6664288,0.75903005,1.1470404,1.068531,,0.8679986,,54.50092183,1.12987923,,0.82734733,
2015-03-20,66.057829,,26.2845297,153.639634558,4.267568,6.446125136,113.206326,,,4.27442,3.8744619,0.82361,1.233943331,1.27718331,912.7174946,1.26088314,15.508381,4949.05568851,,,1.6905131,0.76827,1.1580322,1.078529,,0.8845994,,54.31501193,1.138386,,0.84638826,
2015-03-23,65.731934,,26.2622605,153.058218143,4.270964,6.452044972,113.281364,,,4.252803,3.8714172,0.817993,1.235318242,1.29440358,911.1907678,1.25465787,15.476795,4951.72044481,,,1.6802066,0.76157042,1.1615545,1.067002,,0.8871859,,54.72811442,1.15579358,,0.84500191,
2015-03-24,65.77582,,26.2235,153.167427261,4.260147,6.436498299,113.904566,,,4.255354,3.8659435,0.818065,1.234834842,1.27400443,910.7965361,1.25217326,15.46564,5016.82006099,,,1.6726749,0.75354032,1.1708483,1.065512,,0.8840548,,54.69104171,1.14136592,,0.84532483,
2015-03-25,66.224145,,26.4196952,153.052431724,4.279635,6.466699036,115.39365,,,4.283944,3.895072,0.822544,1.239855061,1.2764362,915.5540045,1.25928613,15.481869,5139.66754112,,,1.683518,0.76450974,1.1753062,1.070767,,0.8889049,,54.67977846,1.14961452,,0.84914439,
2015-03-26,65.509859,,26.2638115,151.174790846,4.223047,6.382043149,114.572072,,,4.237217,3.8723519,0.812579,1.22382194,1.24273349,903.8674268,1.2447345,15.38457,5019.84577952,,,1.6577619,0.75610945,1.1534692,1.068612,,0.8784965,,53.60674861,1.12641452,,0.83939255,
2015-03-27,65.072315,,26.1957582,151.121642139,4.190355,6.333439678,114.335246,,,4.208525,3.8625647,0.805893,1.208885137,1.22598308,893.4375515,1.23170105,15.327272,4958.58806081,,,1.6536136,0.74258719,1.1503172,1.056908,,0.8732118,,53.39342899,1.11705982,,0.82943805,
2015-03-30,65.985143,,26.6796814,152.471924469,4.244982,6.416705413,115.791341,,,4.267208,3.9341593,0.815655,1.22541142,1.22936368,904.2831768,1.24441207,15.473497,5046.46065083,,,1.6881493,0.75273797,1.1752048,1.066494,,0.8878998,,53.36698265,1.13872386,,0.84260917,
2015-03-31,66.228704,,26.7268253,151.921040127,4.253812,6.430831554,115.622501,,,4.282675,3.9413501,0.819396,1.22702143,1.22425526,906.608003,1.2554796,15.497738,5046.73238807,,,1.6882128,0.74781687,1.1792986,1.066127,,0.8873397,,54.29997029,1.13928985,,0.84063469,
2015-04-01,66.916257,,27.0403287,153.535442432,4.301681,6.503917538,116.392294,,,4.327418,3.9878164,0.825886,1.242029379,1.22984534,914.0850918,1.2749367,15.584199,5047.20530469,,,1.7164497,0.75049318,1.1947291,1.082334,,0.8970521,,55.09851662,1.1608772,,0.84819278,
2015-04-02,68.006278,,27.4493822,154.658866719,4.374787,6.61516438,117.407324,,,4.396499,4.0483767,0.846448,1.256568451,1.25355129,926.8197957,1.28957187,15.718892,5051.20780715,,,1.7399565,0.75437685,1.2071978,1.090701,,0.9101868,,55.16686958,1.18348663,,0.86002751,
2015-04-06,68.712337,,27.808869,154.658866719,4.448129,6.726797834,118.509119,,,4.441859,4.1016311,0.858087,1.2768697,1.24901214,937.752559,1.30566542,15.83034,5116.05943105,,,1.762095,0.75764104,1.2183451,1.096333,,0.9241304,,55.26106837,1.18657991,,0.87267362,
2015-04-07,68.288395,,27.6866923,156.054905366,4.418297,6.682541759,118.213242,,,4.414486,4.0838631,0.849877,1.265459368,1.25605173,932.9954052,1.29201422,15.777408,5092.11947174,,,1.7542458,0.75703862,1.2131294,1.09951,,0.9196405,,52.54728056,1.18369482,,0.86266396,
2015-04-08,68.422912,,27.7723747,156.303757369,4.420926,6.687314974,117.733537,,,4.422976,4.0967449,0.850699,1.263740289,1.248088,932.558012,1.2901834,15.796311,5194.45313541,,,1.7479702,0.75644671,1.2026841,1.096975,,0.9228596,,52.23254723,1.17955353,,0.862999,
2015-04-09,68.33636,,27.7947866,155.995483819,4.409431,6.670738148,117.440782,,,4.416655,4.1002973,0.852648,1.257536962,1.24690166,931.2980869,1.29440991,15.81916,5200.99518901,,,1.7438482,0.75531403,1.2027622,1.098149,,0.9223258,,53.34994877,1.16826469,,0.86102905,
2015-04-10,69.037865,,27.8429837,156.753383292,4.440233,6.718107429,118.226526,,,4.461562,4.1076589,0.862599,1.264936357,1.24697773,939.3365268,1.3019211,15.911599,5466.58712845,,,1.755868,0.75970936,1.20979,1.105921,,0.9256208,,53.24792486,1.17860917,,0.86486715,
2015-04-13,68.78681,,27.7249339,156.453027629,4.441518,6.720867363,118.231812,,,4.444851,4.0905049,0.862719,1.263939831,1.2463543,935.1897464,1.29925505,15.875022,5397.20471278,,,1.7545412,0.75951731,1.2125241,1.096747,,0.9174533,,55.04211389,1.17674469,,0.86246871,
2015-04-14,68.913408,,27.7184157,156.32184963,4.454168,6.740669702,118.500258,,,4.45256,4.0897973,0.863475,1.26839633,1.2472718,935.9886868,1.30618539,15.904458,5356.16890697,,,1.7439669,0.76042657,1.2167551,1.101679,,0.919045,,54.16319002,1.17292183,,0.86325015,
2015-04-15,68.884007,,27.7863302,156.897797226,4.457348,6.746296798,118.502356,,,4.450448,4.1000658,0.865251,1.2722392,1.25885714,938.8388676,1.31636527,15.920782,5439.95122036,,,1.7667066,0.76450893,1.2238587,1.103745,,0.9245957,,55.01899093,1.18529193,,0.86623452,
2015-04-16,68.694441,,27.7544755,156.826590333,4.456226,6.745417902,118.392475,,,4.437827,4.0956225,0.865079,1.27129437,1.2827936,942.3900288,1.3199014,15.885194,5470.45949299,,,1.7721521,0.76497994,1.2249282,1.105757,,0.924074,,55.34857677,1.18431042,,0.86664106,
2015-04-17,68.343762,,27.6006959,157.151297584,4.462457,6.755659576,118.363158,,,4.414864,4.0731994,0.866723,1.26837273,1.30534425,943.3845599,1.31432218,15.808586,5652.47919674,,,1.7475473,0.75504088,1.214503,1.10379,,0.9199687,,56.40609622,1.17943733,,0.86299611,
2015-04-20,68.19615,,27.5515394,157.13217507,4.451779,6.740325472,118.259366,,,4.405132,4.0662031,0.867955,1.26809513,1.31144196,946.27682264,1.30975503,15.815595,5700.85606713,,,1.7400427,0.75440782,1.2196388,1.097316,,0.916485,,55.19455732,1.17328343,,0.8622044,
2015-04-22,68.626291,,27.5119431,156.535936149,4.461554,6.755930263,117.994162,,,4.432698,4.0606163,0.869303,1.27707312,1.31987057,947.4328744,1.3285908,15.884068,5716.06242335,,,1.7633933,0.76678037,1.2134332,1.107524,,0.9171758,,56.21361475,1.17713815,,0.86959623,
2015-04-23,69.177457,,27.7844506,158.234693706,4.495641,6.808328313,119.225671,,,4.468548,4.1010539,0.871304,1.290457141,1.35102751,954.2629857,1.34103478,15.961897,5885.54154275,,,1.7942044,0.77652561,1.2256045,1.11686,,0.9250848,,56.51044374,1.18476167,,0.87543879,
2015-04-24,69.263429,,27.8538692,159.395486086,4.510735,6.83200131,119.438192,,,4.47382,4.1115447,0.877703,1.296766784,1.34643137,957.5769986,1.34407585,15.991238,5903.59526423,,,1.8039891,0.78063684,1.2259153,1.125655,,0.9248426,,59.30252714,1.18900443,,0.87830835,
2015-04-27,68.137539,,27.4804021,158.737953994,4.467861,6.767938706,117.249328,,,4.400722,4.0567267,0.861309,1.283713036,1.34223102,949.6161304,1.3391418,15.847794,6015.569821,,,1.767534,0.76702523,1.2079797,1.123173,,0.9154773,,59.01541286,1.16790061,,0.86573084,
2015-04-28,68.256978,,27.3048991,158.842411231,4.438323,6.724040843,116.745221,,,4.408193,4.0310979,0.866287,1.276112494,1.35042364,942.8334167,1.32656273,15.882782,6084.47520941,,,1.7809222,0.76817079,1.1991868,1.110991,,0.9118858,,58.22322475,1.17565652,,0.8652286,
2015-04-29,67.836111,,27.1139342,158.854614169,4.387279,6.647574824,116.503415,,,4.380791,4.0031539,0.860501,1.258633118,1.33302205,935.6847392,1.3114989,15.81426,6089.34447581,,,1.7718754,0.75975461,1.1940475,1.103767,,0.9017938,,56.81033262,1.17613533,,0.85382445,
2015-04-30,67.826383,,27.2751965,158.618382769,4.393688,6.658074322,116.780733,,,4.389899,4.0272118,0.868183,1.259471631,1.34475977,936.356293,1.32170453,15.816444,6044.50637973,,,1.7897413,0.76093691,1.1942511,1.116651,,0.9031923,,58.46128214,1.19039156,,0.85194037,
2015-05-04,68.739028,,27.762217,161.264183268,4.461817,6.762040554,119.432937,,,4.448365,4.0993601,0.88201,1.284319613,1.34920102,952.5080242,1.3240348,15.94726,6127.01952205,,,1.8081917,0.77311766,1.2112113,1.117981,,0.9218891,,58.66795906,1.19461624,,0.867841,
2015-05-05,68.801539,,27.9069359,161.975393638,4.494374,6.812175377,119.710735,,,4.451961,4.1209745,0.88922,1.294655672,1.35458586,953.5915922,1.32387866,15.906599,6128.93391795,,,1.8096148,0.77566383,1.2073425,1.123172,,0.9260759,,60.15106788,1.19080616,,0.87250416,
2015-05-06,68.496465,,27.9438572,161.773100906,4.471817,6.778838934,119.460037,,,4.436143,4.1266745,0.875388,1.284967399,1.34002233,945.0532281,1.30658099,15.853147,6129.57595099,,,1.7949663,0.76754338,1.2011672,1.116316,,0.9297291,,57.92995593,1.1823399,,0.86854954,
2015-05-07,68.278215,,27.9356951,161.062216733,4.460109,6.761918135,119.877348,,,4.421338,4.1257188,0.874756,1.275906693,1.32202936,941.3228581,1.30460091,15.858946,6131.2509144,,,1.7967233,0.76022571,1.2081701,1.113142,,0.9299093,,58.55213008,1.19146064,,0.8631684,
2015-05-08,69.239218,,28.0874771,161.368046887,4.521753,6.856123818,118.148877,,,4.484579,4.1483768,0.882507,1.285766349,1.31137388,935.6636566,1.32099043,16.005834,6286.63301745,,,1.8197218,0.74165182,1.2097922,1.10944,,0.9459989,,58.88993059,1.20006477,,0.86754191,
2015-05-11,68.848991,,27.94489,160.672906967,4.490223,6.809188075,117.575172,,,4.461071,4.1275761,0.879277,1.275102069,1.30926998,925.6845425,1.30536108,15.962516,6410.49862966,,,1.8171251,0.73940476,1.2032715,1.10367,,0.9365476,,59.34540443,1.20506029,,0.86113528,
2015-05-12,68.873259,,27.8383137,160.609354556,4.498683,6.822826753,116.996214,,,4.463202,4.1120907,0.882282,1.275950827,1.30220113,924.4631295,1.30838878,15.980026,6405.34292445,,,1.8111176,0.72998286,1.2091118,1.109483,,0.9356557,,58.28108387,1.20273495,,0.86369125,
2015-05-13,68.383494,,27.6973248,159.346214815,4.46277,6.769223859,116.556058,,,4.430734,4.0915256,0.872789,1.26046327,1.27816634,914.6819391,1.30518051,15.920585,6391.64004558,,,1.801041,0.72428701,1.1989807,1.098474,,0.9336278,,57.71458264,1.19554556,,0.85357281,
2015-05-14,69.19494,,27.9340561,160.748782863,4.518684,6.854787176,117.328913,,,4.483069,4.1267249,0.889827,1.271587967,1.29088555,922.2389594,1.32716524,16.058584,6367.4950864,,,1.8121674,,1.216687,1.107711,,0.9418545,,59.03617746,1.20655167,,0.86278012,
2015-05-15,69.891594,,28.1200784,162.82804843,4.585098,6.956304412,118.07057,,,4.528263,4.1544397,0.900907,1.288662927,1.30451481,934.5839057,1.33646685,16.150353,6533.51275982,,,1.8313374,0.72401391,1.2299024,1.11391,,0.9529219,,58.96222036,1.21321107,,0.87284825,
2015-05-18,69.323405,,27.9925943,162.05199491,4.548869,6.902230848,117.994017,,,4.490728,4.1358709,0.895072,1.27573432,1.30144579,927.1359938,1.32659699,16.097115,6587.24849758,,,1.8094163,0.7187404,1.2179669,1.105143,,0.9445071,,59.38984804,1.19627301,,0.86313959,
2015-05-19,69.227217,,27.8404693,161.920155888,4.541542,6.891948324,117.550267,,,4.484113,4.1136631,0.893854,1.275173696,1.29898327,926.4985143,1.32637855,16.078546,6552.34576124,,,1.7932392,0.7160013,1.1979279,1.107245,,0.9455878,,60.55380343,1.19590703,,0.86260637,
2015-05-20,68.918609,,27.8302246,161.103717488,4.550611,6.906532017,117.402806,,,4.463494,4.1124007,0.90172,1.27235806,1.29046426,923.1744302,1.33328696,16.037363,6533.93596192,,,1.7826375,0.7159583,1.2049728,1.10526,,0.9463159,,60.7765953,1.18251139,,0.85964366,
2015-05-21,68.86512,,27.980455,160.694979585,4.557369,6.917618801,117.85607,,,4.45954,4.134832,0.907857,1.275492132,1.29410695,925.8174402,1.33197889,16.03052,6534.81336517,,,1.7923821,0.7161529,1.2175336,1.10153,,0.9488034,,62.09314364,1.18792132,,0.86124849,
2015-05-22,68.673666,,27.7622632,159.787396769,4.543308,6.897128147,118.087071,,,4.447199,4.1028674,0.90407,1.26372925,1.29369612,920.1054258,1.3232058,16.019928,6481.93810449,,,1.7834643,0.7115708,1.2219733,1.102214,,0.9415713,,64.99085072,1.17484689,,0.85652692,
2015-05-25,68.713299,,27.8463819,158.958056705,4.515541,6.855838266,117.752643,,,4.448991,4.1155365,0.89989,1.258879683,1.27852495,915.288052,1.31201314,16.023054,6496.21782655,,,1.790528,0.7120443,1.1971437,1.093696,,0.9425688,,63.22675145,1.17577483,,0.8557109,
2015-05-26,68.006369,,27.53975,157.174991652,4.453786,6.76296955,116.749899,,,4.402796,4.0705165,0.892271,1.23888493,1.28642209,899.5709879,1.29048047,15.923553,6438.03384827,,,1.7702741,0.7075195,1.1866534,1.086028,,0.928624,,63.75632383,1.15475063,,0.84228071,
2015-05-27,68.734763,,27.8239313,159.003773839,4.502812,6.838167532,117.896027,,,4.449708,4.1127195,0.907735,1.25563438,1.29623026,910.9288523,1.30419796,16.039361,6394.88222538,,,1.7876697,0.7122474,1.1871703,1.091296,,0.9420481,,62.82468753,1.16007022,,0.85312352,
2015-05-28,68.42053,,27.717914,158.356851496,4.494118,6.825808428,117.126319,,,4.428916,4.0972991,0.909038,1.249717944,1.29445398,905.8118124,1.30819324,16.008908,6586.56651883,,,1.7809266,0.7028828,1.176903,1.086663,,0.9374856,,63.73980478,1.15120088,,0.8493306,
2015-05-29,67.457826,,27.4931716,157.087453562,4.429883,6.72913906,115.882239,,,4.365935,4.0642825,0.899259,1.223778835,1.29821877,888.659558,1.25960126,15.87625,6544.2986344,,,1.7509242,0.6840356,1.1623724,1.074981,,0.9172724,,63.39388334,1.13831725,,0.83068688,
2015-06-01,68.18165,,27.6233998,157.340008212,4.456206,6.769896515,115.759755,,,4.412809,4.0837781,0.903087,1.238227978,1.27988027,896.474617,1.27305834,15.972943,6828.6418945,,,1.7477011,0.687468,1.1695146,1.073999,,0.930099,,62.2262126,1.14683573,,0.84035825,
2015-06-02,69.020154,,27.7967802,159.537701482,4.505904,6.846165592,117.272089,,,4.466976,4.1096535,0.917448,1.259473201,1.28961054,910.1399066,1.28379662,16.070547,6803.31287861,,,1.7824389,0.7042063,1.190366,1.079459,,0.9364745,,63.69017568,1.15943638,,0.85506364,
2015-06-03,68.774701,,27.6862104,158.793220195,4.477343,6.803638372,117.241715,,,4.45062,4.093558,0.912115,1.24837421,1.28298116,903.5462791,1.27501513,16.054529,6808.07434962,,,1.7610367,0.6994469,1.1954334,1.076595,,0.9298714,,63.1006121,1.15864077,,0.84876892,
2015-06-05,68.451418,,27.7190687,159.220677271,4.479812,6.808205561,116.71368,,,4.429371,4.0986625,0.916455,1.243847202,1.28800029,901.7857153,1.27013658,15.984762,7040.02387382,,,1.7537259,0.6942505,1.1807915,1.078407,,0.9322064,,62.76430597,1.15443519,,0.84617525,
2015-06-08,68.328517,,27.6383701,158.510499281,4.465739,6.787654687,116.846348,,,4.421127,4.0869814,0.915782,1.238383371,1.26323423,899.2443015,1.26570174,15.957126,7316.50982176,,,1.7484474,0.6852982,1.1985582,1.069023,,0.928652,,62.15699566,1.15738414,,0.84327979,
2015-06-09,68.061991,,27.6839651,158.135168948,4.440825,6.750634867,116.64668,,,4.403402,4.0939692,0.912698,1.229908685,1.25663583,893.3388845,1.25433965,15.922138,7081.88267739,,,1.7427844,0.6855821,1.1960945,1.06202,,0.9283814,,60.85322759,1.16033949,,0.83820813,
2015-06-10,68.282733,,27.850461,158.245510114,4.457912,6.777383709,116.45163,,,4.417464,4.1188333,0.909478,1.238778222,1.27637307,896.0406459,1.26372018,15.987506,7220.31619144,,,1.7642376,0.685621,1.192434,1.060382,,0.9347854,,59.65397271,1.16797965,,0.84563994,
2015-06-11,68.200534,,27.8450734,158.182067137,4.446211,6.760428936,115.524661,,,4.411777,4.1182868,0.905979,1.233231608,1.26663121,893.3444942,1.24674671,15.987978,7134.46535747,,,1.7596573,0.6819803,1.1812881,1.057881,,0.9350397,,60.35660522,1.14785451,,0.84347587,
2015-06-12,67.977388,,27.7510422,157.006920157,4.432821,6.740899819,114.688539,,,4.396976,4.104637,0.903851,1.226772315,1.25215541,888.9505597,1.24291947,15.944214,7189.7522076,,,1.757796,0.6781774,1.1797097,1.058503,,0.9306062,,62.9004623,1.13806133,,0.84088262,
2015-06-15,67.664024,,27.6573727,156.190746382,4.421781,6.72493666,113.781409,,,4.376419,4.0910398,0.898156,1.224108052,1.22447284,887.8220413,1.23891104,15.896343,7127.62506512,,,1.7537523,0.6699824,1.1713833,1.057734,,0.930081,,64.16896968,1.13467126,,0.84024929,
2015-06-16,67.654813,,27.746729,156.41880925,4.426809,6.733389283,113.23317,,,4.375419,4.1044956,0.896798,1.222903951,1.21275394,885.4516706,1.23866318,15.920244,7167.09109144,,,1.7609368,0.6653759,1.1749599,1.057409,,0.9302631,,69.69383955,1.13580557,,0.83934847,
2015-06-17,67.489236,,27.616969,155.842894765,4.408573,6.706486951,112.786373,,,4.364327,4.0855625,0.889879,1.217489685,1.21499155,880.6436404,1.23372457,15.910152,7288.57925665,,,1.7467446,0.6604715,1.1788828,1.057824,,0.924024,,68.28839187,1.13005223,,0.83476093,
2015-06-18,68.095981,,27.9132989,157.265531203,4.44427,6.76155417,113.972788,,,4.403311,4.1296126,0.893523,1.226349178,1.24372204,886.7590051,1.23691101,16.021066,7324.63751707,,,1.7725302,0.6666294,1.1805252,1.064016,,0.9327129,,69.21392536,1.14531814,,0.8426247,
2015-06-19,68.23563,,27.875056,156.865657009,4.437753,6.752467255,114.179891,,,4.412134,4.124209,0.896781,1.2237852,1.232787,887.2913382,1.2386306,16.017856,7323.73612705,,,1.7661196,0.6658801,1.1838426,1.067509,,0.9291821,,69.7419977,1.15493906,,0.84210268,
2015-06-22,68.587337,,27.9451221,157.24498787,4.459175,6.785853969,114.332387,,,4.434616,4.1348152,0.895032,1.226879379,1.23704416,886.9936734,1.24329147,16.083326,7427.45749321,,,1.7709801,0.6638476,1.1120115,1.067971,,0.9330458,,70.09028316,1.15787486,,0.84427839,
2015-06-23,68.908827,,27.9440974,157.627344692,4.471851,6.805955218,114.60104,,,4.455181,4.1349134,0.899625,1.22699732,1.26676183,891.1239813,1.23312493,16.137352,7777.88402059,,,1.772225,0.6676455,1.1092554,1.067225,,0.9311204,,72.08713552,1.16234021,,0.84560148,
2015-06-24,68.869213,,27.8352459,156.775925177,4.443121,6.763086228,114.162733,,,4.452193,4.1190731,0.893241,1.219222826,1.24061081,882.5570621,1.23056106,16.114481,7662.95855887,,,1.7761119,0.6634818,0.9720665,1.053972,,0.9298305,,73.67113675,1.15820198,,0.84227472,
2015-06-25,68.910795,,27.6622507,156.05260495,4.413565,6.718943853,113.540125,,,4.454484,4.0937499,0.895912,1.208698892,1.22755904,877.4905939,1.22222965,16.121181,7564.38182339,,,1.7709736,0.6581609,0.0,1.048827,,0.9233913,,72.65440375,1.15619958,,0.83652221,
2015-06-26,69.614076,,27.9614345,158.29100947,4.454677,6.782290549,114.654561,,,4.499806,4.1382232,0.899747,1.218391671,1.22434358,887.4541404,1.23120249,16.21611,7662.03734108,,,1.7909306,0.6622468,0.0,1.048968,,0.9338601,,72.83778233,1.15996789,,0.84234486,
2015-06-29,68.724859,,27.5557296,156.34928096,4.398552,6.697732472,112.964674,,,4.442054,4.0784309,0.887242,1.203272541,1.21033128,876.2908072,1.22753522,16.037818,7706.99179236,,,1.7553306,0.6554779,0.0,1.042928,,0.9212498,,72.01807053,1.15605862,,0.82957313,
2015-06-30,69.244169,,27.9276783,157.00930429,4.429406,6.745477964,113.085564,,,4.475038,4.133727,0.892132,1.20877416,1.20799634,879.864673,1.24475733,16.113953,7549.22140958,,,1.7663484,0.6563689,0.0,1.037942,,0.9307901,,71.93736404,1.16625501,,0.83391855,
2015-07-01,69.831757,,28.1436278,158.387029795,4.469763,6.807710889,113.905238,,,4.512403,4.1659377,0.904141,1.213128678,1.19913911,884.5490461,1.26579401,16.218919,7323.35964112,,,1.7657449,0.6579531,0.0,1.049035,,0.9357823,,69.23783956,1.16914412,,0.83739385,
2015-07-02,70.119828,,28.2265275,159.562811577,4.495531,6.84775623,113.573014,,,4.530711,4.1784588,0.906505,1.215959447,1.20768162,884.8112872,1.26879093,16.257395,7346.9314325,,,1.7715666,0.6642634,0.0,1.04784,,0.940661,,71.87925194,1.1717534,,0.8394046,
2015-07-03,70.150426,,28.2364052,158.830761863,4.487211,6.835923735,113.432676,,,4.532295,4.1801733,0.90184,1.211239683,1.20602735,883.5356954,1.277016,16.276266,7298.57603414,,,1.7629052,0.6597915,0.0,1.059654,,0.9388667,,73.5364053,1.17532452,,0.83693038,
2015-07-06,69.717266,,28.0884861,158.990062271,4.47613,6.819879833,112.061448,,,4.503929,4.1585338,0.898826,1.211534716,1.20309734,877.4281407,1.28035514,16.209299,7210.95825521,,,1.7510532,0.6505261,0.0,1.049858,,0.9335144,,69.93871179,1.17199362,,0.83614105,
2015-07-07,69.707155,,28.1562195,158.704539335,4.466272,6.805692719,111.199368,,,4.503046,4.1688099,0.888846,1.204743905,1.18442448,869.3702737,1.26918566,16.220661,6883.2499093,,,1.7497447,0.6469868,0.0,1.042725,,0.9299457,,71.40981138,1.16857309,,0.83062801,
2015-07-08,68.986267,,27.7842502,157.857881191,4.434207,6.757688913,111.213597,,,4.455845,4.114008,0.882119,1.19867483,1.18584575,864.8371166,1.26319246,16.086905,6702.32764874,,,1.7405756,0.6427595,0.0,1.04649,,0.9214178,,71.19892771,1.16824127,,0.82573713,
2015-07-09,68.982875,,27.7810296,157.857881191,4.433721,6.757759465,111.200766,,,4.455266,4.11378,0.88197,1.198618884,1.18571388,864.7380716,1.2630598,16.088863,6701.52351155,,,1.7407495,0.6427209,0.0,1.045195,,0.9212545,,71.18768548,1.16816555,,0.82566732,
2015-07-10,69.399153,,27.9022345,158.421031058,4.458895,6.796915118,111.997481,,,4.482029,4.131968,0.88548,1.206304451,1.19730047,871.2015472,1.27496324,16.19392,7079.79437739,,,1.7562438,0.6515709,,1.052638,,0.9250324,,71.81339797,1.17911717,,0.83219523,
2015-07-13,69.468793,,27.9200348,158.887933007,4.474996,6.822265344,111.819004,,,4.486353,4.1348526,0.890847,1.213633939,1.19848228,875.1969654,1.27319929,16.243405,7208.16582739,,,1.7646395,0.6547313,,1.04838,,0.9282215,,73.0519926,1.18193078,,0.83900952,
2015-07-14,69.496579,,28.0347715,159.778893313,4.480776,6.831897684,112.09341,,,4.487874,4.1520866,0.886596,1.218535242,1.19508529,879.9003681,1.28981252,16.254295,7272.86313317,,,1.7669355,0.6548931,,1.06023,,0.9323475,,73.18211805,1.18545901,,0.84373332,
2015-07-15,69.66735,,28.0826419,159.819478082,4.49044,6.847446066,112.011791,,,4.498642,4.1594236,0.887352,1.220321074,1.19902954,876.4900789,1.29301869,16.285584,7278.68248854,,,1.7576374,0.6494496,,1.05935,,0.9321771,,73.35228074,1.18818233,,0.84223614,
2015-07-16,69.860216,,28.2272869,160.266572747,4.520457,6.894013533,112.039593,,,4.510916,4.1810851,0.887994,1.228772185,1.20269223,878.4979139,1.29105146,16.340925,7275.24841455,,,1.7589328,0.6470947,,1.052511,,0.936163,,74.15336485,1.19127364,,0.84598238,
2015-07-17,68.797409,,27.7282975,158.073693514,4.44333,6.777317635,110.230682,,,4.441851,4.1074767,0.868036,1.208609774,1.18855594,864.4411674,1.2738418,16.219528,7319.01672962,,,1.7300149,0.6365916,,1.054862,,0.9174278,,74.45088002,1.18059123,,0.83114936,
2015-07-20,68.827712,,27.6293923,157.771226672,4.422118,6.745791551,110.110315,,,4.443556,4.0930848,0.863218,1.204414894,1.17953466,864.9177163,1.27616887,16.235868,7448.67708174,,,1.7203323,0.6356523,,1.044861,,0.9113591,,74.5139109,1.17797432,,0.82900734,
2015-07-21,68.643853,,27.6302497,158.000999314,4.410294,6.728579514,109.388619,,,4.431393,4.093459,0.851776,1.199494084,1.16696245,859.2361965,1.28222416,16.212318,7441.32711883,,,1.7124688,0.6319972,,1.048284,,0.9073854,,75.01539385,1.18047948,,0.82374488,
2015-07-22,68.353829,,27.5178359,156.421141759,4.368432,6.665572381,109.22831,,,4.412347,4.077067,0.844988,1.187670586,1.15418958,844.8173353,1.2723228,16.161228,7389.69244821,,,1.702278,0.6276668,,1.041198,,0.90588,,76.10445622,1.17111138,,0.81600839,
2015-07-23,67.615047,,26.9597812,153.629731669,4.274674,6.523423041,108.627769,,,4.364314,3.9947089,0.83156,1.161132676,1.15674129,844.96144108,1.24743128,16.066499,7485.59398154,,,1.6723676,0.6252022,,1.041799,,0.8856017,,74.80883412,1.16526291,,0.79954809,
2015-07-24,67.126978,,26.8481289,152.886134926,4.232085,6.459250444,108.129567,,,4.331744,3.9784233,0.820512,1.145812477,1.15129936,846.30710727,1.23071397,15.981723,7139.01075409,,,1.6604304,0.6265807,,1.037376,,0.8737862,,74.30180844,1.15803112,,0.7930364,
2015-07-27,67.045378,,26.7332843,153.836078412,4.216868,6.436817759,107.971847,,,4.326119,3.9616642,0.821349,1.146449815,1.13914713,847.7127283,1.21959987,15.959069,6936.20423927,,,1.6550371,0.6243405,,1.030756,,0.8694419,,73.91217321,1.14683249,,0.79172637,
2015-07-28,67.394804,,26.6017358,153.37955358,4.214326,6.433713979,108.120603,,,4.348274,3.9424314,0.821834,1.150436487,1.1345192,847.8726094,1.22980887,16.036993,7204.80303668,,,1.6737819,0.6284924,,1.027949,,0.8704722,,74.22506058,1.14433233,,0.79497619,
2015-07-29,67.784109,,26.72963,154.060203892,4.234367,6.46506147,108.525192,,,4.37314,3.9616,0.825477,1.15708869,1.14153974,848.0391522,1.25007719,16.117782,7256.49090377,,,1.6858575,0.6320527,,1.043381,,0.8727827,,74.66295741,1.1490351,,0.80067184,
2015-07-30,68.094287,,26.7854202,155.366590504,4.246028,6.483638177,108.745869,,,4.392889,3.9701097,0.829838,1.156565957,1.14306829,841.540653,1.24992663,16.167612,7731.78850501,,,1.6823409,0.6326947,,1.044179,,0.8747613,,71.71255487,1.14767732,,0.7979319,
2015-07-31,69.097728,,27.1519924,157.436619182,4.296179,6.560944761,110.302019,,,4.457534,4.0246868,0.832093,1.167978817,1.14651175,841.73115,1.26761603,16.300695,7592.31611225,,,1.7211425,0.6461256,,1.054525,,0.890737,,74.34900725,1.15186214,,0.80758492,
2015-08-03,68.873331,,26.8136234,157.209018996,4.253562,6.496715673,110.170711,,,4.44261,3.9747744,0.826813,1.162016278,1.14275275,841.8842285,1.27184398,16.255452,7817.05983598,,,1.7093261,0.6365619,,1.051701,,0.882595,,74.30033507,1.14312027,,0.7994357,
2015-08-04,69.43773,,26.9319144,157.340270158,4.265629,6.515910034,109.635984,,,4.478697,3.9925493,0.821693,1.165214008,1.13728495,0.0,1.27493003,16.329284,7941.01109451,,,1.7025855,0.6346922,,1.055843,,0.8833316,,74.56177648,1.14505898,,0.80101617,
2015-08-05,69.076967,,26.8324734,155.400744874,4.249584,6.492211643,110.013867,,,4.454987,3.9780509,0.828168,1.158599883,1.13876829,0.0,1.25681195,16.297078,7718.04592223,,,1.7078535,0.6367469,,1.043423,,0.8828543,,71.58622882,1.14988707,,0.79898878,
2015-08-06,68.878018,,26.6068872,153.737917988,4.193375,6.407189888,109.881782,,,4.441695,3.9448531,0.825694,1.147809991,1.12106985,0.0,1.23424626,16.262473,7956.45083815,,,1.6976569,0.6325291,,1.033701,,0.8735685,,71.90734703,1.13634711,,0.79039083,
2015-08-07,67.886993,,26.2656512,151.890579308,4.132294,6.314704486,108.85173,,,4.377205,3.8945111,0.811915,1.130341491,1.11824476,0.0,1.21471082,16.135165,7861.73128203,,,1.6666702,0.6203564,,1.02061,,0.8611852,,70.7414099,1.12580089,,0.77596958,
2015-08-10,67.688167,,26.254734,151.769828915,4.139256,6.326087401,108.369775,,,4.364029,3.8931288,0.808673,1.131711965,1.1343175,0.0,1.21797702,16.132895,7626.21638529,,,1.6803532,0.6248018,,1.021138,,0.8604833,,70.673023,1.12489041,,0.77753064,
2015-08-11,67.643951,,26.0799583,151.726800207,4.127238,6.308503002,108.508968,,,4.360721,3.8674578,0.807301,1.129255255,1.13492736,0.0,1.21156342,16.098437,7380.35250206,,,1.6788039,0.6196392,,1.017504,,0.8532397,,71.98886658,1.12294177,,0.77593001,
2015-08-12,66.931911,,25.741199,149.979233727,4.091425,6.254570112,107.469126,,,4.314193,3.8174779,0.80048,1.125293156,1.1169053,0.0,1.20199494,16.017782,7428.49820961,,,1.6520565,0.616144,,1.012533,,0.8468747,,70.39290784,1.10060079,,0.77155,
2015-08-13,67.471286,,25.8704682,148.998611171,4.100221,6.268756589,107.120685,,,4.348784,3.8368717,0.803712,1.132494342,1.11423949,,1.2148574,16.104231,7308.31359973,,,1.6634016,0.6105091,,1.003639,,0.855013,,72.78376463,1.11045049,,0.77915576,
2015-08-14,67.241822,,25.6195064,147.828091193,4.079348,6.237632251,106.648123,,,4.333549,3.7999023,0.803048,1.12721373,1.10481866,,1.21613603,16.085951,7054.19217345,,,1.6461295,0.6124069,,1.003051,,0.8454006,,74.40414512,1.11014574,,0.77389053,
2015-08-17,67.272086,,25.6432449,148.821043318,4.116746,6.295521319,106.751477,,,4.335126,3.8036514,0.801129,1.132103758,1.07070629,,1.22195164,16.107838,7155.19785977,,,1.6399205,0.6199586,,1.008012,,0.8484262,,73.98569712,1.11218471,,0.77757253,
2015-08-18,67.677772,,25.7074253,149.446771242,4.105772,6.279519901,106.800415,,,4.361113,3.8133952,0.797799,1.127719197,1.05354895,,1.22059496,16.170371,7124.0762802,,,1.6520284,0.6137736,,1.004581,,0.8431635,,72.66011458,1.12287409,,0.77396333,
2015-08-19,66.895188,,25.4134446,146.882538088,4.040984,6.18124252,106.219012,,,4.310132,3.7700494,0.786775,1.106802084,1.05791389,,1.20274067,16.0331,7196.37187969,,,1.6329547,0.6074191,,1.001481,,0.830663,,69.96225583,1.12218842,,0.76157486,
2015-08-20,66.247051,,25.0945137,146.246204401,4.023957,6.155955022,104.784249,,,4.268069,3.723056,0.773084,1.103902459,1.06170547,,1.19729416,15.861821,7172.38549436,,,1.622645,0.6009104,,1.0,,0.8255422,,68.71777499,1.10939534,,0.75853009,
2015-08-21,65.084841,,24.6505389,143.633583103,3.933261,6.018063292,104.457812,,,4.19274,3.6575231,0.759478,1.083759222,1.05344573,,1.1777632,15.61622,6726.85252744,,,1.5997464,0.59418,,1.0,,0.80635,,68.07372334,1.09546315,,0.74542256,
2015-08-24,63.097095,,23.9323966,140.034874131,3.829226,5.859732516,101.815512,,,4.064037,3.5513442,0.741239,1.051157914,1.02553423,,1.14415193,15.164613,6428.9118142,,,1.5516438,0.5778291,,1.0,,0.7793628,,64.98596104,1.06379174,,0.72475624,
2015-08-25,63.428562,,23.9031779,140.443000629,3.863041,5.912126074,102.338193,,,4.084309,3.5472281,0.748227,1.059738029,1.03369278,,1.16060851,15.210601,6400.72696997,,,1.5566314,0.5867822,,1.0,,0.7839756,,67.17327111,1.07320227,,0.73099249,
2015-08-26,64.71098,,24.4615865,143.581661884,3.931236,6.017126615,104.310725,,,4.166951,3.630221,0.762981,1.074914223,1.04115645,,1.17168883,15.507799,6460.74148716,,,1.6006804,0.5971301,,1.0,,0.8007105,,66.75889003,1.09534384,,0.74016844,
2015-08-27,65.51439,,24.7163794,145.740776117,3.999675,6.122531966,105.537049,,,4.218687,3.6682121,0.777135,1.094936048,1.06996397,,1.19172061,15.707214,6753.05933345,,,1.6348663,0.6126322,,1.010254,,0.8145253,,66.01280559,1.11524727,,0.75578851,
2015-08-28,65.676927,,24.8587287,144.510470807,4.00336,6.12892311,105.760032,,,4.228676,3.6895635,0.781533,1.095565371,1.06448741,,1.18575592,15.735721,6944.29087658,,,1.6202967,0.6023685,,1.0,,0.8127474,,65.87063211,1.11327644,,0.75217165,
2015-08-31,65.211654,,24.5667271,143.02310044,3.949205,6.046828155,106.014136,,,4.198098,3.6464461,0.772543,1.077343326,1.07401187,,1.17183982,15.634775,6755.15827274,,,1.6015644,0.5940298,,1.0,,0.8005261,,68.53927479,1.11334695,,0.73874196,
2015-09-01,63.74357,,23.9762428,139.073824113,3.846689,5.89071912,104.314334,,,4.102856,3.5590228,0.75419,1.050263746,1.07074441,,1.14349198,15.323455,6687.7639059,,,1.5805868,0.5810853,,1.0,,0.7864432,,68.35268356,1.09922607,,0.72174944,
2015-09-02,64.260344,,24.0256129,139.573390196,3.869088,5.925685176,105.592911,,,4.135761,3.5665669,0.757557,1.050267146,1.0775274,,1.12190865,15.452214,6683.68102841,,,1.6113274,0.5958213,,1.0,,0.7882759,,67.83579042,1.1247982,,0.72122744,
2015-09-03,65.381223,,24.5488563,141.674925219,3.934323,6.026229598,107.543587,,,4.20748,3.6444489,0.769529,1.072230923,1.1047852,,1.13711151,15.630575,6629.54191632,,,1.6340927,0.6036366,,1.0,,0.8010911,,66.78009914,1.13734908,,0.73339329,
2015-09-04,64.822244,,24.4685002,139.311880015,3.90361,5.979953535,107.116948,,,4.171297,3.6327428,0.766332,1.064485887,1.10491609,,1.132448,15.512563,6602.58740973,,,1.6234596,0.5980336,,1.0,,0.7984088,,65.4578521,1.1335085,,0.72716385,
2015-09-08,65.117615,,24.5346496,138.930601454,3.900598,5.976062936,106.837553,,,4.190241,3.6427819,0.765459,1.069654792,1.10631429,,1.13189355,15.624949,6544.85328015,,,1.6224523,0.5972678,,1.0,,0.80014,,65.29766518,1.13361859,,0.73094164,
2015-09-09,64.501721,,24.3616701,138.426296505,3.874849,5.937374008,106.398583,,,4.15022,3.6173279,0.762181,1.066446656,1.09893919,,1.13960149,15.496273,6591.55746007,,,1.6072419,0.5915273,,1.0,,0.7982932,,63.99370394,1.1236564,,0.73203543,
2015-09-10,64.430693,,24.2210349,137.810863274,3.848614,5.897935519,106.320563,,,4.145381,3.5966732,0.764098,1.058627015,1.09309477,,1.13616346,15.486773,6603.26856636,,,1.6154406,0.5863324,,1.0,,0.7967875,,63.72644906,1.12807312,,0.73522473,
2015-09-11,65.055348,,24.2331014,137.36139807,3.853808,5.906599124,106.304758,,,4.185499,3.5986825,0.76715,1.058768652,1.0832676,,1.15677759,15.591782,6588.74293153,,,1.6229142,0.5856406,,1.0,,0.794638,,63.91836075,1.13218362,,0.73931235,
2015-09-14,65.937117,,24.5387951,139.729604041,3.903655,5.983645918,107.362225,,,4.241954,3.6442748,0.778437,1.074867263,1.08590655,,1.18930683,15.740913,6706.88803709,,,1.648338,0.5925588,,1.0,,0.8062619,,63.61579264,1.15079651,,0.75024649,
2015-09-15,65.89223,,24.5097565,140.689453603,3.916089,6.003421915,107.538029,,,4.238785,3.6401857,0.778154,1.071853025,1.09640955,,1.17791584,15.780399,6829.65349793,,,1.6487738,0.591963,,1.0,,0.8065134,,62.79914316,1.1572025,,0.74952669,
2015-09-16,66.46339,,24.7163574,142.607659763,3.987029,6.112801485,109.26173,,,4.27525,3.6710726,0.789535,1.091841954,1.10844203,,1.19206907,15.902554,7000.34254687,,,1.6756394,0.6077326,,1.0,,0.8203111,,62.56955746,1.15539439,,0.76697031,
2015-09-17,66.67118,,24.8403201,143.167762503,4.004097,6.139701682,110.109098,,,4.288401,3.6896952,0.79614,1.094825087,1.11144538,,1.20730059,15.922153,7010.01332671,,,1.6775099,0.6104725,,1.0,,0.8267821,,62.62124507,1.15667029,,0.77551115,
2015-09-18,65.725962,,24.4515047,141.332118893,3.93359,6.032433386,108.053073,,,4.227219,3.6322102,0.783524,1.073982573,1.10526258,,1.1786642,15.750361,6758.84000047,,,1.63917,0.5913466,,1.0,,0.807377,,62.15655034,1.14996406,,0.75980902,
2015-09-21,65.154855,,24.1498515,139.155495453,3.869738,5.935321577,106.086898,,,4.190078,3.5876594,0.773124,1.056652711,1.09841647,,1.16136434,15.658235,6736.88702605,,,1.6241602,0.5855764,,1.0,,0.7963878,,61.71340901,1.13017038,,0.74755634,
2015-09-22,64.706389,,23.9937284,137.580037271,3.812575,5.848436421,104.929851,,,4.160802,3.5647072,0.77012,1.038882866,1.0951222,,1.14956179,15.541285,6552.4889081,,,1.6226088,0.5798439,,1.0,,0.7900996,,57.58082427,1.14504198,,0.73393715,
2015-09-23,64.078523,,23.9057882,136.814064119,3.789689,5.814062517,104.709887,,,4.111925,3.5518703,0.76727,1.01546344,1.1016876,,1.1282769,15.420736,6484.81627536,,,1.600327,0.5714256,,1.0,,0.787397,,57.09095533,1.15621578,,0.72057101,
2015-09-24,63.843995,,23.8092738,136.516168367,3.788328,5.812675324,103.630452,,,4.096806,3.5377598,0.761274,1.019864416,1.11039225,,1.12453965,15.362329,6285.0840813,,,1.588698,0.5764258,,1.0,,0.7840172,,56.20806556,1.14565068,,0.72157657,
2015-09-25,63.502004,,23.8239051,135.586934727,3.768583,5.783114639,103.702072,,,4.074076,3.5401462,0.760054,1.014976429,1.12957361,,1.11427363,15.311739,6297.61745995,,,1.5788446,0.5774521,,1.0,,0.7866136,,60.64718915,1.12638749,,0.7184881,
2015-09-28,63.109812,,23.6106753,134.624226812,3.722798,5.713595275,102.69965,,,4.048436,3.5087122,0.751239,1.003217473,1.11979462,,1.10180056,15.173549,6365.62588495,,,1.5616524,0.5643626,,0.995119,,0.7799246,,62.12557155,1.12692558,,0.70863181,
2015-09-29,63.438687,,23.6977815,,3.749499,5.755219744,103.331773,,,4.069253,3.5218713,0.752698,1.009241175,1.12163698,,1.11178239,15.236572,6271.46665175,,,1.5604456,0.5680911,,0.994669,,0.7821303,,64.00309941,1.13085302,,0.71250852,
2015-09-30,64.101891,,24.2025419,137.141254607,3.79898,5.83179665,104.428068,,,4.111528,3.5971028,0.766743,1.020296231,1.13728613,,1.12031551,15.396994,6280.94447959,,,1.583744,0.5781757,,1.0,,0.7959187,,65.25235678,1.13998151,,0.72503601,
2015-10-01,63.954749,,24.3539179,137.401939796,3.776757,5.798456025,104.485043,,,4.101846,3.6198192,0.763661,1.013066476,1.14456827,,1.12126969,15.382976,6148.59501464,,,1.590209,0.5803686,,1.0,,0.8006484,,60.81591161,1.15677281,,0.7197234,
2015-10-02,65.019041,,24.8161604,140.610278347,3.874083,5.948449915,106.208161,,,4.170348,3.6887378,0.78431,1.041244451,1.18679655,,1.14787056,15.60387,6137.39686906,,,1.6271833,0.5973615,,1.0,,0.8214162,,60.46989642,1.17600691,,0.744827,
2015-10-05,65.310984,,24.8818375,141.562769196,3.905766,5.997810487,107.597722,,,4.188936,3.6987231,0.789607,1.060071127,1.20476503,,1.16299114,15.700797,6439.64354266,,,1.6359967,0.6026767,,1.0,,0.8296881,,60.19664541,1.18612382,,0.7563156,
2015-10-06,64.855121,,24.7052953,141.50547217,3.939011,6.049568041,107.697673,,,4.159188,3.6727105,0.7911,1.058062209,1.24679712,,1.16700162,15.620034,6310.43031732,,,1.6317646,0.6155164,,1.012397,,0.8272889,,60.66761753,1.18340046,,0.7605066,
2015-10-07,65.39828,,24.9664622,142.357372208,4.012664,6.163334346,108.272848,,,4.193871,3.7117512,0.806493,1.070545708,1.23621675,,1.18423317,15.738208,6332.61187365,,,1.6624321,0.6296213,,1.020574,,0.8416802,,60.54344618,1.19106931,,0.7785831,
2015-10-08,65.240758,,25.0126752,142.989270782,4.038713,6.204088863,109.478607,,,4.183407,3.7188456,0.814543,1.084258739,1.22638163,,1.18845871,15.739899,6429.47625071,,,1.655792,0.6321403,,1.022178,,0.8437607,,60.82481407,1.17714235,,0.7854988,
2015-10-09,64.856969,,25.0036127,143.799511634,4.065647,6.246210086,110.244462,,,4.158415,3.7177248,0.827669,1.095846903,1.22970186,,1.19953712,15.677231,6529.94820896,,,1.6578806,0.641764,,1.029187,,0.8461592,,59.95385109,1.16638864,,0.7942534,
2015-10-13,64.965823,,24.9182451,143.032552824,4.003865,6.152165707,109.780169,,,4.165078,3.7052622,0.814999,1.071989656,1.21670829,,1.18087485,15.677161,6578.71085605,,,1.6254026,0.6232082,,1.021797,,0.8363791,,58.68718401,1.17521448,,0.7742238,
2015-10-14,64.192499,,24.667936,142.476521768,3.954746,6.077518914,108.827949,,,4.115017,3.6682826,0.811858,1.057643696,1.18778932,,1.17371438,15.53015,6738.33977421,,,1.6080469,0.6206758,,1.005047,,0.82911,,61.23676324,1.16502151,,0.7667784,
2015-10-15,64.971322,,24.8247244,142.697640561,3.997876,6.144485721,109.631151,,,4.164579,3.6918103,0.810703,1.071078873,1.19507474,,1.17687594,15.727099,6838.73111578,,,1.6202257,0.6220875,,1.001362,,0.836096,,60.605605,1.16364002,,0.7789062,
2015-10-16,65.162948,,25.089388,142.676881253,4.017377,6.175204121,108.866903,,,4.176353,3.7313704,0.803494,1.07109375,1.20424568,,1.17596296,15.763276,6985.31032751,,,1.6356555,0.6231883,,1.0,,0.8406088,,60.16836282,1.16530566,,0.7826837,
2015-10-19,65.728399,,25.3452578,142.86910868,4.045383,6.219085796,109.173176,,,4.21234,3.7696271,0.806703,1.083868332,1.1847785,,1.19177106,15.841924,7013.19251159,,,1.6445524,0.6205089,,1.0,,0.8505199,,59.32043066,1.16499872,,0.7915765,
2015-10-20,65.502639,,25.252252,142.295172214,4.03795,6.208451814,108.806363,,,4.197525,3.7560327,0.804492,1.081620424,1.20606925,,1.19592302,15.792862,7201.41771148,,,1.6278517,0.6154017,,1.0,,0.8470643,,60.13197952,1.16056616,,0.7905905,
2015-10-21,65.205202,,25.1009795,142.082134716,4.030865,6.198343622,108.325783,,,4.177841,3.7337773,0.80505,1.079772796,1.23134774,,1.1907948,15.729239,7568.66149501,,,1.6304535,0.6158657,,1.0,,0.8443601,,60.67263977,1.1542806,,0.7885762,
2015-10-22,65.852583,,25.3550088,143.102220751,4.066271,6.253509886,109.583066,,,4.219164,3.7717618,0.813397,1.089676135,1.23747415,,1.19963285,15.898934,7867.55284249,,,1.6539931,0.6244209,,1.004751,,0.8512512,,60.24657678,1.16109278,,0.7931007,
2015-10-23,65.98334,,25.4655792,143.160428832,4.071659,6.262575403,109.657401,,,4.227191,3.7884255,0.817768,1.096290345,1.22961551,,1.2017048,15.957905,7939.18913527,,,1.6481788,0.6156677,,1.0,,0.8550585,,58.59674422,1.15985207,,0.796771,
2015-10-26,65.763278,,25.3239818,142.548347773,4.057284,6.241269305,108.781367,,,4.212658,3.7676093,0.812507,1.093310015,1.20391064,,1.20004133,15.905005,8027.04389401,,,1.6353448,0.6090609,,1.0,,0.854131,,61.65128899,1.15135205,,0.7940904,
2015-10-27,66.009753,,25.3836769,143.39327987,4.08428,6.283534172,108.169921,,,4.228225,3.7767102,0.818047,1.095767649,1.21335598,,1.20914191,15.945459,8073.35090407,,,1.6428185,0.6065861,,1.0,,0.857236,,61.41255836,1.13893784,,0.7950082,
2015-10-28,65.564745,,25.3218793,143.113769057,4.04946,6.230805852,107.671219,,,4.199206,3.767755,0.815222,1.084591133,1.22676311,,1.21109792,15.909444,8066.8327385,,,1.6346988,0.6049251,,1.0,,0.8545802,,61.19008815,1.13910758,,0.7859193,
2015-10-29,64.41048,,24.7880824,140.557666784,3.982515,6.128671813,105.889028,,,4.124522,3.6885503,0.805455,1.073935628,1.21310177,,1.20937136,15.697493,8024.26520733,,,1.5950393,0.5956772,,1.0,,0.8383861,,61.10034504,1.11344575,,0.7730299,
2015-10-30,64.180863,,24.7155713,141.588456663,3.957374,6.090775682,106.758437,,,4.109363,3.6779846,0.807826,1.070559007,1.23520074,,1.20613373,15.648439,8301.70488443,,,1.6017246,0.6010267,,1.000344,,0.8339427,,61.29347955,1.11046935,,0.7728847,
2015-11-03,65.908557,,25.6710169,144.155271791,4.062366,6.253010437,109.194094,,,4.220088,3.820388,0.827221,1.108587342,1.26489186,,1.22937074,16.001479,8510.17222723,,,1.6547742,0.6164596,,1.01266,,0.8672283,,62.13328675,1.14910952,,0.8018386,
2015-11-04,66.120117,,25.8547858,145.280562662,4.088728,6.294348998,110.194763,,,4.233356,3.847967,0.824851,1.112044055,1.284727,,1.24851552,16.027516,8601.81585676,,,1.6545607,0.6253384,,1.024091,,0.8734737,,60.09846617,1.15175174,,0.8034249,
2015-11-05,66.591235,,25.9591349,147.340801072,4.126319,6.352950924,111.543425,,,4.263335,3.8637292,0.830376,1.123555221,1.28391937,,1.2645707,16.103995,8654.32554032,,,1.6760023,0.6278651,,1.022245,,0.8795265,,59.64295516,1.15370116,,0.8125239,
2015-11-06,66.400992,,25.8883949,145.74412915,4.08206,6.285675831,110.5416,,,4.250818,3.8534374,0.827432,1.109546402,1.2749593,,1.25294946,16.068244,8624.89617572,,,1.6463272,0.621836,,1.018953,,0.8774972,,58.50671904,1.15410356,,0.7984962,
2015-11-09,65.744422,,25.6379985,144.482302861,4.056529,6.247179381,109.456001,,,4.208263,3.8164098,0.818316,1.098775046,1.27442871,,1.23714737,15.929222,8526.68374972,,,1.6260252,0.6233638,,1.009445,,0.8723935,,58.79523475,1.15037752,,0.7913545,
2015-11-10,66.041904,,25.631367,144.634501408,4.050932,6.239344881,109.12963,,,4.226682,3.8156551,0.817006,1.097518833,1.26993932,,1.2524821,15.98965,8591.50938413,,,1.6349112,0.6187114,,1.015113,,0.8699592,,59.07360174,1.15804065,,0.791318,
2015-11-11,66.965679,,25.9986985,147.863315917,4.10267,6.319732244,109.647458,,,4.285687,3.8705493,0.827961,1.113917732,1.27999828,,1.26870736,16.147086,8635.14654907,,,1.6562381,0.6310239,,1.022046,,0.8795473,,59.02632131,1.17060724,,0.8018379,
2015-11-12,66.982576,,26.0430793,146.967451516,4.103434,6.321708147,109.630744,,,4.28639,3.8773889,0.829205,1.112045463,1.26056367,,1.27475339,16.121901,8633.96573014,,,1.6608712,0.6291259,,1.019894,,0.8842746,,58.43956223,1.17235023,,0.8024505,
2015-11-13,66.895538,,25.9645383,146.471547754,4.094546,6.308819976,109.509109,,,4.280422,3.8659369,0.826837,1.108484472,1.25540022,,1.28013578,16.071234,8604.42808667,,,1.6568704,0.6238368,,1.022267,,0.8826956,,58.28956122,1.17261161,,0.7980397,
2015-11-16,66.707387,,25.9587459,146.441093192,4.075095,6.279667706,109.5265,,,4.268017,3.8653099,0.820604,1.10291465,1.27262918,,1.28005884,16.067506,8468.35358502,,,1.6591544,0.6195376,,1.018264,,0.8829469,,58.16628051,1.17168581,,0.7928834,
2015-11-17,67.214062,,26.3741459,148.004091967,4.12232,6.353147595,110.312541,,,4.300331,3.9273604,0.828393,1.116200451,1.2715838,,1.28549898,16.167817,8424.82242361,,,1.6683305,0.6233785,,1.02295,,0.8973905,,58.91878863,1.17089463,,0.8014064,
2015-11-18,67.353625,,26.3863125,148.067900761,4.126809,6.360861451,109.483205,,,4.309015,3.9294095,0.820958,1.118385367,1.26520795,,1.29291826,16.23542,8515.01598064,,,1.6786512,0.6222172,,1.026185,,0.8952799,,56.83684038,1.16985986,,0.8057635,
2015-11-19,67.603877,,26.5845256,149.126964925,4.135608,6.37520564,110.292118,,,4.324686,3.9591449,0.827399,1.121124816,1.27448452,,1.29712764,16.290346,8554.77795547,,,1.6983551,0.6320141,,1.033673,,0.9024126,,55.35187024,1.16995751,,0.8082678,
2015-11-20,67.600177,,26.5813804,149.116767909,4.135119,6.37524874,110.279174,,,4.324096,3.9589173,0.827161,1.121017219,1.27439026,,1.29701812,16.292062,8554.27369299,,,1.698539,0.6319791,,1.033195,,0.9022143,,55.34086158,1.16993911,,0.8082156,
2015-11-23,68.112485,,26.7448861,148.925232024,4.144438,6.390398468,110.284807,,,4.356876,3.9834895,0.82626,1.119228286,1.26344082,,1.31086959,16.393828,8656.88593482,,,1.697023,0.6351417,,1.021567,,0.9133349,,54.42105023,1.17554652,,0.8113757,
2015-11-24,68.017876,,26.6120781,148.310801302,4.134116,6.375298485,110.343106,,,4.35047,3.9639678,0.82259,1.114730688,1.25668732,,1.31084925,16.38559,8783.29338847,,,1.6999696,0.6361226,,1.025265,,0.9085728,,54.63918437,1.17600553,,0.8100704,
2015-11-25,67.362976,,26.4198094,146.292720283,4.077744,6.289252733,109.633553,,,4.307518,3.9355964,0.809239,1.094885653,1.25660065,,1.27456008,16.282516,8937.02520296,,,1.669782,0.6226819,,1.013372,,0.899917,,54.30217752,1.17213629,,0.7949246,
2015-11-26,67.665389,,26.5074085,148.224855054,4.08744,6.304967338,110.379998,,,4.326614,3.9488712,0.818283,1.094376058,1.24228353,,1.28918168,16.344959,8968.83226658,,,1.6775697,0.6197968,,1.02359,,0.9028076,,55.5307592,1.18778504,,0.7964775,
2015-11-27,66.88266,,26.0934649,145.817732655,4.021601,6.204309394,108.596221,,,4.275886,3.8874408,0.803361,1.076540994,1.23639269,,1.26686963,16.211109,8814.29529178,,,1.6488183,0.6072837,,1.016627,,0.8913267,,54.85307701,1.17254318,,0.7820676,
2015-11-30,65.592259,,25.7973358,143.80075033,3.933382,6.069121109,106.450101,,,4.192929,3.8435591,0.786645,1.049253524,1.17812386,,1.25321768,15.9672,8659.9511654,,,1.6303229,0.587625,,1.007255,,0.8743859,,54.51537672,1.15501224,,0.760815,
2015-12-01,65.703943,,25.5857035,143.982336609,3.929041,6.0631688,106.769879,,,4.19962,3.8122625,0.781192,1.045946689,1.1721191,,1.25124232,16.02059,8691.01914882,,,1.6274937,0.5844045,,1.004386,,0.8725928,,54.54879792,1.15038548,,0.7610415,
2015-12-02,65.901867,,25.6520428,144.536437635,3.97099,6.128587426,106.483626,,,4.212012,3.8223775,0.78256,1.058309281,1.16570887,,1.25596042,16.034394,8748.64950665,,,1.6207348,0.5857096,,1.0,,0.8771488,,51.82843126,1.15207355,,0.768052,
2015-12-03,66.799214,,26.1276761,147.114403579,4.036891,6.230954251,108.003793,,,4.269052,3.8934715,0.792952,1.077053172,1.17486617,,1.27659427,16.140143,8739.43979966,,,1.6609321,0.5894761,,1.008911,,0.891032,,49.59870457,1.16630972,,0.7802471,
2015-12-04,65.618066,,25.7963237,145.125191384,3.953592,6.103315043,106.082734,,,4.193164,3.8443439,0.777288,1.050569304,1.15262984,,1.25411148,15.992103,8592.49064338,,,1.635892,0.5783942,,1.000846,,0.8774596,,52.66130641,1.15144315,,0.7617014,
2015-12-07,66.1383,,26.0163937,144.860293534,3.972017,6.132483947,106.28105,,,4.226168,3.8773648,0.778258,1.055379541,1.15088197,,1.27163069,16.055829,8564.10326444,,,1.6421086,0.5775328,,1.017818,,0.8866796,,53.3006276,1.16794422,,0.7653505,
2015-12-08,64.813663,,25.6348339,142.184524997,3.895607,6.015417355,104.234845,,,4.140968,3.8207549,0.769076,1.031908506,1.12889329,,1.26889941,15.820059,8680.26942694,,,1.6130126,0.5686379,,1.019201,,0.8727304,,53.72692739,1.15138499,,0.7479263,
2015-12-09,65.659513,,25.9370554,144.915365334,3.949427,6.099164472,105.87589,,,4.194869,3.8660131,0.785016,1.046924577,1.12651766,,1.29256354,15.930605,8762.81493616,,,1.6532681,0.57987,,1.032037,,0.8773351,,52.17750068,1.15871184,,0.7588738,
2015-12-10,64.873994,,25.6392609,143.180132159,3.903124,6.028512717,104.885905,,,4.144432,3.8218822,0.77661,1.035562946,1.11957487,,1.28392517,15.826156,8768.96220416,,,1.6417645,0.583657,,1.026957,,0.8676005,,52.07420465,1.15977248,,0.7507191,
2015-12-11,64.909659,,25.602924,142.592171499,3.897626,6.020777195,104.504053,,,4.146391,3.816701,0.772129,1.035616814,1.11996652,,1.2814795,15.772594,8702.55037908,,,1.6343753,0.5810555,,1.020709,,0.8659338,,52.12108341,1.16120423,,0.7489118,
2015-12-14,63.826382,,25.151915,140.249121942,3.836281,5.926880112,103.118737,,,4.076721,3.749738,0.766327,1.017663841,1.10701294,,1.273088,15.579292,8573.94817046,,,1.6161771,0.5735797,,1.011319,,0.8516563,,52.11416834,1.14338063,,0.7394729,
2015-12-15,63.528568,,25.145806,140.475819366,3.824038,5.908715892,102.893251,,,4.055289,3.7490561,0.770345,1.017995438,1.11527457,,1.2679189,15.568836,8618.07441627,,,1.6068015,0.580334,,1.010303,,0.847639,,52.50823257,1.14428755,,0.7369169,
2015-12-16,63.445044,,25.1038717,139.903614147,3.806003,5.881619419,102.726063,,,4.049618,3.7430366,0.768082,1.01264408,1.11918121,,1.26245901,15.590803,8668.91072012,,,1.6074209,0.5777846,,1.012346,,0.8440025,,52.78132113,1.14871045,,0.7341879,
2015-12-17,64.192383,,25.5205106,141.357529444,3.841297,5.936827109,103.855773,,,4.097201,3.8053387,0.778205,1.024580105,1.12216937,,1.27054718,15.696727,8846.71885465,,,1.6199551,0.583107,,1.022945,,0.8582841,,53.90507521,1.15251438,,0.740518,
2015-12-18,62.640659,,24.9286147,137.00620584,3.74873,5.794687525,100.977501,,,3.998143,3.7173848,0.761117,0.99724595,1.10899412,,1.2455778,15.385734,8594.35624055,,,1.5761702,0.5699621,,1.001442,,0.8406569,,53.85137757,1.1321509,,0.7216936,
2015-12-21,62.360609,,24.825306,136.044975346,3.73574,5.775339262,100.467851,,,3.979936,3.7022193,0.757615,0.990865788,1.11077458,,1.25045227,15.334649,8329.32916795,,,1.5728556,0.5649584,,1.00091,,0.8395608,,53.76007218,1.13769822,,0.7189364,
2015-12-22,62.539695,,24.7972417,135.978912445,3.740122,5.782829369,100.223416,,,3.991094,3.6982634,0.75461,0.989438397,1.10955534,,1.25016307,15.393164,8435.91543327,,,1.5812008,0.562317,,1.007117,,0.8388816,,53.81218411,1.1405069,,0.7185602,
2015-12-23,63.282208,,25.018678,137.155121213,3.784655,5.852321326,100.945857,,,4.038297,3.731481,0.762492,1.002942522,1.12346004,,1.26415986,15.564371,8309.50079034,,,1.5952911,0.5668687,,1.011362,,0.8473233,,53.94359786,1.14776389,,0.7287189,
2015-12-24,63.278676,,25.0157386,137.143242305,3.784206,5.852369932,100.9338,,,4.037735,3.7312701,0.762282,1.002877748,1.12341596,,1.26403512,15.565975,8308.95237885,,,1.5954156,0.5668374,,1.012614,,0.8471387,,53.93313878,1.147722,,0.7286754,
2015-12-28,63.322749,,25.1719424,137.170152637,3.80796,5.889791706,101.393178,,,4.040334,3.7547708,0.771033,1.002355729,1.1271061,,1.26695997,15.570465,8054.4392544,,,1.5917105,0.5611792,,1.01292,,0.8504908,,53.77669146,1.15126159,,0.7306842,
2015-12-29,62.843608,,25.0649704,136.574375736,3.797035,5.873658281,100.807652,,,4.009321,3.7390624,0.770572,0.997924365,1.12228545,,1.26651946,15.520196,8164.9409774,,,1.5880722,0.5575224,,1.014178,,0.843065,,54.11830108,1.1541089,,0.7272972,
2015-12-30,62.7468,,24.9164005,137.800039386,3.818565,5.907654621,101.270806,,,4.00284,3.7171265,0.778669,0.9970766,1.1268323,,1.27369453,15.490143,8349.55475289,,,1.5916413,0.5580862,,1.014077,,0.8443944,,53.83028888,1.15288968,,0.7293619,
2015-12-31,62.743556,,24.9136027,137.788052492,3.818107,5.907690163,101.260629,,,4.002313,3.7169358,0.778461,0.997025701,1.12681614,,1.27356771,15.492057,8349.07452476,,,1.591771,0.5580593,,1.014131,,0.84421,,53.82113588,1.15284536,,0.7293273,
