DT_COMPTC,01.094.931/0001-69,05.100.221/0001-55,05.100.234/0001-24,06.047.002/0001-12,06.090.320/0001-66,08.084.540/0001-02,08.576.294/0001-06,08.680.909/0001-40,08.715.375/0001-40,08.760.870/0001-70,08.815.882/0001-55,08.816.490/0001-00,09.528.355/0001-22,10.264.144/0001-09,10.474.482/0001-75,12.082.029/0001-49,12.282.799/0001-35,12.474.262/0001-77,13.072.136/0001-59,14.122.488/0001-34,15.468.677/0001-26,15.649.631/0001-03,15.714.318/0001-01,16.758.788/0001-30,17.036.319/0001-70,17.134.576/0001-44,17.698.602/0001-67,18.085.922/0001-04,18.287.931/0001-88,18.889.846/0001-90,19.358.818/0001-09,97.543.731/0001-15
2005-01-03,,2.801929,3.080703102,,1.310338,,,,,,,,,,,,,,,,,,,,,,,,,,,
2005-01-04,,2.754673,3.029152902,,1.2963616,,,,,,,,,,,,,,,,,,,,,,,,,,,
2005-01-05,,2.717797,2.988989163,,1.2898284,,,,,,,,,,,,,,,,,,,,,,,,,,,
2005-01-06,,2.698996,2.968688337,,1.2792418,,,,,,,,,,,,,,,,,,,,,,,,,,,
2005-01-07,,2.72335,2.995820916,,1.289467,,,,,,,,,,,,,,,,,,,,,,,,,,,
2005-01-10,,2.702192,2.972932834,,1.2781384,,,,,,,,,,,,,,,,,,,,,,,,,,,
2005-01-11,,2.691127,2.961135504,,1.2779049,,,,,,,,,,,,,,,,,,,,,,,,,,,
2005-01-12,,2.687631,2.957656418,,1.2809254,,,,,,,,,,,,,,,,,,,,,,,,,,,
2005-01-13,,2.745664,3.021850786,,1.3026856,,,,,,,,,,,,,,,,,,,,,,,,,,,
2005-01-14,,2.7462,3.022822368,,1.3095692,,,,,,,,,,,,,,,,,,,,,,,,,,,
2005-01-17,,2.742432,3.018810892,,1.315023,,,,,,,,,,,,,,,,,,,,,,,,,,,
2005-01-18,,2.690171,2.961755187,,1.2994319,,,,,,,,,,,,,,,,,,,,,,,,,,,
2005-01-19,,2.682509,2.953773255,,1.3043664,,,,,,,,,,,,,,,,,,,,,,,,,,,
2005-01-20,,2.628773,2.894987966,,1.2901652,,,,,,,,,,,,,,,,,,,,,,,,,,,
2005-01-21,,2.637743,2.904693146,,1.2792804,,,,,,,,,,,,,,,,,,,,,,,,,,,
2005-01-24,,2.668423,2.938981469,,1.2683517,,,,,,,,,,,,,,,,,,,,,,,,,,,
2005-01-25,,2.668234,2.939155374,,1.2683318,,,,,,,,,,,,,,,,,,,,,,,,,,,
2005-01-26,,2.692767,2.967026751,,1.2684855,,,,,,,,,,,,,,,,,,,,,,,,,,,
2005-01-27,,2.639174,2.908061254,,1.2603716,,,,,,,,,,,,,,,,,,,,,,,,,,,
2005-01-28,,2.610884,2.877268635,,1.2631334,,,,,,,,,,,,,,,,,,,,,,,,,,,
2005-01-31,,2.655203,2.926460426,,1.2705391,,,,,,,,,,,,,,,,,,,,,,,,,,,
2005-02-01,,2.651382,2.922631433,,1.2572172,,,,,,,,,,,,,,,,,,,,,,,,,,,
2005-02-02,,2.680175,2.954733015,,1.2594227,,,,,,,,,,,,,,,,,,,,,,,,,,,
2005-02-03,,2.722423,3.001672971,,1.2652992,,,,,,,,,,,,,,,,,,,,,,,,,,,
2005-02-04,,2.780621,3.066203942,,1.2864419,,,,,,,,,,,,,,,,,,,,,,,,,,,
2005-02-09,,2.822773,3.113051949,,1.2956752,,,,,,,,,,,,,,,,,,,,,,,,,,,
2005-02-10,,2.809565,3.098894327,,1.3081316,,,,,,,,,,,,,,,,,,,,,,,,,,,
2005-02-11,,2.827711,3.119586029,,1.3147666,,,,,,,,,,,,,,,,,,,,,,,,,,,
2005-02-14,,2.831926,3.12441679,,1.3197513,,,,,,,,,,,,,,,,,,,,,,,,,,,
2005-02-15,,2.817281,3.108630226,,1.3299703,,,,,,,,,,,,,,,,,,,,,,,,,,,
2005-02-16,,2.806,3.096559679,,1.348451,,,,,,,,,,,,,,,,,,,,,,,,,,,
2005-02-17,,2.830506,3.123953956,,1.362636,,,,,,,,,,,,,,,,,,,,,,,,,,,
2005-02-18,,2.840006,3.13481308,,1.362539,,,,,,,,,,,,,,,,,,,,,,,,,,,
2005-02-21,,2.848067,3.144097105,,1.3618134,,,,,,,,,,,,,,,,,,,,,,,,,,,
2005-02-22,,2.880811,3.180611968,,1.3647244,,,,,,,,,,,,,,,,,,,,,,,,,,,
2005-02-23,,2.88439,3.184951173,,1.3620367,,,,,,,,,,,,,,,,,,,,,,,,,,,
2005-02-24,,2.960404,3.269232467,,1.37139,,,,,,,,,,,,,,,,,,,,,,,,,,,
2005-02-25,,2.985775,3.297641976,,1.3815958,,,,,,,,,,,,,,,,,,,,,,,,,,,
2005-02-28,,2.965659,3.27583282,,1.3747839,,,,,,,,,,,,,,,,,,,,,,,,,,,
2005-03-01,,2.954316,3.263696689,,1.3683937,,,,,,,,,,,,,,,,,,,,,,,,,,,
2005-03-02,,2.964818,3.275684739,,1.3709872,,,,,,,,,,,,,,,,,,,,,,,,,,,
2005-03-03,,3.009729,3.325665154,,1.3784393,,,,,,,,,,,,,,,,,,,,,,,,,,,
2005-03-04,,3.063808,3.385799418,,1.3895039,,,,,,,,,,,,,,,,,,,,,,,,,,,
2005-03-07,,3.105338,3.432090315,100.0,1.3971475,,,,,,,,,,,,,,,,,,,,,,,,,,,
2005-03-08,,3.073834,3.397709384,100.0,1.3883938,,,,,,,,,,,,,,,,,,,,,,,,,,,
2005-03-09,,3.069457,3.39330731,99.8971599,1.3899871,,,,,,,,,,,,,,,,,,,,,,,,,,,
2005-03-10,,3.027861,3.347747318,99.2405315,1.3893444,,,,,,,,,,,,,,,,,,,,,,,,,,,
2005-03-11,,3.035928,3.357087932,99.7247924,1.390129,,,,,,,,,,,,,,,,,,,,,,,,,,,
2005-03-14,,2.993959,3.311131813,98.5897008,1.3946778,,,,,,,,,,,,,,,,,,,,,,,,,,,
2005-03-15,,2.99456,3.312222154,98.3264736,1.3978449,,,,,,,,,,,,,,,,,,,,,,,,,,,
2005-03-16,,2.974771,3.29076925,98.0560809,1.4013224,,,,,,,,,,,,,,,,,,,,,,,,,,,
2005-03-17,,2.973097,3.289334575,98.1531977,1.404938,,,,,,,,,,,,,,,,,,,,,,,,,,,
2005-03-18,,2.972214,3.288786173,97.7804124,1.4033853,,,,,,,,,,,,,,,,,,,,,,,,,,,
2005-03-21,,2.92813,3.24045918,96.7452744,1.4109978,,,,,,,,,,,,,,,,,,,,,,,,,,,
2005-03-22,,2.906722,3.217194243,95.5658959,1.4061671,,,,,,,,,,,,,,,,,,,,,,,,,,,
2005-03-23,,2.81349,3.114471183,92.4830062,1.3833176,,,,,,,,,,,,,,,,,,,,,,,,,,,
2005-03-24,,2.845855,3.150671003,93.6020693,1.403649,,,,,,,,,,,,,,,,,,,,,,,,,,,
2005-03-28,,2.801382,3.101862004,92.6581078,1.3813172,,,,,,,,,,,,,,,,,,,,,,,,,,,
2005-03-29,,2.727434,3.020399858,91.107435,1.3597783,,,,,,,,,,,,,,,,,,,,,,,,,,,
2005-03-30,,2.710722,3.002282892,90.6037849,1.3626549,,,,,,,,,,,,,,,,,,,,,,,,,,,
2005-03-31,,2.749701,3.045811056,90.9769708,1.3633331,,,,,,,,,,,,,,,,,,,,,,,,,,,
2005-04-01,,2.766,3.064260376,90.6352689,1.3663069,,,,,,,,,,,,,,,,,,,,,,,,,,,
2005-04-04,,2.724069,3.018242511,89.5035273,1.3443948,,,,,,,,,,,,,,,,,,,,,,,,,,,
2005-04-05,,2.70885,3.00193729,89.1199386,1.3297175,,,,,,,,,,,,,,,,,,,,,,,,,,,
2005-04-06,,2.661093,2.949425557,87.6474552,1.3265128,,,,,,,,,,,,,,,,,,,,,,,,,,,
2005-04-07,,2.661753,2.950525301,88.0097611,1.3462236,,,,,,,,,,,,,,,,,,,,,,,,,,,
2005-04-08,,2.690792,2.983058845,88.9872866,1.3622803,,,,,,,,,,,,,,,,,,,,,,,,,,,
2005-04-11,,2.650809,2.939147377,88.5417695,1.3501747,,,,,,,,,,,,,,,,,,,,,,,,,,,
2005-04-12,,2.63277,2.919527439,88.8145689,1.3553283,,,,,,,,,,,,,,,,,,,,,,,,,,,
2005-04-13,,2.641584,2.929664372,90.1611142,1.3416527,,,,,,,,,,,,,,,,,,,,,,,,,,,
2005-04-14,,2.529054,2.805328383,86.8311648,1.3218792,,,,,,,,,,,,,,,,,,,,,,,,,,,
2005-04-15,,2.467702,2.737670796,85.1218431,1.2818521,,,,,,,,,,,,,,,,,,,,,,,,,,,
2005-04-18,,2.460557,2.730063317,84.9984111,1.2789922,,,,,,,,,,,,,,,,,,,,,,,,,,,
2005-04-19,,2.542039,2.820723584,87.2173689,1.3073009,,,,,,,,,,,,,,,,,,,,,,,,,,,
2005-04-20,,2.544929,2.824274819,87.2324027,1.3213432,,,,,,,,,,,,,,,,,,,,,,,,,,,
2005-04-22,,2.532894,2.811288297,87.4643647,1.3159789,,,,,,,,,,,,,,,,,,,,,,,,,,,
2005-04-25,,2.523565,2.801294017,87.3638963,1.3146811,,,,,,,,,,,,,,,,,,,,,,,,,,,
2005-04-26,,2.541432,2.821472637,87.3438158,1.3145273,,,,,,,,,,,,,,,,,,,,,,,,,,,
2005-04-27,,2.507584,2.784309704,87.0031782,1.2999381,,,,,,,,,,,,,,,,,,,,,,,,,,,
2005-04-28,,2.458572,2.730401831,85.5927566,1.3024093,,,,,,,,,,,,,,,,,,,,,,,,,,,
2005-04-29,,2.44085,2.711068427,85.8883081,1.3087747,,,,,,,,,,,,,,,,,,,,,,,,,,,
2005-05-02,,2.449653,2.721227056,86.304635,1.3122638,,,,,,,,,,,,,,,,,,,,,,,,,,,
2005-05-03,,2.458619,2.731584178,86.211977,1.3182411,,,,,,,,,,,,,,,,,,,,,,,,,,,
2005-05-04,,2.518127,2.798062777,87.4174624,1.3393861,,,,,,,,,,,,,,,,,,,,,,,,,,,
2005-05-05,,2.536334,2.818697204,88.0098166,1.3392052,,,,,,,,,,,,,,,,,,,,,,,,,,,
2005-05-06,,2.533246,2.815639885,88.7673403,1.3378779,,,,,,,,,,,,,,,,,,,,,,,,,,,
2005-05-09,,2.527364,2.809539599,88.6453774,1.3559361,,,,,,,,,,,,,,,,,,,,,,,,,,,
2005-05-10,,2.479782,2.757063961,87.1825605,1.3346788,,,,,,,,,,,,,,,,,,,,,,,,,,,
2005-05-11,,2.437811,2.710740212,85.8032136,1.3383323,,,,,,,,,,,,,,,,,,,,,,,,,,,
2005-05-12,,2.399779,2.668837051,85.54147776,1.3186358,,,,,,,,,,,,,,,,,,,,,,,,,,,
2005-05-13,,2.360503,2.625548419,84.9479225,1.2914451,,,,,,,,,,,,,,,,,,,,,,,,,,,
2005-05-16,,2.367078,2.633166658,84.7705471,1.2933493,,,,,,,,,,,,,,,,,,,,,,,,,,,
2005-05-17,,2.377598,2.64517956,84.9626586,1.3074145,,,,,,,,,,,,,,,,,,,,,,,,,,,
2005-05-18,,2.428336,2.701897727,86.7610988,1.3338892,,,,,,,,,,,,,,,,,,,,,,,,,,,
2005-05-19,,2.409142,2.680935176,86.3423144,1.3091644,,,,,,,,,,,,,,,,,,,,,,,,,,,
2005-05-20,,2.391491,2.661672139,86.0582683,1.2941687,,,,,,,,,,,,,,,,,,,,,,,,,,,
2005-05-23,,2.377004,2.645921142,85.454644591,1.2976563,,,,,,,,,,,,,,,,,,,,,,,,,,,
2005-05-24,,2.380857,2.65056399,85.3333572,1.2872176,,,,,,,,,,,,,,,,,,,,,,,,,,,
2005-05-25,,2.397589,2.669532616,85.5780304,1.3104138,,,,,,,,,,,,,,,,,,,,,,,,,,,
2005-05-27,,2.449187,2.727287476,87.3786758,1.32482,,,,,,,,,,,,,,,,,,,,,,,,,,,
2005-05-30,,2.491195,2.774392951,88.4138314,1.3385237,,,,,,,,,,,,,,,,,,,,,,,,,,,
2005-05-31,,2.500181,2.784769966,88.3945697,1.3506447,,,,,,,,,,,,,,,,,,,,,,,,,,,
2005-06-01,,2.53347,2.822184469,89.5460461,1.3602903,,,,,,,,,,,,,,,,,,,,,,,,,,,
2005-06-02,,2.599453,2.895995399,91.7358328,1.3690325,,,,,,,,,,,,,,,,,,,,,,,,,,,
2005-06-03,,2.608286,2.906264735,92.2718409,1.3799049,,,,,,,,,,,,,,,,,,,,,,,,,,,
2005-06-06,,2.547729,2.839214881,89.3522366,1.3431689,,,,,,,,,,,,,,,,,,,,,,,,,,,
2005-06-07,,2.524949,2.814194504,88.0242054,1.3298889,,,,,,,,,,,,,,,,,,,,,,,,,,,
2005-06-08,,2.496336,2.782676142,87.525313,1.325256,,,,,,,,,,,,,,,,,,,,,,,,,,,
2005-06-09,,2.43021,2.70938055,85.3474935,1.2965721,,,,,,,,,,,,,,,,,,,,,,,,,,,
2005-06-10,,2.471913,2.756169811,87.0326794,1.2882107,,,,,,,,,,,,,,,,,,,,,,,,,,,
2005-06-13,,2.497813,2.785382612,87.9971286,1.2939231,,,,,,,,,,,,,,,,,,,,,,,,,,,
2005-06-14,,2.483665,2.76999169,87.1284917,1.2833782,,,,,,,,,,,,,,,,,,,,,,,,,,,
2005-06-15,,2.487157,2.774244862,87.0567782,1.3029306,,,,,,,,,,,,,,,,,,,,,,,,,,,
2005-06-16,,2.539835,2.833296537,88.9594085,1.2979418,,,,,,,,,,,,,,,,,,,,,,,,,,,
2005-06-17,,2.570828,2.868209927,89.7066998,1.3112175,,,,,,,,,,,,,,,,,,,,,,,,,,,
2005-06-20,,2.551504,2.847056982,89.4211213,1.3011457,,,,,,,,,,,,,,,,,,,,,,,,,,,
2005-06-21,,2.533081,2.826896266,89.2597357,1.3041163,,,,,,,,,,,,,,,,,,,,,,,,,,,
2005-06-22,,2.514015,2.806098339,88.740846,1.2966577,,,,,,,,,,,,,,,,,,,,,,,,,,,
2005-06-23,,2.493048,2.783086926,87.864573,1.2886367,,,,,,,,,,,,,,,,,,,,,,,,,,,
2005-06-24,,2.455058,2.741088581,86.7564201,1.287838,,,,,,,,,,,,,,,,,,,,,,,,,,,
2005-06-27,,2.443126,2.72813926,86.337787,1.280031,,,,,,,,,,,,,,,,,,,,,,,,,,,
2005-06-28,,2.464576,2.752423637,86.6536008,1.2703887,,,,,,,,,,,,,,,,,,,,,,,,,,,
2005-06-29,,2.470343,2.759218069,86.2921312,1.2703331,,,,,,,,,,,,,,,,,,,,,,,,,,,
2005-06-30,,2.469245,2.758357787,86.5994971,1.2761818,,,,,,,,,,,,,,,,,,,,,,,,,,,
2005-07-01,,2.475784,2.76598282,86.9020161,1.2743657,,,,,,,,,,,,,,,,,,,,,,,,,,,
2005-07-04,,2.451479,2.739217456,86.2065882,1.2622549,,,,,,,,,,,,,,,,,,,,,,,,,,,
2005-07-05,,2.43579,2.722058911,85.0108601,1.24654,,,,,,,,,,,,,,,,,,,,,,,,,,,
2005-07-06,,2.393928,2.675687223,83.2023977,1.2166705,,,,,,,,,,,,,,,,,,,,,,,,,,,
2005-07-07,,2.39068,2.672403104,83.1597534,1.2079526,,,,,,,,,,,,,,,,,,,,,,,,,,,
2005-07-08,,2.393834,2.676268649,82.699267,1.1805642,,,,,,,,,,,,,,,,,,,,,,,,,,,
2005-07-11,,2.444008,2.732636319,83.66675004,1.1792074,,,,,,,,,,,,,,,,,,,,,,,,,,,
2005-07-12,,2.501336,2.79701128,84.9971403,1.2053123,,,,,,,,,,,,,,,,,,,,,,,,,,,
2005-07-13,,2.569155,2.873119791,85.9249513,1.2358427,,,,,,,,,,,,,,,,,,,,,,,,,,,
2005-07-14,,2.56126,2.864562773,86.1814072,1.2375937,,,,,,,,,,,,,,,,,,,,,,,,,,,
2005-07-15,,2.513945,2.812217059,84.9579029,1.2130404,,,,,,,,,,,,,,,,,,,,,,,,,,,
2005-07-18,,2.504708,2.802253474,84.764583,1.2015347,,,,,,,,,,,,,,,,,,,,,,,,,,,
2005-07-19,,2.505031,2.802978582,84.6578758,1.2011775,,,,,,,,,,,,,,,,,,,,,,,,,,,
2005-07-20,,2.564052,2.869317806,85.5946325,1.2041368,,,,,,,,,,,,,,,,,,,,,,,,,,,
2005-07-21,,2.613394,2.924815431,85.7671654,1.1848209,,,,,,,,,,,,,,,,,,,,,,,,,,,
2005-07-22,,2.590286,2.899363622,84.4330682,1.1808754,,,,,,,,,,,,,,,,,,,,,,,,,,,
2005-07-25,,2.505165,2.804551566,81.7834663,1.1408744,,,,,,,,,,,,,,,,,,,,,,,,,,,
2005-07-26,,2.510865,2.811340701,81.4734052,1.118957,,,,,,,,,,,,,,,,,,,,,,,,,,,
2005-07-27,,2.566087,2.873443006,82.4125756,1.129242,,,,,,,,,,,,,,,,,,,,,,,,,,,
2005-07-28,,2.628296,2.943406728,85.1861908,1.1755157,,,,,,,,,,,,,,,,,,,,,,,,,,,
2005-07-29,,2.636363,2.952826712,86.3791967,1.1905789,,,,,,,,,,,,,,,,,,,,,,,,,,,
2005-08-01,,2.616106,2.930501743,86.2264216,1.1850838,,,,,,,,,,,,,,,,,,,,,,,,,,,
2005-08-02,,2.688082,3.011411874,87.7388125,1.2103513,,,,,,,,,,,,,,,,,,,,,,,,,,,
2005-08-03,,2.724002,3.052010822,89.037608,1.245026,,,,,,,,,,,,,,,,,,,,,,,,,,,
2005-08-04,,2.681454,3.005070951,88.4857671,1.2251343,,,,,,,,,,,,,,,,,,,,,,,,,,,
2005-08-05,,2.678853,3.002542527,89.6144172,1.2434965,,,,,,,,,,,,,,,,,,,,,,,,,,,
2005-08-08,,2.702483,3.029387379,89.7204188,1.2389097,,,,,,,,,,,,,,,,,,,,,,,,,,,
2005-08-09,,2.727016,3.057254258,89.9083658,1.2474068,,,,,,,,,,,,,,,,,,,,,,,,,,,
2005-08-10,,2.759725,3.094283003,90.4446444,1.2556516,,,,,,,,,,,,,,,,,,,,,,,,,,,
2005-08-11,,2.741081,3.073331105,89.2183786,1.2478922,,,,,,,,,,,,,,,,,,,,,,,,,,,
2005-08-12,,2.681105,3.006540529,87.136325,1.2062983,,,,,,,,,,,,,,,,,,,,,,,,,,,
2005-08-15,,2.768589,3.104933722,88.9092471,1.2200284,,,,,,,,,,,,,,,,,,,,,,,,,,,
2005-08-16,,2.771871,3.109021505,88.8653171,1.2497355,,,,,,,,,,,,,,,,,,,,,,,,,,,
2005-08-17,,2.795326,3.135717687,89.7649476,1.2574772,,,,,,,,,,,,,,,,,,,,,,,,,,,
2005-08-18,,2.77626,3.114920834,89.2382513,1.2507582,,,,,,,,,,,,,,,,,,,,,,,,,,,
2005-08-19,,2.716188,3.04798145,87.4012582,1.2195142,,,,,,,,,,,,,,,,,,,,,,,,,,,
2005-08-22,,2.769667,3.108317806,89.141920864,1.2482966,,,,,,,,,,,,,,,,,,,,,,,,,,,
2005-08-23,,2.733785,3.068494741,88.724303781,1.2401637,,,,,,,,,,,,,,,,,,,,,,,,,,,
2005-08-24,,2.704539,3.03609167,88.506132615,1.2371381,,,,,,,,,,,,,,,,,,,,,,,,,,,
2005-08-25,,2.726728,3.061365189,89.453894118,1.2608338,,,,,,,,,,,,,,,,,,,,,,,,,,,
2005-08-26,,2.738017,3.074425503,89.659820787,1.2690055,,,,,,,,,,,,,,,,,,,,,,,,,,,
2005-08-29,,2.745298,3.082991161,89.581711384,1.2711997,,,,,,,,,,,,,,,,,,,,,,,,,,,
2005-08-30,,2.763945,3.10431036,89.517117909,1.2726131,,,,,,,,,,,,,,,,,,,,,,,,,,,
2005-08-31,,2.793216,3.137563943,90.309238032,1.2771787,,,,,,,,,,,,,,,,,,,,,,,,,,,
2005-09-01,,2.801919,3.147716121,90.336186063,1.2819173,,,,,,,,,,,,,,,,,,,,,,,,,,,
2005-09-02,,2.831065,3.180834589,91.005492379,1.2786862,,,,,,,,,,,,,,,,,,,,,,,,,,,
2005-09-05,,2.859242,3.212868963,91.638681621,1.2863503,,,,,,,,,,,,,,,,,,,,,,,,,,,
2005-09-06,,2.874385,3.230287247,92.567978321,1.2954313,,,,,,,,,,,,,,,,,,,,,,,,,,,
2005-09-08,,2.897406,3.256548241,93.148142125,1.2959536,,,,,,,,,,,,,,,,,,,,,,,,,,,
2005-09-09,,2.936237,3.300572244,93.804706445,1.3184533,,,,,,,,,,,,,,,,,,,,,,,,,,,
2005-09-12,,2.945302,3.311183856,94.113431135,1.3275284,,,,,,,,,,,,,,,,,,,,,,,,,,,
2005-09-13,,2.945488,3.311821086,94.647053374,1.2879868,,,,,,,,,,,,,,,,,,,,,,,,,,,
2005-09-14,,2.953333,3.321063924,95.305756631,1.3164085,,,,,,,,,,,,,,,,,,,,,,,,,,,
2005-09-15,,2.994247,3.367453044,96.17824635,1.3160471,,,,,,,,,,,,,,,,,,,,,,,,,,,
2005-09-16,,3.012842,3.388782818,96.864488711,1.3288725,,,,,,,,,,,,,,,,,,,,,,,,,,,
2005-09-19,,3.014291,3.390846006,97.852976568,1.331507,,,,,,,,,,,,,,,,,,,,,,,,,,,
2005-09-20,,3.042273,3.422727693,97.983604552,1.3370714,,,,,,,,,,,,,,,,,,,,,,,,,,,
2005-09-21,,3.055084,3.437567016,97.956034256,1.3364414,,,,,,,,,,,,,,,,,,,,,,,,,,,
2005-09-22,,3.039157,3.420104829,97.633873955,1.3436797,,,,,,,,,,,,,,,,,,,,,,,,,,,
2005-09-23,,3.082892,3.469705257,98.393632424,1.3526313,,,,,,,,,,,,,,,,,,,,,,,,,,,
2005-09-26,,3.069699,3.455323837,98.345567169,1.3488731,,,,,,,,,,,,,,,,,,,,,,,,,,,
2005-09-27,,3.044729,3.427689479,98.132280545,1.332272,,,,,,,,,,,,,,,,,,,,,,,,,,,
2005-09-28,,3.1029,3.493540806,99.573775809,1.3317683,,,,,,,,,,,,,,,,,,,,,,,,,,,
2005-09-29,,3.104272,3.495527268,99.715167823,1.3148006,,,,,,,,,,,,,,,,,,,,,,,,,,,
2005-09-30,,3.134641,3.530136573,101.040344237,1.3369328,,,,,,,,,,,,,,,,,,,,,,,,,,,
2005-10-03,,3.179938,3.581593539,102.543807825,1.3642807,,,,,,,,,,,,,,,,,,,,,,,,,,,
2005-10-04,,3.144929,3.5426399,101.787455635,1.3622765,,,,,,,,,,,,,,,,,,,,,,,,,,,
2005-10-05,,3.038042,3.422767647,99.637209461,1.3448355,,,,,,,,,,,,,,,,,,,,,,,,,,,
2005-10-06,,2.956714,3.33164934,97.557556296,1.3101244,,,,,,,,,,,,,,,,,,,,,,,,,,,
2005-10-07,,2.968374,3.345182558,98.045152868,1.3128595,,,,,,,,,,,,,,,,,,,,,,,,,,,
2005-10-10,,3.004629,3.386418603,99.041404898,1.307763,,,,,,,,,,,,,,,,,,,,,,,,,,,
2005-10-11,,3.020346,3.404551543,98.924504089,1.3039275,,,,,,,,,,,,,,,,,,,,,,,,,,,
2005-10-13,,2.928876,3.301996818,97.337688635,1.2768901,,,,,,,,,,,,,,,,,,,,,,,,,,,
2005-10-14,,2.921092,3.293650623,97.165931075,1.2704937,,,,,,,,,,,,,,,,,,,,,,,,,,,
2005-10-17,,2.959455,3.336873276,97.800218821,1.273654,,,,,,,,,,,,,,,,,,,,,,,,,,,
2005-10-18,,2.913014,3.285004046,96.263579834,1.266369,,,,,,,,,,,,,,,,,,,,,,,,,,,
2005-10-19,,2.837938,3.200803189,95.117243044,1.2480608,,,,,,,,,,,,,,,,,,,,,,,,,,,
2005-10-20,,2.824566,3.186138361,95.30089657,1.2473957,,,,,,,,,,,,,,,,,,,,,,,,,,,
2005-10-21,,2.825874,3.188028607,94.822430176,1.238942,,,,,,,,,,,,,,,,,,,,,,,,,,,
2005-10-24,,2.86953,3.23763682,95.215543878,1.2500959,,,,,,,,,,,,,,,,,,,,,,,,,,,
2005-10-25,,2.885729,3.256324071,95.711101349,1.2478371,,,,,,,,,,,,,,,,,,,,,,,,,,,
2005-10-26,,2.885051,3.255987059,95.978636506,1.2477553,,,,,,,,,,,,,,,,,,,,,,,,,,,
2005-10-27,,2.851013,3.218041031,95.082783432,1.2442724,,,,,,,,,,,,,,,,,,,,,,,,,,,
2005-10-28,,2.87399,3.244363862,95.631769382,1.2464851,,,,,,,,,,,,,,,,,,,,,,,,,,,
2005-10-31,,2.938762,3.317828237,97.009148533,1.2628418,,,,,,,,,,,,,,,,,,,,,,,,,,,
2005-11-01,,3.010072,3.398665672,98.123312028,1.280414,,,,,,,,,,,,,,,,,,,,,,,,,,,
2005-11-03,,3.055688,3.450542809,99.12953216,1.2988187,,,,,,,,,,,,,,,,,,,,,,,,,,,
2005-11-04,,3.020185,3.410958442,98.815283343,1.2835047,,,,,,,,,,,,,,,,,,,,,,,,,,,
2005-11-07,,3.031009,3.423592182,99.187250861,1.2804944,,,,,,,,,,,,,,,,,,,,,,,,,,,
2005-11-08,,3.010582,3.400992131,99.124042476,1.2778181,,,,,,,,,,,,,,,,,,,,,,,,,,,
2005-11-09,,2.999003,3.388372192,99.175326969,1.2591695,,,,,,,,,,,,,,,,,,,,,,,,,,,
2005-11-10,,2.982839,3.370575295,99.071542757,1.2620016,,,,,,,,,,,,,,,,,,,,,,,,,,,
2005-11-11,,2.996119,3.386014211,98.978948258,1.2623107,,,,,,,,,,,,,,,,,,,,,,,,,,,
2005-11-14,,2.963496,3.349631077,97.78092115,1.2632272,,,,,,,,,,,,,,,,,,,,,,,,,,,
2005-11-16,,2.976857,3.365150543,98.478183064,1.2653146,,,,,,,,,,,,,,,,,,,,,,,,,,,
2005-11-17,,3.022476,3.417096276,99.768031305,1.2688322,,,,,,,,,,,,,,,,,,,,,,,,,,,
2005-11-18,,3.051745,3.450611675,100.051475645,1.2762078,,,,,,,,,,,,,,,,,,,,,,,,,,,
2005-11-21,,3.060697,3.461169213,100.254992566,1.2645283,,,,,,,,,,,,,,,,,,,,,,,,,,,
2005-11-22,,3.036896,3.43474268,100.2413291,1.2699804,,,,,,,,,,,,,,,,,,,,,,,,,,,
2005-11-23,,3.10439,3.511426679,101.8728471,1.2721148,,,,,,,,,,,,,,,,,,,,,,,,,,,
2005-11-24,,3.128835,3.53950885,102.183872797,1.2715218,,,,,,,,,,,,,,,,,,,,,,,,,,,
2005-11-25,,3.134097,3.54645677,102.601101831,1.2702299,,,,,,,,,,,,,,,,,,,,,,,,,,,
2005-11-28,,3.127912,3.540213568,103.207391648,1.2780937,,,,,,,,,,,,,,,,,,,,,,,,,,,
2005-11-29,,3.111724,3.52132678,102.790498626,1.271658,,,,,,,,,,,,,,,,,,,,,,,,,,,
2005-11-30,,3.121412,3.532743065,103.126591772,1.2684764,,,,,,,,,,,,,,,,,,,,,,,,,,,
2005-12-01,,3.197007,3.618676905,105.125225849,1.2879588,,,,,,,,,,,,,,,,,,,,,,,,,,,
2005-12-02,,3.223845,3.649494316,105.346137429,1.2981754,,,,,,,,,,,,,,,,,,,,,,,,,,,
2005-12-05,,3.200681,3.62373026,106.062703771,1.2939637,,,,,,,,,,,,,,,,,,,,,,,,,,,
2005-12-06,,3.269155,3.701651593,106.510146803,1.3071755,,,,,,,,,,,,,,,,,,,,,,,,,,,
2005-12-07,,3.270449,3.703605051,106.275234262,1.3145901,,,,,,,,,,,,,,,,,,,,,,,,,,,
2005-12-08,,3.269462,3.702977159,106.633974323,1.3149014,,,,,,,,,,,,,,,,,,,,,,,,,,,
2005-12-09,,3.267407,3.701153064,106.631546447,1.3187881,,,,,,,,,,,,,,,,,,,,,,,,,,,
2005-12-12,,3.287564,3.724431402,106.973729912,1.3190613,,,,,,,,,,,,,,,,,,,,,,,,,,,
2005-12-13,,3.305016,3.744670229,107.210690194,1.3282855,,,,,,,,,,,,,,,,,,,,,,,,,,,
2005-12-14,,3.364323,3.812293471,107.827274625,1.3392066,,,,,,,,,,,,,,,,,,,,,,,,,,,
2005-12-15,,3.343644,3.789382495,107.579896191,1.3517157,,,,,,,,,,,,,,,,,,,,,,,,,,,
2005-12-16,,3.354377,3.80203,107.9281331,1.3518262,,,,,,,,,,,,,,,,,,,,,,,,,,,
2005-12-19,,3.340023,3.78625963,107.127688474,1.3527514,,,,,,,,,,,,,,,,,,,,,,,,,,,
2005-12-20,,3.308448,3.750987837,106.320462944,1.3456832,,,,,,,,,,,,,,,,,,,,,,,,,,,
2005-12-21,,3.350642,3.799307802,107.605466138,1.3452276,,,,,,,,,,,,,,,,,,,,,,,,,,,
2005-12-22,,3.350437,3.799531889,107.641148431,1.3618539,,,,,,,,,,,,,,,,,,,,,,,,,,,
2005-12-23,,3.363373,3.814685084,108.3269828,1.3554437,,,,,,,,,,,,,,,,,,,,,,,,,,,
2005-12-26,,3.357746,3.808791943,108.0848323,1.3669277,,,,,,,,,,,,,,,,,,,,,,,,,,,
2005-12-27,,3.381549,3.836258186,108.576990869,1.3754097,,,,,,,,,,,,,,,,,,,,,,,,,,,
2005-12-28,,3.346388,3.796905185,108.000248984,1.3946947,,,,,,,,,,,,,,,,,,,,,,,,,,,
2005-12-29,,3.366845,3.820578918,109.443965087,1.4223012,,,,,,,,,,,,,,,,,,,,,,,,,,,
2005-12-30,,3.365992,3.820614492,109.434223851,1.4222876,,,,,,,,,,,,,,,,,,,,,,,,,,,
2006-01-02,,3.338841,3.789795864,108.792896108,1.4380714,,,,,,,,,,,,,,,,,,,,,,,,,,,
2006-01-03,,3.418719,3.880836813,111.507902923,1.4665673,,,,,,,,,,,,,,,,,,,,,,,,,,,
2006-01-04,,3.486313,3.958005532,114.313032625,1.488794,,,,,,,,,,,,,,,,,,,,,,,,,,,
2006-01-05,,3.502711,3.977115068,114.9875601,1.4742313,,,,,,,,,,,,,,,,,,,,,,,,,,,
2006-01-06,,3.546867,4.027723991,116.976766285,1.4695495,,,,,,,,,,,,,,,,,,,,,,,,,,,
2006-01-09,,3.524827,4.003229836,117.144064627,1.4658856,,,,,,,,,,,,,,,,,,,,,,,,,,,
2006-01-10,,3.485221,3.958783538,116.061148537,1.4727608,,,,,,,,,,,,,,,,,,,,,,,,,,,
2006-01-11,,3.536249,4.017200299,117.709044082,1.4763168,,,,,,,,,,,,,,,,,,,,,,,,,,,
2006-01-12,,3.548165,4.03124165,118.302834192,1.4673858,,,,,,,,,,,,,,,,,,,,,,,,,,,
2006-01-13,,3.550643,4.034547305,117.872445505,1.4687628,,,,,,,,,,,,,,,,,,,,,,,,,,,
2006-01-16,,3.599976,4.091003155,119.533919211,1.4740994,,,,,,,,,,,,,,,,,,,,,,,,,,,
2006-01-17,,3.585353,4.074936672,118.922287159,1.4644482,,,,,,,,,,,,,,,,,,,,,,,,,,,
2006-01-18,,3.541353,4.025477455,118.215674874,1.4680023,,,,,,,,,,,,,,,,,,,,,,,,,,,
2006-01-19,,3.644621,4.143296876,121.305619447,1.4913746,,,,,,,,,,,,,,,,,,,,,,,,,,,
2006-01-20,,3.620352,4.116283768,121.532474285,1.514882,,,,,,,,,,,,,,,,,,,,,,,,,,,
2006-01-23,,3.578392,4.06913143,120.841321194,1.5219849,,,,,,,,,,,,,,,,,,,,,,,,,,,
2006-01-24,,3.660708,4.163182857,123.102127767,1.5226845,,,,,,,,,,,,,,,,,,,,,,,,,,,
2006-01-25,,3.660304,4.163272066,123.09427075,1.5226946,,,,,,,,,,,,,,,,,,,,,,,,,,,
2006-01-26,,3.740326,4.254752063,124.6668235,1.5523129,,,,,,,,,,,,,,,,,,,,,,,,,,,
2006-01-27,,3.831971,4.359481647,125.579743196,1.5668677,,,,,,,,,,,,,,,,,,,,,,,,,,,
2006-01-30,,3.791917,4.314533984,124.238434832,1.5476269,,,,,,,,,,,,,,,,,,,,,,,,,,,
2006-01-31,,3.800376,4.324702723,123.604982688,1.5475916,,,,,,,,,,,,,,,,,,,,,,,,,,,
2006-02-01,,3.798803,4.323456207,123.43453177,1.5494696,,,,,,,,,,,,,,,,,,,,,,,,,,,
2006-02-02,,3.777049,4.29932075,122.731699603,1.5455094,,,,,,,,,,,,,,,,,,,,,,,,,,,
2006-02-03,,3.729271,4.245572407,121.652923591,1.5473455,,,,,,,,,,,,,,,,,,,,,,,,,,,
2006-02-06,,3.775059,4.298247425,122.301283309,1.5522784,,,,,,,,,,,,,,,,,,,,,,,,,,,
2006-02-07,,3.703242,4.217146285,120.563591389,1.5420425,,,,,,,,,,,,,,,,,,,,,,,,,,,
2006-02-08,,3.676107,4.187367246,121.069361036,1.5360304,,,,,,,,,,,,,,,,,,,,,,,,,,,
2006-02-09,,3.71026,4.226817789,122.940960436,1.5395061,,,,,,,,,,,,,,,,,,,,,,,,,,,
2006-02-10,,3.743148,4.264845654,123.736675189,1.5443285,,,,,,,,,,,,,,,,,,,,,,,,,,,
2006-02-13,,3.671149,4.183486278,122.383987185,1.541811,,,,,,,,,,,,,,,,,,,,,,,,,,,
2006-02-14,,3.646281,4.155738285,121.59131772,1.5396618,,,,,,,,,,,,,,,,,,,,,,,,,,,
2006-02-15,,3.669204,4.182408882,122.521342019,1.5611878,,,,,,,,,,,,,,,,,,,,,,,,,,,
2006-02-16,,3.722584,4.243774528,124.540387478,1.5662584,,,,,,,,,,,,,,,,,,,,,,,,,,,
2006-02-17,,3.768711,4.296899304,127.167822726,1.5586326,,,,,,,,,,,,,,,,,,,,,,,,,,,
2006-02-20,,3.753891,4.280618102,125.9824997,1.5582716,,,,,,,,,,,,,,,,,,,,,,,,,,,
2006-02-21,,3.744957,4.271026271,125.5316275,1.5668892,,,,,,,,,,,,,,,,,,,,,,,,,,,
2006-02-22,,3.746034,4.272840574,125.078213,1.5894712,,,,,,,,,,,,,,,,,,,,,,,,,,,
2006-02-23,,3.743534,4.27057714,125.593099,1.6005931,,,,,,,,,,,,,,,,,,,,,,,,,,,
2006-02-24,,3.78739,4.321142049,127.379116,1.6169161,,,,,,,,,,,,,,,,,,,,,,,,,,,
2006-03-01,,3.857014,4.400982809,128.8953397,1.6241016,,,,,,,,,,,,,,,,,,,,,,,,,,,
2006-03-02,,3.896811,4.446888452,129.1842989,1.628558,,,,,,,,,,,,,,,,,,,,,,,,,,,
2006-03-03,,3.898615,4.449510868,129.0287372,1.639409,,,,,,,,,,,,,,,,,,,,,,,,,,,
2006-03-06,,3.865257,4.41203589,128.8095913,1.6535323,,,,,,,,,,,,,,,,,,,,,,,,,,,
2006-03-07,,3.747973,4.278841272,125.443227729,1.6350166,,,,,,,,,,,,,,,,,,,,,,,,,,,
2006-03-08,,3.690656,4.213997265,123.871193695,1.6201948,,,,,,,,,,,,,,,,,,,,,,,,,,,
2006-03-09,,3.694698,4.219129895,124.224729966,1.6134725,,,,,,,,,,,,,,,,,,,,,,,,,,,
2006-03-10,,3.663532,4.184109196,124.387926638,1.6314091,,,,,,,,,,,,,,,,,,,,,,,,,,,
2006-03-13,,3.676499,4.199412547,123.596968123,1.6270773,,,,,,,,,,,,,,,,,,,,,,,,,,,
2006-03-14,,3.700069,4.22690355,124.156043055,1.6383825,,,,,,,,,,,,,,,,,,,,,,,,,,,
2006-03-15,,3.776637,4.314822664,126.143445406,1.6282612,,,,,,,,,,,,,,,,,,,,,,,,,,,
2006-03-16,,3.810274,4.353772388,127.150659938,1.6440703,,,,,,,,,,,,,,,,,,,,,,,,,,,
2006-03-17,,3.790628,4.331914674,125.827096567,1.6237372,,,,,,,,,,,,,,,,,,,,,,,,,,,
2006-03-20,,3.817109,4.362689324,126.398679153,1.6241117,,,,,,,,,,,,,,,,,,,,,,,,,,,
2006-03-21,,3.781308,4.322365045,124.810466876,1.6277621,,,,,,,,,,,,,,,,,,,,,,,,,,,
2006-03-22,,3.795416,4.339017837,125.192795724,1.6169994,,,,,,,,,,,,,,,,,,,,,,,,,,,
2006-03-23,,3.788835,4.332052586,124.61873628,1.6040777,,,,,,,,,,,,,,,,,,,,,,,,,,,
2006-03-24,,3.788221,4.331896634,124.327209654,1.6033899,,,,,,,,,,,,,,,,,,,,,,,,,,,
2006-03-27,,3.783935,4.327529076,124.691370906,1.6014698,,,,,,,,,,,,,,,,,,,,,,,,,,,
2006-03-28,,3.750759,4.290174562,124.307506835,1.6004371,,,,,,,,,,,,,,,,,,,,,,,,,,,
2006-03-29,,3.735314,4.273064493,123.580505005,1.597996,,,,,,,,,,,,,,,,,,,,,,,,,,,
2006-03-30,,3.769037,4.312141943,124.732813574,1.6126715,,,,,,,,,,,,,,,,,,,,,,,,,,,
2006-03-31,,3.75957,4.301873334,125.269566393,1.5996889,,,,,,,,,,,,,,,,,,,,,,,,,,,
2006-04-03,,3.801308,4.350095514,127.403696934,1.6183087,,,,,,,,,,,,,,,,,,,,,,,,,,,
2006-04-04,,3.834658,4.388747166,128.638945669,1.6075956,,,,,,,,,,,,,,,,,,,,,,,,,,,
2006-04-05,,3.84596,4.402191722,127.922949645,1.6036467,,,,,,,,,,,,,,,,,,,,,,,,,,,
2006-04-06,,3.870485,4.430824112,127.720036834,1.5941643,,,,,,,,,,,,,,,,,,,,,,,,,,,
2006-04-07,,3.861654,4.421288932,127.422714982,1.5988823,,,,,,,,,,,,,,,,,,,,,,,,,,,
2006-04-10,,3.825793,4.380834636,126.331841542,1.5898902,,,,,,,,,,,,,,,,,,,,,,,,,,,
2006-04-11,,3.794006,4.345021088,125.463218998,1.5998877,,,,,,,,,,,,,,,,,,,,,,,,,,,
2006-04-12,,3.771372,4.319701636,125.158558948,1.6066385,,,,,,,,,,,,,,,,,,,,,,,,,,,
2006-04-13,,3.76568,4.313734219,124.79800392,1.6154657,,,,,,,,,,,,,,,,,,,,,,,,,,,
2006-04-17,,3.778997,4.3295272,124.582213356,1.623344,,,,,,,,,,,,,,,,,,,,,,,,,,,
2006-04-18,,3.817483,4.374135736,125.108732748,1.6295268,,,,,,,,,,,,,,,,,,,,,,,,,,,
2006-04-19,,3.868667,4.433292591,127.346523002,1.6267553,,,,,,,,,,,,,,,,,,,,,,,,,,,
2006-04-20,,3.867449,4.432472437,127.809374754,1.6202646,,,,,,,,,,,,,,,,,,,,,,,,,,,
2006-04-24,,3.849566,4.412567918,128.108818862,1.6253109,,,,,,,,,,,,,,,,,,,,,,,,,,,
2006-04-25,,3.861778,4.427113125,127.716238112,1.6354367,,,,,,,,,,,,,,,,,,,,,,,,,,,
2006-04-26,,3.918577,4.492734361,128.017856919,1.660304,,,,,,,,,,,,,,,,,,,,,,,,,,,
2006-04-27,,3.907605,4.480748913,127.499637623,1.6658988,,,,,,,,,,,,,,,,,,,,,,,,,,,
2006-04-28,,3.918116,4.493361877,128.046177486,1.6815229,,,,,,,,,,,,,,,,,,,,,,,,,,,
2006-05-02,,3.971159,4.554684957,129.571669719,1.6960036,,,,,,,,,,,,,,,,,,,,,,,,,,,
2006-05-03,,3.981904,4.567555013,129.703709595,1.7076041,,,,,,,,,,,,,,,,,,,,,,,,,,,
2006-05-04,,4.008436,4.598517992,130.779969217,1.7344994,,,,,,,,,,,,,,,,,,,,,,,,,,,
2006-05-05,,4.046556,4.642772596,130.714781851,1.7494432,,,,,,,,,,,,,,,,,,,,,,,,,,,
2006-05-08,,4.072763,4.673385711,130.947154726,1.7747053,,,,,,,,,,,,,,,,,,,,,,,,,,,
2006-05-09,,4.106277,4.712382679,131.014483418,1.7927625,,,,,,,,,,,,,,,,,,,,,,,,,,,
2006-05-10,,4.10062,4.706473323,130.657994108,1.7863666,,,,,,,,,,,,,,,,,,,,,,,,,,,
2006-05-11,,4.065552,4.666831551,129.36181384,1.8003355,,,,,,,,,,,,,,,,,,,,,,,,,,,
2006-05-12,,3.940738,4.524242796,125.619477965,1.78878,,,,,,,,,,,,,,,,,,,,,,,,,,,
2006-05-15,,3.859388,4.431461183,124.141227203,1.771635,,,,,,,,,,,,,,,,,,,,,,,,,,,
2006-05-16,,3.870859,4.445149215,125.169581441,1.7965604,,,,,,,,,,,,,,,,,,,,,,,,,,,
2006-05-17,,3.789674,4.352557202,122.234338236,1.7973605,,,,,,,,,,,,,,,,,,,,,,,,,,,
2006-05-18,,3.757043,4.315633624,121.353256663,1.7949042,,,,,,,,,,,,,,,,,,,,,,,,,,,
2006-05-19,,3.74371,4.300850385,121.167901513,1.7937775,,,,,,,,,,,,,,,,,,,,,,,,,,,
2006-05-22,,3.592758,4.128110989,115.949747202,1.7290619,,,,,,,,,,,,,,,,,,,,,,,,,,,
2006-05-23,,3.64294,4.186224904,116.823685898,1.7493494,,,,,,,,,,,,,,,,,,,,,,,,,,,
2006-05-24,,3.50294,4.026034073,112.187387188,1.7128801,,,,,,,,,,,,,,,,,,,,,,,,,,,
2006-05-25,,3.630897,4.173467209,115.94458274,1.744385,,,,,,,,,,,,,,,,,,,,,,,,,,,
2006-05-26,,3.753433,4.314710903,120.098046572,1.7849429,,,,,,,,,,,,,,,,,,,,,,,,,,,
2006-05-29,,3.75546,4.317608178,121.25499093,1.8039918,,,,,,,,,,,,,,,,,,,,,,,,,,,
2006-05-30,,3.635849,4.18078812,117.401318581,1.7796985,,,,,,,,,,,,,,,,,,,,,,,,,,,
2006-05-31,,3.619199,4.1614135,118.076802367,1.7851094,,,,,,,,,,,,,,,,,,,,,,,,,,,
2006-06-01,,3.676853,4.228187483,119.927892989,1.8141114,,,,,,,,,,,,,,,,,,,,,,,,,,,
2006-06-02,,3.733184,4.293469235,122.151424952,1.8212576,,,,,,,,,,,,,,,,,,,,,,,,,,,
2006-06-05,,3.676558,4.22897152,119.91521254,1.8169078,,,,,,,,,,,,,,,,,,,,,,,,,,,
2006-06-06,,3.586316,4.125796963,117.906325384,1.7922466,,,,,,,,,,,,,,,,,,,,,,,,,,,
2006-06-07,,3.593716,4.134843832,117.821450645,1.8052906,,,,,,,,,,,,,,,,,,,,,,,,,,,
2006-06-08,,3.507053,4.035764259,114.742743637,1.7644114,,,,,,,,,,,,,,,,,,,,,,,,,,,
2006-06-09,,3.570298,4.109014946,116.503412629,1.776111,,,,,,,,,,,,,,,,,,,,,,,,,,,
2006-06-12,,3.469739,3.99390561,113.41164097,1.7680877,,,,,,,,,,,,,,,,,,,,,,,,,,,
2006-06-13,,3.360807,3.869117718,109.513272949,1.7506094,,,,,,,,,,,,,,,,,,,,,,,,,,,
2006-06-14,,3.301244,3.801072123,107.638482379,1.7394839,,,,,,,,,,,,,,,,,,,,,,,,,,,
2006-06-16,,3.420507,3.938740556,110.091030696,1.7565647,,,,,,,,,,,,,,,,,,,,,,,,,,,
2006-06-19,,3.422054,3.941036653,110.371905966,1.7478097,,,,,,,,,,,,,,,,,,,,,,,,,,,
2006-06-20,,3.396186,3.911792034,110.134206915,1.739339,,,,,,,,,,,,,,,,,,,,,,,,,,,
2006-06-21,,3.444161,3.967501611,110.820451021,1.7358346,,,,,,,,,,,,,,,,,,,,,,,,,,,
2006-06-22,,3.459756,3.985960068,111.117849633,1.7395181,,,,,,,,,,,,,,,,,,,,,,,,,,,
2006-06-23,,3.463538,3.990822485,111.527407493,1.7458717,,,,,,,,,,,,,,,,,,,,,,,,,,,
2006-06-26,,3.471255,4.000214816,112.208128884,1.7531431,,,,,,,,,,,,,,,,,,,,,,,,,,,
2006-06-27,,3.472627,4.002278618,111.329361318,1.7524727,,,,,,,,,,,,,,,,,,,,,,,,,,,
2006-06-28,,3.456772,3.984533536,111.288160615,1.7633832,,,,,,,,,,,,,,,,,,,,,,,,,,,
2006-06-29,,3.541268,4.082341161,113.319669223,1.7748951,,,,,,,,,,,,,,,,,,,,,,,,,,,
2006-06-30,,3.63651,4.19248339,116.556350048,1.8070885,,,,,,,,,,,,,,,,,,,,,,,,,,,
2006-07-03,,3.712208,4.280245016,118.08702557,1.7835337,,,,,,,,,,,,,,,,,,,,,,,,,,,
2006-07-04,,3.744518,4.318020395,118.916786382,1.7745332,,,,,,,,,,,,,,,,,,,,,,,,,,,
2006-07-05,,3.654286,4.214600673,116.600873924,1.7661607,,,,,,,,,,,,,,,,,,,,,,,,,,,
2006-07-06,,3.667246,4.230057122,116.990680119,1.7588657,,,,,,,,,,,,,,,,,,,,,,,,,,,
2006-07-07,,3.625262,4.182205448,116.089515617,1.7392607,,,,,,,,,,,,,,,,,,,,,,,,,,,
2006-07-10,,3.625013,4.182424898,115.548410524,1.7451088,,,,,,,,,,,,,,,,,,,,,,,,,,,
2006-07-11,,3.577931,4.128677604,114.592896356,1.7337411,,,,,,,,,,,,,,,,,,,,,,,,,,,
2006-07-12,,3.599643,4.154224305,114.870377463,1.7370975,,,,,,,,,,,,,,,,,,,,,,,,,,,
2006-07-13,,3.506759,4.047649706,113.076429999,1.7083807,,,,,,,,,,,,,,,,,,,,,,,,,,,
2006-07-14,,3.45117,3.984041622,111.816418164,1.7117211,,,,,,,,,,,,,,,,,,,,,,,,,,,
2006-07-17,,3.430446,3.960566502,112.06570555,1.7183301,,,,,,,,,,,,,,,,,,,,,,,,,,,
2006-07-18,,3.444682,3.977487335,111.872962719,1.7039938,,,,,,,,,,,,,,,,,,,,,,,,,,,
2006-07-19,,3.568477,4.120888909,115.014734999,1.729778,,,,,,,,,,,,,,,,,,,,,,,,,,,
2006-07-20,,3.567968,4.120882544,115.466424586,1.7480514,,,,,,,,,,,,,,,,,,,,,,,,,,,
2006-07-21,,3.496923,4.039451293,113.820793253,1.745235,,,,,,,,,,,,,,,,,,,,,,,,,,,
2006-07-24,,3.541786,4.09177721,114.013799099,1.7572759,,,,,,,,,,,,,,,,,,,,,,,,,,,
2006-07-25,,3.563277,4.117134685,114.057766688,1.7546108,,,,,,,,,,,,,,,,,,,,,,,,,,,
2006-07-26,,3.589298,4.147125455,114.29847411,1.7631108,,,,,,,,,,,,,,,,,,,,,,,,,,,
2006-07-27,,3.589863,4.148347396,115.291413099,1.7470584,,,,,,,,,,,,,,,,,,,,,,,,,,,
2006-07-28,,3.620897,4.184753161,116.871941443,1.7522685,,,,,,,,,,,,,,,,,,,,,,,,,,,
2006-07-31,,3.594233,4.154534046,116.27499821,1.7613487,,,,,,,,,,,,,,,,,,,,,,,,,,,
2006-08-01,,3.549969,4.103946248,114.706953146,1.7453126,,,,,,,,,,,,,,,,,,,,,,,,,,,
2006-08-02,,3.597157,4.158988308,114.793074574,1.7590371,,,,,,,,,,,,,,,,,,,,,,,,,,,
2006-08-03,,3.617044,4.182515087,115.101636159,1.771737,,,,,,,,,,,,,,,,,,,,,,,,,,,
2006-08-04,,3.663211,4.236434185,116.565047554,1.7915021,,,,,,,,,,,,,,,,,,,,,,,,,,,
2006-08-07,,3.651903,4.223980065,116.404341826,1.7863895,,,,,,,,,,,,,,,,,,,,,,,,,,,
2006-08-08,,3.650579,4.223024546,117.505733436,1.789869,,,,,,,,,,,,,,,,,,,,,,,,,,,
2006-08-09,,3.651306,4.224440274,117.970328466,1.7825507,,,,,,,,,,,,,,,,,,,,,,,,,,,
2006-08-10,,3.633554,4.204494886,116.778645407,1.7828201,,,,,,,,,,,,,,,,,,,,,,,,,,,
2006-08-11,,3.637473,4.209554097,117.377061542,1.7838045,,,,,,,,,,,,,,,,,,,,,,,,,,,
2006-08-14,,3.652243,4.227164304,117.784712506,1.7752248,,,,,,,,,,,,,,,,,,,,,,,,,,,
2006-08-15,,3.694028,4.276021786,118.641831053,1.7797626,,,,,,,,,,,,,,,,,,,,,,,,,,,
2006-08-16,,3.750741,4.342159327,120.06730081,1.8048611,,,,,,,,,,,,,,,,,,,,,,,,,,,
2006-08-17,,3.765369,4.35952098,121.461162422,1.8141057,,,,,,,,,,,,,,,,,,,,,,,,,,,
2006-08-18,,3.721405,4.309179606,120.255746118,1.8062544,,,,,,,,,,,,,,,,,,,,,,,,,,,
2006-08-21,,3.695168,4.279357576,119.202639349,1.7987897,,,,,,,,,,,,,,,,,,,,,,,,,,,
2006-08-22,,3.674812,4.256359201,118.692012206,1.7946384,,,,,,,,,,,,,,,,,,,,,,,,,,,
2006-08-23,,3.60722,4.178656019,116.416781548,1.7943983,,,,,,,,,,,,,,,,,,,,,,,,,,,
2006-08-24,,3.575225,4.14213557,115.318743526,1.778225,,,,,,,,,,,,,,,,,,,,,,,,,,,
2006-08-25,,3.627183,4.202808051,116.457932953,1.7841283,,,,,,,,,,,,,,,,,,,,,,,,,,,
2006-08-28,,3.678435,4.262689087,117.540901257,1.7862795,,,,,,,,,,,,,,,,,,,,,,,,,,,
2006-08-29,,3.714747,4.305283164,118.379336711,1.7949747,,,,,,,,,,,,,,,,,,,,,,,,,,,
2006-08-30,,3.760197,4.35846816,118.969205061,1.7994439,,,,,,,,,,,,,,,,,,,,,,,,,,,
2006-08-31,,3.794405,4.398646168,119.813370364,1.7982136,,,,,,,,,,,,,,,,,,,,,,,,,,,
2006-09-01,,3.829538,4.440042823,121.86779039,1.8231701,,,,,,,,,,,,,,,,,,,,,,,,,,,
2006-09-04,,3.880544,4.499707336,123.410040726,1.8271775,,,,,,,,,,,,,,,,,,,,,,,,,,,
2006-09-05,,3.883672,4.503911432,123.527824833,1.8326751,,,,,,,,,,,,,,,,,,,,,,,,,,,
2006-09-06,,3.853826,4.469869639,122.555928067,1.8295556,,,,,,,,,,,,,,,,,,,,,,,,,,,
2006-09-08,,3.859202,4.476665061,123.098850722,1.8422221,,,,,,,,,,,,,,,,,,,,,,,,,,,
2006-09-11,,3.820482,4.432348283,121.357690855,1.8413413,,,,,,,,,,,,,,,,,,,,,,,,,,,
2006-09-12,,3.815838,4.427522025,121.665441338,1.8417188,,,,,,,,,,,,,,,,,,,,,,,,,,,
2006-09-13,,3.841439,4.457778041,123.150445542,1.8443397,,,,,,,,,,,,,,,,,,,,,,,,,,,
2006-09-14,,3.837174,4.453400728,123.101737127,1.8464981,,,,,,,,,,,,,,,,,,,,,,,,,,,
2006-09-15,,3.84357,4.461405009,122.970688983,1.8435547,,,,,,,,,,,,,,,,,,,,,,,,,,,
2006-09-18,,3.868755,4.49118456,123.360818128,1.8426966,,,,,,,,,,,,,,,,,,,,,,,,,,,
2006-09-19,,3.807542,4.420743076,121.408598308,1.8312197,,,,,,,,,,,,,,,,,,,,,,,,,,,
2006-09-20,,3.787075,4.397550733,120.697519756,1.8399124,,,,,,,,,,,,,,,,,,,,,,,,,,,
2006-09-21,,3.672013,4.264592715,118.539682533,1.8253272,,,,,,,,,,,,,,,,,,,,,,,,,,,
2006-09-22,,3.647174,4.236296499,117.04859003,1.823379,,,,,,,,,,,,,,,,,,,,,,,,,,,
2006-09-25,,3.660383,4.252160254,116.854409503,1.8037295,,,,,,,,,,,,,,,,,,,,,,,,,,,
2006-09-26,,3.757722,4.365698101,119.797542126,1.8143826,,,,,,,,,,,,,,,,,,,,,,,,,,,
2006-09-27,,3.761936,4.371147577,120.471772701,1.8213723,,,,,,,,,,,,,,,,,,,,,,,,,,,
2006-09-28,,3.776845,4.389012292,121.297889249,1.8260447,,,,,,,,,,,,,,,,,,,,,,,,,,,
2006-09-29,,3.759234,4.369119274,122.034909866,1.8408591,,,,,,,,,,,,,,,,,,,,,,,,,,,
2006-10-02,,3.817592,4.437477387,123.801600319,1.8576592,,,,,,,,,,,,,,,,,,,,,,,,,,,
2006-10-03,,3.841074,4.465293618,123.518423208,1.857115,,,,,,,,,,,,,,,,,,,,,,,,,,,
2006-10-04,,3.898346,4.532380946,124.973535671,1.8706298,,,,,,,,,,,,,,,,,,,,,,,,,,,
2006-10-05,,3.909144,4.545504358,126.159303614,1.8764428,,,,,,,,,,,,,,,,,,,,,,,,,,,
2006-10-06,,3.864653,4.494390059,124.791130332,1.8712608,,,,,,,,,,,,,,,,,,,,,,,,,,,
2006-10-09,,3.908386,4.545787969,126.699398264,1.8791934,,,,,,,,,,,,,,,,,,,,,,,,,,,
2006-10-10,,3.947809,4.592202355,127.648258164,1.889464,,,,,,,,,,,,,,,,,,,,,,,,,,,
2006-10-11,,3.924964,4.566241357,127.232437333,1.8779749,,,,,,,,,,,,,,,,,,,,,,,,,,,
2006-10-13,,3.979002,4.629649631,127.865363457,1.8867455,,,,,,,,,,,,,,,,,,,,,,,,,,,
2006-10-16,,3.970329,4.62016929,127.253336917,1.8947048,,,,,,,,,,,,,,,,,,,,,,,,,,,
2006-10-17,,3.9523,4.59978086,127.032125545,1.8950659,,,,,,,,,,,,,,,,,,,,,,,,,,,
2006-10-18,,3.968414,4.619041955,128.38758992,1.9013744,,,,,,,,,,,,,,,,,,,,,,,,,,,
2006-10-19,,3.945178,4.592610252,128.053898714,1.8968463,,,,,,,,,,,,,,,,,,,,,,,,,,,
2006-10-20,,3.925918,4.570792653,127.751021556,1.90261,,,,,,,,,,,,,,,,,,,,,,,,,,,
2006-10-23,,3.968015,4.620355902,128.718279937,1.9122557,,,,,,,,,,,,,,,,,,,,,,,,,,,
2006-10-24,,3.994553,4.651849397,130.0900431,1.9187645,,,,,,,,,,,,,,,,,,,,,,,,,,,
2006-10-25,,3.994245,4.65209002,129.812808627,1.9075227,,,,,,,,,,,,,,,,,,,,,,,,,,,
2006-10-26,,3.98945,4.64710237,129.614922091,1.9146779,,,,,,,,,,,,,,,,,,,,,,,,,,,
2006-10-27,,3.992656,4.651430071,129.217558139,1.9158144,,,,,,,,,,,,,,,,,,,,,,,,,,,
2006-10-30,,3.968053,4.623380912,127.796391139,1.9165286,,,,,,,,,,,,,,,,,,,,,,,,,,,
2006-10-31,,4.026018,4.691460001,129.492741922,1.9274383,,,,,,,,,,,,,,,,,,,,,,,,,,,
2006-11-01,,4.090317,4.766887985,131.69249981,1.9348614,,,,,,,,,,,,,,,,,,,,,,,,,,,
2006-11-03,,4.107801,4.787866252,133.072197,1.9306485,,,,,,,,,,,,,,,,,,,,,,,,,,,
2006-11-06,,4.193362,4.888143986,134.685789,1.9327614,,,,,,,,,,,,,,,,,,,,,,,,,,,
2006-11-07,,4.20721,4.904912499,134.353797,1.9362438,,,,,,,,,,,,,,,,,,,,,,,,,,,
2006-11-08,,4.156556,4.846517067,133.662307,1.9435829,,,,,,,,,,,,,,,,,,,,,,,,,,,
2006-11-09,,4.199917,4.897653131,134.94735,1.9550014,,,,,,,,,,,,,,,,,,,,,,,,,,,
2006-11-10,,4.133879,4.821326717,132.686016,1.9588021,,,,,,,,,,,,,,,,,,,,,,,,,,,
2006-11-13,,4.125765,4.8124692,132.210969,1.9540862,,,,,,,,,,,,,,,,,,,,,,,,,,,
2006-11-14,,4.201169,4.900982722,134.74211,1.963628,,,,,,,,,,,,,,,,,,,,,,,,,,,
2006-11-16,,4.243537,4.951023413,135.763603,1.9633418,,,,,,,,,,,,,,,,,,,,,,,,,,,
2006-11-17,,4.184153,4.882412541,134.663204,1.9640593,,,,,,,,,,,,,,,,,,,,,,,,,,,
2006-11-20,,4.183825,4.882640727,134.651572,1.9642881,,,,,,,,,,,,,,,,,,,,,,,,,,,
2006-11-21,,4.242637,4.951852051,136.111148,1.970947,,,,,,,,,,,,,,,,,,,,,,,,,,,
2006-11-22,,4.308219,5.028984832,138.293058,1.9782942,,,,,,,,,,,,,,,,,,,,,,,,,,,
2006-11-23,,4.412393,5.151157788,141.437893,1.9957558,,,,,,,,,,,,,,,,,,,,,,,,,,,
2006-11-24,,4.367624,5.099594456,141.2636,2.0047177,,,,,,,,,,,,,,,,,,,,,,,,,,,
2006-11-27,,4.286496,5.005565908,139.933941,2.0112821,,,,,,,,,,,,,,,,,,,,,,,,,,,
2006-11-28,,4.248251,4.961559131,138.899809,2.0185397,,,,,,,,,,,,,,,,,,,,,,,,,,,
2006-11-29,,4.337309,5.06612758,141.3326,2.0214356,,,,,,,,,,,,,,,,,,,,,,,,,,,
2006-11-30,,4.310603,5.03558062,140.947718,2.0317095,,,,,,,,,,,,,,,,,,,,,,,,,,,
2006-12-01,,4.319211,5.046260298,141.343265,2.0348529,,,,,,,,,,,,,,,,,,,,,,,,,,,
2006-12-04,,4.359631,5.094094192,143.087526,2.0389718,,,,,,,,,,,,,,,,,,,,,,,,,,,
2006-12-05,,4.445734,5.195302888,145.573931,2.0488063,,,,,,,,,,,,,,,,,,,,,,,,,,,
2006-12-06,,4.455488,5.207356246,145.472842,2.0582346,,,,,,,,,,,,,,,,,,,,,,,,,,,
2006-12-07,,4.43044,5.178756261,145.096645,2.0643963,,,,,,,,,,,,,,,,,,,,,,,,,,,
2006-12-08,,4.433104,5.182521486,144.917573,2.0654361,,,,,,,,,,,,,,,,,,,,,,,,,,,
2006-12-11,,4.477862,5.235483395,145.434385,2.0699413,,,,,,,,,,,,,,,,,,,,,,,,,,,
2006-12-12,,4.459018,5.214126837,145.057291,2.0668441,,,,,,,,,,,,,,,,,,,,,,,,,,,
2006-12-13,,4.468849,5.226271272,145.060258,2.0636248,,,,,,,,,,,,,,,,,,,,,,,,,,,
2006-12-14,,4.509432,5.2743714,146.410455,2.0641139,,,,,,,,,,,,,,,,,,,,,,,,,,,
2006-12-15,,4.551643,5.324387823,147.416098,2.0763976,,,,,,,,,,,,,,,,,,,,,,,,,,,
2006-12-18,,4.541901,5.313678678,148.129336,2.1096726,,,,,,,,,,,,,,,,,,,,,,,,,,,
2006-12-19,,4.488947,5.252426699,146.801442,2.1156379,,,,,,,,,,,,,,,,,,,,,,,,,,,
2006-12-20,,4.521973,5.291709679,147.258188,2.1250382,,,,,,,,,,,,,,,,,,,,,,,,,,,
2006-12-21,,4.479514,5.242727056,146.448457,2.1193494,,,,,,,,,,,,,,,,,,,,,,,,,,,
2006-12-22,,4.469695,5.231890304,147.021795,2.1246287,,,,,,,,,,,,,,,,,,,,,,,,,,,
2006-12-26,,4.499147,5.267000184,147.934825,2.1433885,,,,,,,,,,,,,,,,,,,,,,,,,,,
2006-12-27,,4.567938,5.348145552,149.144397,2.1589899,,,,,,,,,,,,,,,,,,,,,,,,,,,
2006-12-28,,4.599449,5.38569761,150.792215,2.1761123,,,,,,,,,,,,,,,,,,,,,,,,,,,
2006-12-29,,4.599072,5.385936266,150.786032,2.176266,,,,,,,,,,,,,,,,,,,,,,,,,,,
2007-01-02,,4.661651,5.460199596,152.349443,2.1857305,,,,,,,,,,,,,,,,,,,,,,,,,,,
2007-01-03,,4.6456,5.442086429,152.403593,2.1864215,,,,,,,,,,,,,,,,,,,,,,,,,,,
2007-01-04,,4.578204,5.363848511,150.584607,2.1738736,,,,,,,,,,,,,,,,,,,,,,,,,,,
2007-01-05,,4.470569,5.238463066,148.6964,2.1714951,,,,,,,,,,,,,,,,,,,,,,,,,,,
2007-01-08,,4.441463,5.205007001,148.305548,2.1849245,,,,,,,,,,,,,,,,,,,,,,,,,,,
2007-01-09,,4.398984,5.155884501,146.974679,2.1847032,,,,,,,,,,,,,,,,,,,,,,,,,,,
2007-01-10,,4.348118,5.096925003,145.733181,2.1763095,,,,,,,,,,,,,,,,,,,,,,,,,,,
2007-01-11,,4.414257,5.175032461,148.247118,2.1752114,,,,,,,,,,,,,,,,,,,,,,,,,,,
2007-01-12,,4.418363,5.18057745,148.857814,2.1816868,,,,,,,,,,,,,,,,,,,,,,,,,,,
2007-01-15,,4.435853,5.20180106,149.612659,2.193793,,,,,,,,,,,,,,,,,,,,,,,,,,,
2007-01-16,,4.383655,5.141396799,148.68748,2.2076613,,,,,,,,,,,,,,,,,,,,,,,,,,,
2007-01-17,,4.399566,5.160758595,149.195213,2.2329328,,,,,,,,,,,,,,,,,,,,,,,,,,,
2007-01-18,,4.443089,5.212507819,150.454631,2.2343075,,,,,,,,,,,,,,,,,,,,,,,,,,,
2007-01-19,,4.435171,5.203954879,150.56893,2.2497319,,,,,,,,,,,,,,,,,,,,,,,,,,,
2007-01-22,,4.470593,5.246217781,151.671308,2.242569,,,,,,,,,,,,,,,,,,,,,,,,,,,
2007-01-23,,4.485154,5.263946202,152.383563,2.2556515,,,,,,,,,,,,,,,,,,,,,,,,,,,
2007-01-24,,4.520858,5.306476723,152.527733,2.2726906,,,,,,,,,,,,,,,,,,,,,,,,,,,
2007-01-25,,4.520479,5.306687892,152.52194,2.2728368,,,,,,,,,,,,,,,,,,,,,,,,,,,
2007-01-26,,4.490091,5.27168658,151.503431,2.2543631,,,,,,,,,,,,,,,,,,,,,,,,,,,
2007-01-29,,4.477219,5.257221532,151.255198,2.2598421,,,,,,,,,,,,,,,,,,,,,,,,,,,
2007-01-30,,4.481917,5.263391724,152.353958,2.2697382,,,,,,,,,,,,,,,,,,,,,,,,,,,
2007-01-31,,4.502043,5.287629317,152.877876,2.2884452,,,,,,,,,,,,,,,,,,,,,,,,,,,
2007-02-01,,4.56817,5.365910692,155.022705,2.2971411,,,,,,,,,,,,,,,,,,,,,,,,,,,
2007-02-02,,4.558852,5.355835061,155.091628,2.3066089,,,,,,,,,,,,,,,,,,,,,,,,,,,
2007-02-05,,4.581984,5.383657844,155.837527,2.3200506,,,,,,,,,,,,,,,,,,,,,,,,,,,
2007-02-06,,4.591242,5.395201037,155.829852,2.3238255,,,,,,,,,,,,,,,,,,,,,,,,,,,
2007-02-07,,4.55065,5.348233866,155.389507,2.2818995,,,,,,,,,,,,,,,,,,,,,,,,,,,
2007-02-08,,4.543878,5.340977003,155.590557,2.2777542,,,,,,,,,,,,,,,,,,,,,,,,,,,
2007-02-09,,4.579673,5.383738361,156.140897,2.2626746,,,,,,,,,,,,,,,,,,,,,,,,,,,
2007-02-12,,4.561811,5.363466082,154.974405,2.2645433,,,,,,,,,,,,,,,,,,,,,,,,,,,
2007-02-13,,4.587046,5.393825629,155.893005,2.2614093,,,,,,,,,,,,,,,,,,,,,,,,,,,
2007-02-14,,4.645808,5.463601686,158.054096,2.2592587,,,,,,,,,,,,,,,,,,,,,,,,,,,
2007-02-15,,4.667192,5.489464079,159.310125,2.249881,,,,,,,,,,,,,,,,,,,,,,,,,,,
2007-02-16,,4.633538,5.450626397,159.14864,2.2483743,,,,,,,,,,,,,,,,,,,,,,,,,,,
2007-02-21,,4.658989,5.481256652,160.13822,2.2787573,,,,,,,,,,,,,,,,,,,,,,,,,,,
2007-02-22,,4.708745,5.540487914,163.104878,2.3156367,,,,,,,,,,,,,,,,,,,,,,,,,,,
2007-02-23,,4.676719,5.50355966,162.247288,2.3390724,,,,,,,,,,,,,,,,,,,,,,,,,,,
2007-02-26,,4.662051,5.487024579,162.229066,2.3276564,,,,,,,,,,,,,,,,,,,,,,,,,,,
2007-02-27,,4.463494,5.254143411,154.67236,2.2848183,,,,,,,,,,,,,,,,,,,,,,,,,,,
2007-02-28,,4.438824,5.22574473,154.264977,2.3115564,,,,,,,,,,,,,,,,,,,,,,,,,,,
2007-03-01,,4.401295,5.181946086,152.337916,0.0,,,,,,,,,,,,,,,,,,,,,,,,,,,
2007-03-02,,4.394054,5.174072241,151.678319,0.0,,,,,,,,,,,,,,,,,,,,,,,,,,,
2007-03-05,,4.290715,5.053089633,147.818681,0.0,,,,,,,,,,,,,,,,,,,,,,,,,,,
2007-03-06,,4.379215,5.157888277,150.84079,0.0,,,,,,,,,,,,,,,,,,,,,,,,,,,
2007-03-07,,4.397829,5.180454344,151.692158,0.0,,,,,,,,,,,,,,,,,,,,,,,,,,,
2007-03-08,,4.435536,5.225500382,153.357554,,0.0,,,,,,,,,,,,,,,,,,,,,,,,,,
2007-03-09,,4.466281,5.262367726,154.302179,,0.0,,,,,,,,,,,,,,,,,,,,,,,,,,
2007-03-12,,4.496768,5.298937132,155.055442,,0.0,,,,,,,,,,,,,,,,,,,,,,,,,,
2007-03-13,,4.38709,5.170423678,152.240512,,0.0,,,,,,,,,,,,,,,,,,,,,,,,,,
2007-03-14,,4.330224,5.104072364,149.935764,,0.0,,,,,,,,,,,,,,,,,,,,,,,,,,
2007-03-15,,4.354604,5.133428044,151.084425,,0.0,,,,,,,,,,,,,,,,,,,,,,,,,,
2007-03-16,,4.32333,5.097226699,150.36455,,0.0,,,,,,,,,,,,,,,,,,,,,,,,,,
2007-03-19,,4.371986,5.15552284,150.885997,,0.0,,,,,,,,,,,,,,,,,,,,,,,,,,
2007-03-20,,4.433626,5.228828954,152.534999,,0.0,,,,,,,,,,,,,,,,,,,,,,,,,,
2007-03-21,,4.512708,5.322716588,154.142658,,100.0,,,,,,,,,,,,,,,,,,,,,,,,,,
2007-03-22,,4.554487,5.372649436,156.067863,,100.0,,,,,,,,,,,,,,,,,,,,,,,,,,
2007-03-23,,4.545924,5.363232035,155.981192,,100.384,,,,,,,,,,,,,,,,,,,,,,,,,,
2007-03-26,,4.526902,5.341471283,155.548683,,100.2744,,,,,,,,,,,,,,,,,,,,,,,,,,
2007-03-27,,4.499393,5.309696433,155.024342,,100.4088,,,,,,,,,,,,,,,,,,,,,,,,,,
2007-03-28,,4.408118,5.202696493,152.508009,,99.337,,,,,,,,,,,,,,,,,,,,,,,,,,
2007-03-29,,4.446726,5.248879247,153.831595,,100.2218,,,,,,,,,,,,,,,,,,,,,,,,,,
2007-03-30,,4.488058,5.298307034,154.970688,,100.24444,,,,,,,,,,,,,,,,,,,,,,,,,,
2007-04-02,,4.494203,5.306294844,155.254365,,100.37688,,,,,,,,,,,,,,,,,,,,,,,,,,
2007-04-03,,4.581647,5.410156186,157.862698,,101.33162,,,,,,,,,,,,,,,,,,,,,,,,,,
2007-04-04,,4.622548,5.459125723,158.790776,,101.36425,,,,,,,,,,,,,,,,,,,,,,,,,,
2007-04-05,,4.638048,5.478114526,159.133595,,102.22695,,,,,,,,,,,,,,,,,,,,,,,,,,
2007-04-09,,4.645838,5.488001065,159.355473,,102.16171,,,,,,,,,,,,,,,,,,,,,,,,,,
2007-04-10,,4.641204,5.48321861,159.192745,,101.74252,,,,,,,,,,,,,,,,,,,,,,,,,,
2007-04-11,,4.617275,5.455658924,158.009985,,100.8589,,,,,,,,,,,,,,,,,,,,,,,,,,
2007-04-12,,4.610215,5.448001804,157.328891,,100.39901,,,,,,,,,,,,,,,,,,,,,,,,,,
2007-04-13,,4.667005,5.515909836,158.312886,,100.79509,,,,,,,,,,,,,,,,,,,,,,,,,,
2007-04-16,,4.73589,5.597982368,160.081815,,101.44898,,,,,,,,,,,,,,,,,,,,,,,,,,
2007-04-17,,4.766715,5.635116864,160.520436,,101.55155,,,,,,,,,,,,,,,,,,,,,,,,,,
2007-04-18,,4.777891,5.64902595,161.034596,,101.65925,,,,,,,,,,,,,,,,,,,,,,,,,,
2007-04-19,,4.758962,5.627365185,160.824229,,102.33772,,,,,,,,,,,,,,,,,,,,,,,,,,
2007-04-20,,4.832015,5.714415088,163.41217,,103.99859,,,,,,,,,,,,,,,,,,,,,,,,,,
2007-04-23,,4.830731,5.713629614,163.728732,,103.72628,,,,,,,,,,,,,,,,,,,,,,,,,,
2007-04-24,,4.807361,5.686721616,162.969215,,103.57588,,,,,,,,,,,,,,,,,,,,,,,,,,
2007-04-25,,4.87428,5.76654894,164.566178,,104.95639,,,,,,,,,,,,,,,,,,,,,,,,,,
2007-04-26,,4.866385,5.75794736,164.060551,,104.94023,,,,,,,,,,,,,,,,,,,,,,,,,,
2007-04-27,,4.835431,5.722062418,163.313138,,105.06384,,,,,,,,,,,,,,,,,,,,,,,,,,
2007-04-30,,4.851972,5.742342531,164.091329,,105.75127,,,,,,,,,,,,,,,,,,,,,,,,,,
2007-05-02,,4.876691,5.772306745,165.505198,,105.76928,,,,,,,,,,,,,,,,,,,,,,,,,,
2007-05-03,,4.928947,5.83494922,167.128608,,106.84463,,,,,,,,,,,,,,,,,,,,,,,,,,
2007-05-04,,4.9541,5.865450019,168.102552,,108.46168,,,,,,,,,,,,,,,,,,,,,,,,,,
2007-05-07,,4.93776,5.846851195,167.056644,,107.94591,,,,,,,,,,,,,,,,,,,,,,,,,,
2007-05-08,,4.911141,5.816078381,165.747664,,107.49218,,,,,,,,,,,,,,,,,,,,,,,,,,
2007-05-09,,4.989498,5.909548111,168.000675,,107.72889,,,,,,,,,,,,,,,,,,,,,,,,,,
2007-05-10,,4.951448,5.86526006,166.777421,,107.6002,,,,,,,,,,,,,,,,,,,,,,,,,,
2007-05-11,,4.979029,5.89864651,167.958087,,108.47627,,,,,,,,,,,,,,,,,,,,,,,,,,
2007-05-14,,4.976374,5.896245917,167.709437,,108.3625,,,,,,,,,,,,,,,,,,,,,,,,,,
2007-05-15,,5.008849,5.935445615,168.529009,,108.6101,,,,,,,,,,,,,,,,,,,,,,,,,,
2007-05-16,,5.054159,5.989857476,170.331949,,109.87694,,,,,,,,,,,,,,,,,,,,,,,,,,
2007-05-17,,5.086448,6.028855316,171.106969,,110.34858,,,,,,,,,,,,,,,,,,,,,,,,,,
2007-05-18,,5.049542,5.985897019,170.504395,,110.42724,,,,,,,,,,,,,,,,,,,,,,,,,,
2007-05-21,,5.091654,6.03654441,171.920998,,111.28072,,,,,,,,,,,,,,,,,,,,,,,,,,
2007-05-22,,5.060621,6.000537032,172.014767,,110.86988,,,,,,,,,,,,,,,,,,,,,,,,,,
2007-05-23,,5.056351,5.996225253,172.62253,,111.23212,,,,,,,,,,,,,,,,,,,,,,,,,,
2007-05-24,,4.941625,5.861000029,168.810752,,109.55894,,,,,,,,,,,,,,,,,,,,,,,,,,
2007-05-25,,4.994121,5.923944121,170.931103,,110.42631,,,,,,,,,,,,,,,,,,,,,,,,,,
2007-05-28,,5.076171,6.02196304,173.657908,,112.1999,,,,,,,,,,,,,,,,,,,,,,,,,,
2007-05-29,,5.055058,5.997696303,172.998971,,111.92225,,,,,,,,,,,,,,,,,,,,,,,,,,
2007-05-30,,5.049275,5.991585727,172.636432,,111.4928,,,,,,,,,,,,,,,,,,,,,,,,,,
2007-05-31,,5.130876,6.089108011,174.943239,,113.0427,1.0,,,,,,,,,,,,,,,,,,,,,,,,,
2007-06-01,,5.176475,6.144088818,177.471125,,114.40074,1.007049,,,,,,,,,,,,,,,,,,,,,,,,,
2007-06-04,,5.163038,6.128926697,178.603171,,115.47784,1.009822,,,,,,,,,,,,,,,,,,,,,,,,,
2007-06-05,,5.138492,6.100577522,178.132103,,115.10671,1.007545,,,,,,,,,,,,,,,,,,,,,,,,,
2007-06-06,,5.063068,6.011847337,175.718503,,113.77039,0.994563,,,,,,,,,,,,,,,,,,,,,,,,,
2007-06-08,,5.009246,5.948725444,174.549904,,112.95319,0.986126,,,,,,,,,,,,,,,,,,,,,,,,,
2007-06-11,,5.114156,6.073982582,177.721311,,114.7726,0.998293,,,,,,,,,,,,,,,,,,,,,,,,,
2007-06-12,,5.049023,5.997440629,175.868653,,113.96378,0.985814,,,,,,,,,,,,,,,,,,,,,,,,,
2007-06-13,,5.093674,6.051195795,177.765015,,114.87599,0.993937,,,,,,,,,,,,,,,,,,,,,,,,,
2007-06-14,,5.180182,6.154679035,180.230422,,116.85824,1.010274,,,,,,,,,,,,,,,,,,,,,,,,,
2007-06-15,,5.264387,6.255454284,182.889766,,118.23246,1.023642,,,,,,,,,,,,,,,,,,,,,,,,,
2007-06-18,,5.283255,6.278657859,183.387157,,118.13394,1.022848,,,,,,,,,,,,,,,,,,,,,,,,,
2007-06-19,,5.284866,6.281360174,182.600147,,117.96795,1.021791,,,,,,,,,,,,,,,,,,,,,,,,,
2007-06-20,,5.251596,6.242677322,181.47609,,117.34385,1.015284,,,,,,,,,,,,,,,,,,,,,,,,,
2007-06-21,,5.266434,6.261139799,183.057532,,117.80186,1.020165,,,,,,,,,,,,,,,,,,,,,,,,,
2007-06-22,,5.239927,6.230485262,182.6489,,117.94031,1.018557,,,,,,,,,,,,,,,,,,,,,,,,,
2007-06-25,,5.226894,6.21582636,182.637202,,117.66294,1.01597,,,,,,,,,,,,,,,,,,,,,,,,,
2007-06-26,,5.240738,6.233102809,183.191852,,117.92777,1.01901,,,,,,,,,,,,,,,,,,,,,,,,,
2007-06-27,,5.233908,6.225821969,182.438948,,117.35698,1.010882,,,,,,,,,,,,,,,,,,,,,,,,,
2007-06-28,,5.302073,6.30768444,184.930465,,119.27669,1.024687,,,,,,,,,,,,,,,,,,,,,,,,,
2007-06-29,,5.303177,6.309840583,185.330974,,120.25537,1.030033,,,,,,,,,,,,,,,,,,,,,,,,,
2007-07-02,,5.369747,6.389804552,188.208417,,121.56659,1.041686,,,,,,,,,,,,,,,,,,,,,,,,,
2007-07-03,,5.407552,6.43559454,189.662441,,122.49378,1.051343,,,,,,,,,,,,,,,,,,,,,,,,,
2007-07-04,,5.413923,6.444008791,190.23332,,123.78903,1.056038,,,,,,,,,,,,,,,,,,,,,,,,,
2007-07-05,,5.389055,6.415271214,190.023739,,123.71293,1.053361,,,,,,,,,,,,,,,,,,,,,,,,,
2007-07-06,,5.44922,6.487670245,192.106087,,124.8084,1.064099,,,,,,,,,,,,,,,,,,,,,,,,,
2007-07-09,,5.448861,6.48803832,192.096893,,124.80441,1.063942,0.0,,,,,,,,,,,,,,,,,,,,,,,,
2007-07-10,,5.451239,6.491650524,191.698975,,124.66432,1.059593,1.0,,,,,,,,,,,,,,,,,,,,,,,,
2007-07-11,,5.45499,6.49690228,192.285078,,125.03254,1.062433,0.988984125,,,,,,,,,,,,,,,,,,,,,,,,
2007-07-12,,5.485938,6.534535005,194.677042,,125.66491,1.079545,1.00408351,,,,,,,,,,,,,,,,,,,,,,,,
2007-07-13,,5.566267,6.630974872,195.976425,,126.61872,1.089214,1.061215936,,,,,,,,,,,,,,,,,,,,,,,,
2007-07-16,,5.545132,6.606626089,195.514961,,126.27927,1.084845,1.065790289,,,,,,,,,,,,,,,,,,,,,,,,
2007-07-17,,5.578974,6.64773189,196.212915,,126.31384,1.088176,1.066191006,,,,,,,,,,,,,,,,,,,,,,,,
2007-07-18,,5.548831,6.612651343,195.313628,,126.04508,1.086301,1.065693752,,,,,,,,,,,,,,,,,,,,,,,,
2007-07-19,,5.657392,6.742775007,198.54271,,127.67608,1.10766,1.059197063,,,,,,,,,,,,,,,,,,,,,,,,
2007-07-20,,5.594724,6.668943289,197.62146,,126.8279,1.104386,1.064126852,,,,,,,,,,,,,,,,,,,,,,,,
2007-07-23,,5.648684,6.734047013,198.898062,,127.82904,1.11321,1.08011571,,,,,,,,,,,,,,,,,,,,,,,,
2007-07-24,,5.493129,6.549496987,194.959985,,126.44227,1.093988,1.078051573,,,,,,,,,,,,,,,,,,,,,,,,
2007-07-25,,5.350919,6.380774202,190.927276,,123.54831,1.067547,1.065279963,,,,,,,,,,,,,,,,,,,,,,,,
2007-07-26,,5.17312,6.16959205,184.650098,,120.06629,1.034325,1.045726568,,,,,,,,,,,,,,,,,,,,,,,,
2007-07-27,,5.188061,6.188123936,184.95309,,119.98169,1.02991,1.050538709,,,,,,,,,,,,,,,,,,,,,,,,
2007-07-30,,5.216253,6.222475498,186.604082,,120.41865,1.036233,1.06069391,,,,,,,,,,,,,,,,,,,,,,,,
2007-07-31,,5.258223,6.273270948,188.788908,,121.97382,1.051017,1.064443684,,,,,,,,,,,,,,,,,,,,,,,,
2007-08-01,,5.144355,6.138232144,184.910543,,119.16362,1.028783,1.044698821,,,,,,,,,,,,,,,,,,,,,,,,
2007-08-02,,5.20341,6.20939281,186.533735,,119.54645,1.043202,1.056372219,,,,,,,,,,,,,,,,,,,,,,,,
2007-08-03,,5.118822,6.109241438,184.345944,,118.31606,1.026189,1.04221826,,,,,,,,,,,,,,,,,,,,,,,,
2007-08-06,,5.016543,5.987941706,181.14391,,116.42593,0.999163,1.02185082,,,,,,,,,,,,,,,,,,,,,,,,
2007-08-07,,5.154535,6.153345808,184.890086,,118.81471,1.024663,1.045248744,,,,,,,,,,,,,,,,,,,,,,,,
2007-08-08,,5.334918,6.369392492,190.866661,,122.59421,1.058556,1.065940832,1.0,,,,,,,,,,,,,,,,,,,,,,,
2007-08-09,,5.228944,6.243752648,186.472187,,120.29578,1.034956,1.052564724,0.9963066,,,,,,,,,,,,,,,,,,,,,,,
2007-08-10,,5.0834,6.070814333,181.614905,,117.39713,1.005348,1.02819538,0.9853006,,,,,,,,,,,,,,,,,,,,,,,
2007-08-13,,5.134821,6.132955157,183.75517,,119.08852,1.020587,1.038781029,0.9861504,,,,,,,,,,,,,,,,,,,,,,,
2007-08-14,,4.981237,5.950373614,179.2912,,116.14853,0.998503,1.014099035,0.9755965,,,,,,,,,,,,,,,,,,,,,,,
2007-08-15,,4.808235,5.744539253,172.316284,,111.90305,0.96589,0.970962589,0.9460778,,,,,,,,,,,,,,,,,,,,,,,
2007-08-16,,4.421114,5.282949747,157.203398,,101.52482,0.886759,0.885654394,0.8559229,,,,,,,,,,,,,,,,,,,,,,,
2007-08-17,,4.592396,5.4881238,163.317158,,104.36402,0.925829,0.931178791,0.8789401,,,,,,,,,,,,,,,,,,,,,,,
2007-08-20,,4.709837,5.629094343,167.384412,,106.60486,0.942031,0.957642362,0.8944512,,,,,,,,,,,,,,,,,,,,,,,
2007-08-21,,4.763649,5.694117167,168.61338,,107.35541,0.946492,0.980401919,0.8950519,,,,,,,,,,,,,,,,,,,,,,,
2007-08-22,,4.870656,5.822706633,172.538412,,109.70237,0.978473,1.001387771,0.90672,,,,,,,,,,,,,,,,,,,,,,,
2007-08-23,,4.879456,5.83399416,173.798489,,110.3552,0.987134,1.000059398,0.9019997,,,,,,,,,,,,,,,,,,,,,,,
2007-08-24,,4.944524,5.912515268,177.515819,,112.0562,1.003498,1.015741283,0.9148652,,,,,,,,,,,,,,,,,,,,,,,
2007-08-27,,5.023895,6.008097803,179.84483,,113.63071,1.012684,1.021413754,0.9188372,,,,,,,,,,,,,,,,,,,,,,,
2007-08-28,,4.909058,5.871569986,175.550438,,111.4057,0.990014,1.007528218,0.9107015,,,,,,,,,,,,,,,,,,,,,,,
2007-08-29,,4.956093,5.92849054,176.787547,,112.09465,0.998045,1.002502892,0.9139122,,,,,,,,,,,,,,,,,,,,,,,
2007-08-30,,4.965189,5.940084142,178.012082,,113.25062,1.010143,1.013878866,0.9202504,,,,,,,,,,,,,,,,,,,,,,,
2007-08-31,,5.050313,6.042608073,182.498475,,115.97973,1.032901,1.041715054,0.9346344,,,,,,,,,,,,,,,,,,,,,,,
2007-09-03,,5.084909,6.084746833,184.467101,,117.59762,1.045802,1.047759966,0.9421573,,,,,,,,,,,,,,,,,,,,,,,
2007-09-04,,5.111466,6.117273682,185.692752,,118.20069,1.052399,1.053363643,0.9458264,,,,,,,,,,,,,,,,,,,,,,,
2007-09-05,,5.037084,6.029063805,182.754823,,116.91074,1.035303,1.044388821,0.9326625,,,,,,,,,,,,,,,,,,,,,,,
2007-09-06,,5.032063,6.023810672,182.684449,,116.99873,1.043385,1.040875229,0.9362772,,,,,,,,,,,,,,,,,,,,,,,
2007-09-10,,4.836407,5.790448812,176.678766,,113.2401,1.011783,1.009451339,0.9200821,,,,,,,,,,,,,,,,,,,,,,,
2007-09-11,,4.907265,5.875933892,178.452131,,114.27118,1.023853,1.020849308,0.9207999,,,,,,,,,,,,,,,,,,,,,,,
2007-09-12,,4.961948,5.942138515,178.943607,,114.89741,1.031208,1.023854736,0.9196161,,,,,,,,,,,,,,,,,,,,,,,
2007-09-13,,5.013478,6.004570563,180.067193,,115.36082,1.03832,1.033618274,0.9207741,,,,,,,,,,,,,,,,,,,,,,,
2007-09-14,,5.03023,6.025380173,179.153782,,115.04097,1.034063,1.029457062,0.9184105,,,,,,,,,,,,,,,,,,,,,,,
2007-09-17,,4.959597,5.941559151,177.034398,,113.73606,1.022448,1.020939884,0.9087088,,,,,,,,,,,,,,,,,,,,,,,
2007-09-18,,5.097125,6.10697892,180.660223,,114.64824,1.047937,1.041075033,0.9165314,,,,,,,,,,,,,,,,,,,,,,,
2007-09-19,,5.257858,6.300257938,184.642517,,116.60836,1.078911,1.058277798,0.9322042,,,,,,,,,,,,,,,,,,,,,,,
2007-09-20,,5.234725,6.2733558,184.225288,,115.59306,1.074057,1.052247271,0.930397,,,,,,,,,,,,,,,,,,,,,,,
2007-09-21,13.8469952,5.264169,6.309386709,184.583832,,115.36207,1.081691,1.053782338,0.9273331,,,,,,,,,,,,,,,,,,,,,,,
2007-09-24,13.8488897,5.28633,6.336728293,185.943755,,116.03834,1.094947,1.059756394,0.9297749,,,,,,,,,,,,,,,,,,,,,,,
2007-09-25,13.8484842,5.300089,6.354008114,186.337896,,116.55635,1.099205,1.061281153,0.9195036,,,,,,,,,,,,,,,,,,,,,,,
2007-09-26,13.8664762,5.385571,6.457240325,189.705127,,117.9282,1.113727,1.077376809,0.922047,,,,,,,,,,,,,,,,,,,,,,,
2007-09-27,13.8769708,5.447647,6.532447694,191.841946,,119.54092,1.127355,1.083093764,0.9311633,,,,,,,,,,,,,,,,,,,,,,,
2007-09-28,13.8775542,5.461922,6.550376936,191.991555,,120.64998,1.126915,1.083096394,0.9335592,,,,,,,,,,,,,,,,,,,,,,,
2007-10-01,13.8905811,5.594601,6.710217963,195.880853,,122.50898,1.147037,1.09461417,0.9265582,,,,,,,,,,,,,,,,,,,,,,,
2007-10-02,13.8948876,5.558263,6.667484534,195.258756,,122.28879,1.144281,1.090111305,0.9286549,,,,,,,,,,,,,,,,,,,,,,,
2007-10-03,13.8918905,5.478605,6.572782474,192.81843,,121.02043,1.122746,1.077522321,0.9250008,,,,,,,,,,,,,,,,,,,,,,,
2007-10-04,13.9094386,5.508892,6.609902068,193.126353,,121.63281,1.114336,1.078599886,0.9218299,,,,,,,,,,,,,,,,,,,,,,,
2007-10-05,13.9330001,5.600076,6.720098372,196.750844,,123.85923,1.145446,1.08953254,0.9177421,,,,,,,,,,,,,,,,,,,,,,,
2007-10-08,13.9332181,5.611505,6.734648949,196.908996,,124.48413,1.152102,1.092922793,0.9278302,,,,,,,,,,,,,,,,,,,,,,,
2007-10-09,13.9446423,5.658237,6.791551308,198.825415,,124.48034,1.172634,1.095606931,0.9322124,,,,,,,,,,,,,,,,,,,,,,,
2007-10-10,13.9484343,5.588231,6.708409983,198.07056,,122.81758,1.169645,1.09749083,0.9333751,,,,,,,,,,,,,,,,,,,,,,,
2007-10-11,13.9449468,5.56345,6.679498394,197.586217,,122.12224,1.169689,1.106706856,0.9535253,,,,,,,,,,,,,,,,,,,,,,,
2007-10-15,13.9481426,5.486273,6.587708319,195.999059,,121.36317,1.168321,1.108939003,0.956209,,,,,,,,,,,,,,,,,,,,,,,
2007-10-16,13.9263841,5.389643,6.472534255,192.900687,,119.74676,1.153757,1.092746103,0.9492712,,,,,,,,,,,,,,,,,,,,,,,
2007-10-17,13.9383019,5.460656,6.558569078,195.025035,,120.20255,1.16079,1.10337543,0.9597312,,,,,,,,,,,,,,,,,,,,,,,
2007-10-18,13.9339377,5.499763,6.606348386,196.720836,,121.08615,1.167688,1.108058929,0.9557603,,,,,,,,,,,,,,,,,,,,,,,
2007-10-19,13.9240618,5.473837,6.57604998,195.580634,,120.0427,1.154182,1.110841923,0.9597817,,,,,,,,,,,,,,,,,,,,,,,
2007-10-22,13.9189876,5.423119,6.515956888,193.041048,,118.89049,1.134246,1.098702773,0.9436466,,,,,,,,,,,,,,,,,,,,,,,
2007-10-23,13.9465832,5.573481,6.697346768,197.367418,,121.07778,1.166169,1.120973716,0.9516215,,,,,,,,,,,,,,,,,,,,,,,
2007-10-24,13.9654151,5.561251,6.683510639,196.906083,,120.61971,1.162072,1.113212268,0.9546325,,,,,,,,,,,,,,,,,,,,,,,
2007-10-25,13.963346,5.553595,6.675144287,196.415477,,120.63626,1.166433,1.110980522,0.9478885,,,,,,,,,,,,,,,,,,,,,,,
2007-10-26,13.9514506,5.580788,6.708645784,198.280588,,121.87213,1.194703,1.120944442,0.9487065,,,,,,,,,,,,,,,,,,,,,,,
2007-10-29,13.9591693,5.70161,6.854661006,200.77532,,123.0436,1.2233,1.134915669,0.9534479,,,,,,,,,,,,,,,,,,,,,,,
2007-10-30,13.9616599,5.711758,6.867729011,199.536363,,122.66258,1.212903,1.132372412,0.9485597,,,,,,,,,,,,,,,,,,,,,,,
2007-10-31,13.9611983,5.773699,6.943024631,201.527497,,123.54303,1.221775,1.142150651,0.9676931,1000.0,1.0,,,,,,,,,,,,,,,,,,,,,
2007-11-01,13.9545406,5.681235,6.832728459,200.150043,,123.34936,1.203611,1.143872951,0.9656953,1006.556261,1.0019096,,,,,,,,,,,,,,,,,,,,,
2007-11-05,13.9618218,5.674733,6.825712322,199.416379,,123.45232,1.184617,1.133665148,0.9648503,1006.3606365,0.9985417,,,,,,,,,,,,,,,,,,,,,
2007-11-06,13.9849153,5.801094,6.978498164,202.171785,,124.40111,1.203139,1.134038246,0.9683143,1023.3034507,1.0146878,,,,,,,,,,,,,,,,,,,,,
2007-11-07,13.9828558,5.7201,6.882019595,200.186414,,122.54199,1.199719,1.133552543,0.9729403,1012.323767,1.0053016,,,,,,,,,,,,,,,,,,,,,
2007-11-08,13.9748727,5.619005,6.761282217,197.789084,,120.71813,1.205281,1.144525063,0.9675176,1005.6105404,1.000906,,,,,,,,,,,,,,,,,,,,,
2007-11-09,13.9587798,5.435601,6.541525285,194.058656,,118.71772,1.196524,1.135676935,0.9685863,989.7837542,0.9855974,,,,,,,,,,,,,,,,,,,,,
2007-11-12,13.9475817,5.402813,6.502873777,191.713885,,117.55787,1.170646,1.127332941,0.9555057,970.8768215,0.9670886,,,,,,,,,,,,,,,,,,,,,
2007-11-13,13.959945,5.396351,6.495911002,191.938127,,117.48427,1.167679,1.132778164,0.9528061,963.6979216,0.9607294,,,,,,,,,,,,,,,,,,,,,
2007-11-14,13.9840595,5.565759,6.700571313,195.693893,,118.87065,1.206282,1.155879301,0.9570189,978.1310949,0.9767958,,,,,,,,,,,,,,,,,,,,,
2007-11-16,13.9980303,5.568027,6.704165756,195.865044,,118.76101,1.202168,1.15728646,0.9588982,978.9238769,0.9774633,,,,,,,,,,,,,,,,,,,,,
2007-11-19,13.9878306,5.409539,6.51425163,192.304445,,116.90399,1.174976,1.143992216,0.9448442,953.0846042,0.9515255,,,,,,,,,,,,,,,,,,,,,
2007-11-20,13.9916467,5.408885,6.514260208,192.288673,,116.89028,1.174818,1.144029743,0.9447573,953.0966685,0.951416,,,,,,,,,,,,,,,,,,,,,
2007-11-21,13.9807707,5.16562,6.222224546,183.627395,,111.26879,1.131501,1.099188776,0.9240502,906.6510125,0.9048961,,,,,,,,,,,,,,,,,,,,,
2007-11-22,13.9859058,5.169432,6.227567397,184.028516,,110.83392,1.132017,1.102083193,0.9227983,910.4441939,0.9085685,,,,,,,,,,,,,,,,,,,,,
2007-11-23,13.9851509,5.176315,6.236643433,185.247311,,111.72589,1.13948,1.110340687,0.921943,915.0096016,0.913012,,,,,,,,,,,,,,,,,,,,,
2007-11-26,13.9774835,5.117128,6.166153175,183.044604,,111.13222,1.133714,1.106038023,0.9263045,916.4738575,0.9143571,,,,,,,,,,,,,,,,,,,,,
2007-11-27,13.9661876,5.008953,6.036635536,179.09835,,108.47734,1.107079,1.090068307,0.9168937,893.650933,0.8913743,,,,,,,,,,,,,,,,,,,,,
2007-11-28,13.9847166,5.238754,6.314190277,184.049775,,111.08498,1.145601,1.101971087,0.9237031,903.500458,0.9009649,,,,,,,,,,,,,,,,,,,,,
2007-11-29,14.0100924,5.333129,6.428708956,185.86791,,112.32877,1.163761,1.107285999,0.9309626,912.2421664,0.9095812,,,,,,,,,,,,,,,,,,,,,
2007-11-30,14.0366253,5.512431,6.645564882,189.880502,,114.65634,1.185355,1.116314786,0.92984,928.3657119,0.9255707,,,,,,,,,,,,,,,,,,,,,
2007-12-03,14.0432525,5.497906,6.628896407,190.626027,,115.07598,1.180449,1.120259715,0.9318515,932.4891752,0.9295706,,,,,,,,,,,,,,,,,,,,,
2007-12-04,14.0397762,5.450098,6.572108323,190.169654,,114.144,1.18042,1.124238219,0.9381797,936.3573746,0.9333122,,,,,,,,,,,,,,,,,,,,,
2007-12-05,14.0441485,5.563314,6.709390895,194.002702,,115.53544,1.209391,1.134719546,0.9435674,948.1525151,0.9452753,,,,,,,,,,,,,,,,,,,,,
2007-12-06,14.0670208,5.567714,6.715551311,195.319385,,116.18151,1.220578,1.141591668,0.9408779,948.2094932,0.9452314,,,,,,,,,,,,,,,,,,,,,
2007-12-07,14.075286,5.583826,6.73581757,196.102028,,116.87376,1.231697,1.150652106,0.9397169,947.4390033,0.9443712,,,,,,,,,,,,,,,,,,,,,
2007-12-10,14.095844,5.590449,6.744649445,196.545663,,117.59553,1.224428,1.153921219,0.9425824,948.2011899,0.9450435,,,,,,,,,,,,,,,,,,,,,
2007-12-11,14.1085135,5.564557,6.714269307,195.965266,,117.3883,1.225326,1.16149601,0.9495178,949.7246089,0.9463873,,,,,,,,,,,,,,,,,,,,,
2007-12-12,14.1032133,5.495844,6.632235709,194.175424,,116.44468,1.220478,1.145952543,0.9520258,942.8582452,0.9395333,,,,,,,,,,,,,,,,,,,,,
2007-12-13,14.0711686,5.276285,6.368225978,188.247312,,112.67833,1.176359,1.114590495,0.9261701,911.4937142,0.9081957,,,,,,,,,,,,,,,,,,,,,
2007-12-14,14.0784802,5.266026,6.35661801,188.880589,,113.31956,1.17509,1.122986608,0.9249911,907.3299681,0.9039317,,,,,,,,,,,,,,,,,,,,,
2007-12-17,14.0704138,5.076275,6.128487349,182.631907,,0.0,1.136297,1.085909676,0.9177571,878.2213932,0.8748449,,,,,,,,,,,,,,,,,,,,,
2007-12-18,14.0701733,5.028177,6.071197928,181.467304,,0.0,1.130235,1.071733803,0.9140586,867.120684,0.8636913,,,,,,,,,,,,,,,,,,,,,
2007-12-19,14.073507,5.050779,6.099231512,182.046826,,0.0,1.144449,1.07328957,0.9214037,875.7695644,0.8722198,,,,,,,,,,,,,,,,,,,,,
2007-12-20,14.0733435,5.059271,6.110255054,181.743656,,,1.156113,1.073891817,0.9296716,876.5141786,0.8728736,,,,,,,,,,,,,,,,,,,,,
2007-12-21,14.0892681,5.153452,6.224717171,183.942433,,,1.188799,1.086034549,0.9297757,883.0399549,0.8791738,,,,,,,,,,,,,,,,,,,,,
2007-12-24,14.0930986,5.152854,6.224794385,183.93043,,,1.188613,1.085957533,0.9296766,883.0515147,0.8790966,,,,,,,,,,,,,,,,,,,,,
2007-12-26,14.1200066,5.234916,6.324658969,185.179178,,,1.202813,1.094185042,0.9423346,892.8630919,0.8887818,,,,,,,,,,,,,,,,,,,,,
2007-12-27,14.1326873,5.228431,6.317637979,185.476551,,,1.201877,1.093685603,0.951439,893.2064306,0.8890339,,,,,,,,,,,,,,,,,,,,,
2007-12-28,14.1452461,5.240389,6.332873618,187.33312,,,1.205793,1.095882082,0.9735329,895.9408121,0.8916634,,,,,,,,,,,,,,,,,,,,,
2007-12-31,14.1492321,5.239772,6.332929985,187.321896,,,1.205192,1.09579325,0.9735199,895.9485998,0.8915812,,,,,,,,,,,,,,,,,,,,,
2008-01-02,14.1404845,5.180297,6.261849237,186.196886,,,1.190299,1.090608607,0.9664668,881.8970013,0.8774949,,,,,,,,,,,,,,,,,,,,,
2008-01-03,14.1520497,5.188882,6.272989913,185.620411,,,1.183932,1.079138588,0.9638528,877.7596977,0.8747378,,,,,,,,,,,,,,,,,,,,,
2008-01-04,14.1832,5.067204,6.126743444,181.470829,,,1.15453,1.048143475,0.9492311,860.8512024,0.8563672,,,,,,,,,,,,,,,,,,,,,
2008-01-07,14.189409,5.003375,6.050360337,179.473548,,,1.141449,1.041375137,0.952688,867.2886268,0.8625456,,,,,,,,,,,,,,,,,,,,,
2008-01-08,14.2144706,5.064619,6.125129351,179.928618,,,1.166401,1.051501135,0.9566159,873.0749775,0.8682575,,,,,,,,,,,,,,,,,,,,,
2008-01-09,14.1968488,5.022904,6.075478549,177.719097,,,1.118226,1.037276449,0.9619757,863.3318487,0.8584894,,,,,,,,,,,,,,,,,,,,,
2008-01-10,14.1612781,5.104887,6.175342851,179.373811,,,1.180096,1.053064752,0.970126,862.6857829,0.8577528,,,,,,,,,,,,,,,,,,,,,
2008-01-11,14.1649163,5.043245,6.101601475,178.160241,,,1.172363,1.048958365,0.9644266,858.124934,0.8531243,,,,,,,,,,,,,,,,,,,,,
2008-01-14,14.152633,5.003634,6.054465542,177.625553,,,1.1618,1.051616573,0.9596151,851.9236864,0.8468649,,,,,,,,,,,,,,,,,,,,,
2008-01-15,14.1305316,4.859884,5.881383712,172.79977,,,1.124104,1.033418733,0.9565568,820.7417008,0.8157633,,,,,,,,,,,,,,,,,,,,,
2008-01-16,14.1290779,4.740544,5.73776896,167.601726,,,1.089985,1.010118556,0.9283114,792.6033132,0.7877113,,,,,,,,,,,,,,,,,,,,,
2008-01-17,14.1255295,4.668696,5.651983312,165.599493,,,1.071787,1.007724385,0.9416499,785.8955401,0.7809565,,,,,,,,,,,,,,,,,,,,,
2008-01-18,14.120973,4.607392,5.578536224,164.025711,,,1.065405,0.993502992,0.93559,777.9295133,0.772951,,,,,,,,,,,,,,,,,,,,,
2008-01-21,14.1052055,4.357769,5.276789647,154.149124,,,1.00776,0.929748752,0.8967192,721.7876273,0.7170363,,,,,,,,,,,,,,,,,,,,,
2008-01-22,14.1117943,4.468232,5.41108982,156.632792,,,1.030746,0.948619252,0.8962727,726.6043754,0.7217493,,,,,,,,,,,,,,,,,,,,,
2008-01-23,14.1029745,4.363955,5.285564497,153.188706,,,1.004741,0.939603439,0.8819791,716.1193023,0.7112446,,,,,,,,,,,,,,,,,,,,,
2008-01-24,14.1311903,4.515141,5.469215175,159.452808,,,1.057579,0.988975996,0.9091375,754.7311355,0.7495668,,,,,,,,,,,,,,,,,,,,,
2008-01-25,14.1362966,4.514668,5.469364016,159.442002,,,1.057422,0.988898688,0.9090478,754.7276767,0.749483,,,,,,,,,,,,,,,,,,,,,
2008-01-28,14.164772,4.512605,5.467566773,158.887586,,,1.064971,0.985576207,0.9201141,753.1165158,0.7478004,,,,,,,,,,,,,,,,,,,,,
2008-01-29,14.1975395,4.64906,5.633483575,161.738787,,,1.095236,0.997155474,0.9203047,758.3129547,0.752888,,,,,,,,,,,,,,,,,,,,,
2008-01-30,14.222638,4.681501,5.673504542,161.238714,,,1.0913,0.993087146,0.916319,755.0361348,0.7495486,,,,,,,,,,,,,,,,,,,,,
2008-01-31,14.2336054,4.646807,5.632218818,159.152033,,,1.081384,0.985909042,0.9076639,745.9029416,0.7403911,,,,,,,,,,,,,,,,,,,,,
2008-02-01,14.2575917,4.783391,5.798381734,161.78427,,,1.112337,1.005113785,0.9231264,754.414016,0.7487735,,,,,,,,,,,,,,,,,,,,,
2008-02-06,14.2558848,4.704639,5.703739711,158.752184,,,1.092006,0.981049018,0.9202167,745.2324845,0.7395681,,,,,,,,,,,,,,,,,,,,,
2008-02-07,14.2335654,4.633735,5.618552751,157.447294,,,1.087831,0.983706767,0.919831,747.9975637,0.7422333,,,,,,,,,,,,,,,,,,,,,
2008-02-08,14.2494178,4.671238,5.664706799,157.824094,,,1.095084,0.982768472,0.9178743,747.0075442,0.7411762,,,,,,,,,,,,,,,,,,,,,
2008-02-11,14.2628245,4.7557,5.767797642,160.013847,,,1.110489,0.991681308,0.9164611,748.1851716,0.7422694,,,,,,,,,,,,,,,,,,,,,
2008-02-12,14.2719103,4.917737,5.964942245,165.537492,,,1.143061,1.007737228,0.9310215,769.4206807,0.7632599,,,,,,,,,,,,,,,,,,,,,
2008-02-13,14.2801883,4.935502,5.987259838,167.259625,,,1.146438,1.009201346,0.9303325,784.8911342,0.778535,,,,,,,,,,,,,,,,,,,,,
2008-02-14,14.2955712,4.940482,5.994104813,167.322394,,,1.149135,1.021919097,0.9332425,792.75342,0.7862557,,,,,,,,,,,,,,,,,,,,,
2008-02-15,14.2950199,4.791438,5.814161745,164.307563,,,1.12294,1.025808549,0.9353884,788.8883142,0.7819141,,,,,,,,,,,,,,,,,,,,,
2008-02-18,14.300889,4.891188,5.935840969,167.817968,,,1.153096,1.043025637,0.9371021,811.3276181,0.8039415,,,,,,,,,,,,,,,,,,,,,
2008-02-19,14.2953885,4.926314,5.979203686,169.378998,,,1.161749,1.052107554,0.9440898,821.5258252,0.8136959,,,,,,,,,,,,,,,,,,,,,
2008-02-20,14.2851183,4.916528,5.968100701,168.859649,,,1.159296,1.050841526,0.9456997,814.7833328,0.8071175,,,,,,,,,,,,,,,,,,,,,
2008-02-21,14.2932489,5.00852,6.080451442,171.244188,,,1.180811,1.063475589,0.958058,816.3861375,0.8091983,,,,,,,,,,,,,,,,,,,,,
2008-02-22,14.2938403,5.013944,6.087374385,171.463709,,,1.175281,1.059346046,0.9617669,802.6544926,0.7954927,,,,,,,,,,,,,,,,,,,,,
2008-02-25,14.3110935,5.068128,6.153895191,173.073317,,,1.187129,1.062561434,0.9681039,806.3619957,0.7990853,,,,,,,,,,,,,,,,,,,,,
2008-02-26,14.3171053,5.061589,6.146764516,172.600395,,,1.193047,1.070834531,0.9668387,808.964056,0.8015811,,,,,,,,,,,,,,,,,,,,,
2008-02-27,14.3405851,5.116176,6.213865009,173.547263,,,1.204788,1.073633635,0.9749212,802.7911841,0.7953733,,,,,,,,,,,,,,,,,,,,,
2008-02-28,14.3501821,5.133437,6.235627929,174.030884,,,1.207036,1.080413279,0.9794765,812.4829734,0.8049013,,,,,,,,,,,,,,,,,,,,,
2008-02-29,14.3424827,5.043411,6.127156461,171.719099,,,1.17878,1.080634285,0.981589,809.7041517,0.8020595,,,,,,,,,,,,,,,,,,,,,
2008-03-03,14.3501693,5.081372,6.174030892,172.946603,,,1.176708,1.091638326,0.9870294,812.8921742,0.8051363,,,,,,,,,,,,,,,,,,,,,
2008-03-04,14.3468918,5.050941,6.137887635,172.179575,,,1.164563,1.086547927,0.9835151,810.736542,0.8029169,,,,,,,,,,,,,,,,,,,,,
2008-03-05,14.3732901,5.117721,6.219780284,174.04225,,,1.180293,1.097117382,0.9935354,820.8747737,0.8128718,,,,,,,,,,,,,,,,,,,,,
2008-03-06,14.3640761,5.060205,6.150741928,172.847121,,,1.169018,1.095075792,1.0124796,822.0264818,0.8137236,,,,,,,,,,,,,,,,,,,,,
2008-03-07,14.3370687,4.929206,5.992408108,169.38984,,,1.138174,1.076935703,1.0063297,811.799782,0.8027555,,,,,,,,,,,,,,,,,,,,,
2008-03-10,14.3167783,4.792803,5.827510394,165.449005,,,1.114807,1.062665883,0.9975884,795.5307857,0.7865896,,,,,,,,,,,,,,,,,,,,,
2008-03-11,14.32864,4.804386,5.842377701,165.91888,,,1.123798,1.068239982,1.0019559,798.0558608,0.7893214,,,,,,,,,,,,,,,,,,,,,
2008-03-12,14.3430164,4.884714,5.940801738,167.971129,,,1.143746,1.068443483,1.0118735,798.635111,0.7904444,,,,,,,,,,,,,,,,,,,,,
2008-03-13,14.3567452,4.752369,5.780803704,164.642003,,,1.120494,1.05503672,0.9997936,782.4518205,0.7743444,,,,,,,,,,,,,,,,,,,,,
2008-03-14,14.365573,4.74055,5.767228462,164.32541,,,1.127938,1.057711577,0.9976849,774.1126438,0.7660072,,,,,,,,,,,,,,,,,,,,,
2008-03-17,14.3439412,4.607546,5.606355702,159.497341,,,1.093973,1.032621087,0.9750517,739.1516249,0.7313176,,,,,,,,,,,,,,,,,,,,,
2008-03-18,14.3716345,4.726154,5.75132115,162.764242,,,1.11852,1.042881366,0.9803306,751.4284821,0.7433926,,,,,,,,,,,,,,,,,,,,,
2008-03-19,14.3698442,4.670098,5.683987105,160.801104,,,1.097068,1.029750913,0.9740363,745.7311012,0.7376731,,,,,,,,,,,,,,,,,,,,,
2008-03-20,14.3469751,4.580755,5.576127566,158.975348,,,1.066484,1.009328575,0.9677557,731.196003,0.7232061,,,,,,,,,,,,,,,,,,,,,
2008-03-24,14.3918271,4.726132,5.7537211,162.259625,,,1.095547,1.018207518,0.9754701,744.1618402,0.735964,,,,,,,,,,,,,,,,,,,,,
2008-03-25,14.4035285,4.746139,5.778886161,162.799177,,,1.109617,1.017483978,0.978226,746.0738404,0.7377783,,,,,,,,,,,,,,,,,,,,,
2008-03-26,14.4028602,4.744162,5.777294485,162.754124,,,1.116603,1.016916301,0.9757747,743.4283439,0.7350808,,,,,,,,,,,,,,,,,,,,,
2008-03-27,14.3944924,4.716874,5.74490913,162.01319,,,1.116323,1.021729655,0.9735047,739.5907982,0.7312037,,,,,,,,,,,,,,,,,,,,,
2008-03-28,14.417743,4.64943,5.663644421,159.904962,,,1.10399,1.021478377,0.970499,728.4475062,0.7200948,,,,,,,,,,,,,,,,,,,,,
2008-03-31,14.4293851,4.64984,5.664930563,159.8577,,,1.103322,1.029470343,0.9720057,728.7579087,0.7203252,,,,,,,,,,,,,,,,,,,,,
2008-04-01,14.4454684,4.761161,5.801116682,162.267545,,,1.130434,1.04794103,0.9741114,731.4380939,0.7229011,,,,,,,,,,,,,,,,,,,,,
2008-04-02,14.4670313,4.845035,5.904707461,164.136652,,,1.152233,1.056720581,0.980537,737.9505932,0.7292563,,,,,,,,,,,,,,,,,,,,,
2008-04-03,14.4735351,4.89949,5.970982992,165.35182,,,1.163454,1.069008691,0.9911594,745.865245,0.7369997,,,,,,,,,,,,,,,,,,,,,
2008-04-04,14.4819878,4.91932,5.99510913,165.849911,,,1.16847,1.066341354,0.9941391,747.7712402,0.7388073,,,,,,,,,,,,,,,,,,,,,
2008-04-07,14.5717319,4.897374,5.969128686,165.225888,,,1.176771,1.069390117,0.9965729,749.8621378,0.7407972,,,,,,,,,,,,,,,,,,,,,
2008-04-08,14.5508982,4.882457,5.951692264,164.859357,,,1.171441,1.075004223,1.0013739,748.3580634,0.739236,,,,,,,,,,,,,,,,,,,,,
2008-04-09,14.4711615,4.819005,5.875142253,163.706011,,,1.15979,1.069935677,0.9992872,742.6172218,0.73349,,,,,,,,,,,,,,,,,,,,,
2008-04-10,14.4724533,4.789793,5.840274604,162.573986,,,1.152494,1.068871381,0.9987051,738.6985008,0.7295408,,,,,,,,,,,,,,,,,,,,,
2008-04-11,14.4800117,4.731462,5.769929346,161.814455,,,1.144966,1.068578935,0.9672924,742.0456856,0.7327693,,,,,,,,,,,,,,,,,,,,,
2008-04-14,14.4689209,4.643487,5.66344548,160.082499,,,1.132043,1.063985197,0.9558072,743.046388,0.7336797,,,,,,,,,,,,,,,,,,,,,
2008-04-15,14.4597918,4.662973,5.687879106,160.961133,,,1.138635,1.072254888,0.9624512,743.0794659,0.7336289,,,,,,,,,,,,,,,,,,,,,
2008-04-16,14.4633803,4.718848,5.756682233,162.711284,,,1.163886,1.097843583,0.9723678,745.0078987,0.7354556,,,,,,,,,,,,,,,,,,,,,
2008-04-17,14.5006627,4.759473,5.806906399,162.797204,,,1.175113,1.109528893,0.9828823,747.4683126,0.7378072,1.0,,,,,,,,,,,,,,,,,,,,
2008-04-18,14.5087083,4.783283,5.836768472,163.499865,,,1.185832,1.139896854,1.0018677,765.1279889,0.7551722,0.9999603,,,,,,,,,,,,,,,,,,,,
2008-04-22,14.516225,4.778246,5.831353481,163.551284,,,1.191902,1.152713685,1.0147686,771.1197718,0.7610104,1.0077517,,,,,,,,,,,,,,,,,,,,
2008-04-23,14.5064292,4.749386,5.796883201,,,,1.186672,1.143138547,1.0238569,768.8975566,0.7587345,1.004215,,,,,,,,,,,,,,,,,,,,
2008-04-24,14.5104392,4.748849,5.796939257,161.974157,,,1.178602,1.140806492,1.0256574,770.4607383,0.7601937,1.0051045,,,,,,,,,,,,,,,,,,,,
2008-04-25,14.50265,4.791438,5.84959729,,,,1.180933,1.150027989,1.030258,774.6826937,0.7642744,1.0094533,,,,,,,,,,,,,,,,,,,,
2008-04-28,14.4589167,4.846039,5.916927402,,,,1.199599,1.145971921,1.0292625,776.962321,0.7664395,1.0144842,,,,,,,,,,,,,,,,,,,,
2008-04-29,14.4688584,4.770531,5.825552275,,,,1.178361,1.138482106,1.0290147,772.0653387,0.761528,1.0080611,,,,,,,,,,,,,,,,,,,,
2008-04-30,14.4817939,4.919637,6.00817786,,,,1.210777,1.160033883,1.0469787,792.6737366,0.7817655,1.0297564,,,,,,,,,,,,,,,,,,,,
2008-05-02,14.453998,5.300884,6.474175569,,,,1.268677,1.204120295,1.0790537,853.5773001,0.8417384,1.1062863,,,,,,,,,,,,,,,,,,,,
2008-05-05,14.4352623,5.34868,6.533361299,,,,1.282603,1.211686328,1.1073895,866.8227182,0.8547125,1.1220052,,,,,,,,,,,,,,,,,,,,
2008-05-06,14.4533874,5.310372,6.487425298,,,,1.282264,1.213110676,1.1120875,862.6438895,0.8505136,1.1167289,,,,,,,,,,,,,,,,,,,,
2008-05-07,14.4371262,5.208102,6.363393077,,,,1.2613,1.209268657,1.1192931,853.8909933,0.841815,1.1075386,,,,,,,,,,,,,,,,,,,,
2008-05-08,14.4497204,5.238193,6.40090459,,,,1.27252,1.217125332,1.1140207,857.5643127,0.8453424,1.1104028,,,,,,,,,,,,,,,,,,,,
2008-05-09,14.4584632,5.219336,6.378674381,,,,1.271901,1.215193336,1.1190327,857.0582256,0.8447577,1.1086799,,,,,,,,,,,,,,,,,,,,
2008-05-12,14.4783368,5.30831,6.488106218,,,,1.286883,1.227979456,1.1192741,882.6308081,0.8698294,1.1374345,,,,,,,,,,,,,,,,,,,,
2008-05-13,14.4917484,5.273317,6.445674709,,,,1.288726,1.217431776,1.1168161,877.0361036,0.8642361,1.1333926,,,,,,,,,,,,,,,,,,,,
2008-05-14,14.5002267,5.231484,6.395371929,,,,1.278749,1.224437663,1.1174782,875.9220623,0.8630513,1.1328909,,,,,,,,,,,,,,,,,,,,
2008-05-15,14.5030603,5.322144,6.506910572,,,,1.304362,1.229222312,1.1253481,875.4921177,0.8625348,1.1325521,,,,,,,,,,,,,,,,,,,,
2008-05-16,14.5121589,5.411421,6.616815713,,,,1.326725,1.237484024,1.1727648,877.5278524,0.8644442,1.1395183,,,,,,,,,,,,,,,,,,,,
2008-05-19,14.5190282,5.400661,6.604495919,,,,1.338345,1.235361004,1.1868419,879.9687501,0.8667533,1.1446147,,,,,,,,,,,,,,,,,,,,
2008-05-20,14.4951958,5.353722,6.547946426,,,,1.338868,1.22750712,1.1851427,880.1456582,0.8666935,1.1429255,,,,,,,,,,,,,,,,,,,,
2008-05-21,14.5100273,5.252384,6.424890046,,,,1.317497,1.2283294,1.1766404,870.6747906,0.8574212,1.1342462,,,,,,,,,,,,,,,,,,,,
2008-05-23,14.5216887,5.245105,6.416772223,,,,1.301258,1.226611931,1.1711872,873.7677187,0.8597644,1.1321137,,,,,,,,,,,,,,,,,,,,
2008-05-26,14.5433013,5.260814,6.436766687,,,,1.304538,1.224552419,1.167103,880.7243775,0.8663911,1.1404283,,,,,,,,,,,,,,,,,,,,
2008-05-27,14.5353502,5.241291,6.413691476,,,,1.294357,1.216357947,1.1615758,870.7483424,0.8563766,1.1268549,,,,,,,,,,,,,,,,,,,,
2008-05-28,14.548063,5.393598,6.600721909,,,,1.333252,1.24195828,1.1746976,894.5303908,0.879378,1.1560857,,,,,,,,,,,,,,,,,,,,
2008-05-29,14.5375716,5.338461,6.534124054,,,,1.307122,1.235436957,1.1689849,895.5858589,0.8805792,1.1586184,,,,,,,,,,,,,,,,,,,,
2008-05-30,14.5302792,5.396531,6.60595162,,,,1.321125,1.25490679,1.2344411,923.0683063,0.9059236,1.1867373,,,,,,,,,,,,,,,,,,,,
2008-06-02,14.5102998,5.357279,6.558750872,,,,1.310968,1.252470286,1.254163,933.6910031,0.9148033,1.1959448,,,,,,,,,,,,,,,,,,,,
2008-06-03,14.5155567,5.295674,6.484184684,,,,1.277594,1.247597448,1.2634425,926.7157567,0.9064712,1.1843554,,,,,,,,,,,,,,,,,,,,
2008-06-04,14.514289,5.265417,6.447951907,,,,1.253624,1.235074511,1.2555133,913.1321551,0.8924912,1.1655539,,,,,,,,,,,,,,,,,,,,
2008-06-05,14.5423637,5.390603,6.601942932,,,,1.30011,1.25941587,1.2375084,923.4992011,0.9030035,1.1795007,1.0,,,,,,,,,,,,,,,,,,,
2008-06-06,14.5366468,5.275084,6.461392139,,,,1.276202,1.243148078,1.2639179,920.4658912,0.9005089,1.1765109,0.9925384,,,,,,,,,,,,,,,,,,,
2008-06-09,14.5466878,5.232354,6.409867392,,,,1.267016,1.240992914,1.2735148,920.6745761,0.8989769,1.1739609,0.98670394,,,,,,,,,,,,,,,,,,,
2008-06-10,14.5588012,5.15698,6.31837572,,,,1.23962,1.225876295,1.2623655,908.3910705,0.8856847,1.1562195,0.9707089,,,,,,,,,,,,,,,,,,,
2008-06-11,14.5512171,5.097234,6.245995378,,,,1.221109,1.224092522,1.2652744,905.6737012,0.8822464,1.1515272,0.95792794,,,,,,,,,,,,,,,,,,,
2008-06-12,14.5534433,5.145271,6.305573152,,,,1.228701,1.222339103,1.2627771,905.1379294,0.882249,1.1518024,0.96389056,,,,,,,,,,,,,,,,,,,
2008-06-13,14.5199497,5.118108,6.273094042,,,,1.224046,1.221801579,1.2658122,899.0774537,0.876979,1.1452352,0.95936956,,,,,,,,,,,,,,,,,,,
2008-06-16,14.5290692,5.133248,6.29240801,,,,1.226489,1.223142837,1.2559364,892.8051041,0.8714183,1.1382932,0.96403976,,,,,,,,,,,,,,,,,,,
2008-06-17,14.5411136,5.16095,6.327120297,,,,1.246237,1.22619382,1.2515538,886.6098759,0.8681486,1.1356336,0.96978128,,,,,,,,,,,,,,,,,,,
2008-06-18,14.5135725,5.051055,6.193291737,,,,1.223584,1.209104643,1.2427792,876.1782413,0.8575201,1.121492,0.95489206,,,,,,,,,,,,,,,,,,,
2008-06-19,14.5148691,5.025422,6.162632946,,,,1.213552,1.196783126,1.2347328,861.8695913,0.8439339,1.1042574,0.94663108,,,,,,,,,,,,,,,,,,,
2008-06-20,14.4851259,4.928687,6.044852256,,,,1.178022,1.184898676,1.2240027,856.5701352,0.8374991,1.0949078,0.92984074,,,,,,,,,,,,,,,,,,,
2008-06-23,14.4775579,4.910635,6.023461904,,,,1.181648,1.182952901,1.2178366,870.4804828,0.8477339,1.1071283,0.92844322,,,,,,,,,,,,,,,,,,,
2008-06-24,14.4801463,4.835008,5.931509248,,,,1.177897,1.161074282,1.220736,860.4281155,0.838699,1.0956933,0.90887998,,,,,,,,,,,,,,,,,,,
2008-06-25,14.4941909,4.924153,6.041507501,,,,1.21226,1.178967511,1.2169701,872.2588292,0.8498495,1.1101946,0.92306234,,,,,,,,,,,,,,,,,,,
2008-06-26,14.4785404,4.769585,5.852773182,,,,1.175638,1.158881551,1.199317,849.8635847,0.8292985,1.0839123,0.8996496,,,,,,,,,,,,,,,,,,,
2008-06-27,14.4851628,4.798057,5.888386065,,,,1.181958,1.171078749,1.1934359,847.4411059,0.8270714,1.0814461,0.9009007,,,,,,,,,,,,,,,,,,,
2008-06-30,14.4917932,4.827629,5.925386146,,,,1.194834,1.186160119,1.20551,860.0983967,0.8388093,1.0967783,0.90857772,,,,,,,,,,,,,,,,,,,
2008-07-01,14.4694738,4.698144,5.767306609,,,,1.164222,1.157613636,1.183795,827.1918122,0.808784,1.0580453,0.8826012,,,,,,,,,,,,,,,,,,,
2008-07-02,14.4489591,4.556079,5.593735849,,,,1.119077,1.134118146,1.1379131,795.224435,0.7790161,1.0212912,0.85240366,,,,,,,,,,,,,,,,,,,
2008-07-03,14.4493598,4.428606,5.438021899,,,,1.088064,1.10822955,1.1254341,777.886923,0.7613643,0.9965839,0.83763654,,,,,,,,,,,,,,,,,,,
2008-07-04,14.4647875,4.417736,5.425339172,,,,1.088722,1.102154132,1.1279906,783.4098184,0.7638587,0.9987647,0.8287586,,,,,,,,,,,,,,,,,,,
2008-07-07,14.4670874,4.402514,5.407330983,,,,1.080808,1.096564226,1.1394173,785.9238938,0.7668582,1.0027919,0.8277231,,,,,,,,,,,,,,,,,,,
2008-07-08,14.4693648,4.45483,5.472203413,,,,1.088851,1.096660179,1.1422277,787.9069954,0.7659128,1.0013765,0.8299679,,,,,,,,,,,,,,,,,,,
2008-07-09,14.4716888,4.454294,5.472229915,,,,1.088694,1.09660307,1.1422364,787.9145879,0.7658533,1.0013486,0.82990452,,,,,,,,,,,,,,,,,,,
2008-07-10,14.5181579,4.510119,5.541432675,,,,1.100352,1.09418677,1.1554232,786.96686,0.7676135,1.0039214,0.84244478,,,,,,,,,,,,,,,,,,,
2008-07-11,14.5185201,4.51433,5.547298708,,,,1.098938,1.089782008,1.1644822,794.8486576,0.7749465,1.0135332,0.83887198,,,,,,,,,,,,,,,,,,,
2008-07-14,14.519852,4.566616,5.612185597,,,,1.1148,1.103826497,1.1648815,799.0123628,0.7796405,1.0197927,0.8465729,,,,,,,,,,,,,,,,,,,
2008-07-15,14.5512924,4.609457,5.665496257,,,,1.120315,1.102097254,1.1487907,796.6550843,0.7759248,1.0148577,0.85425734,,,,,,,,,,,,,,,,,,,
2008-07-16,14.5845616,4.720251,5.802273025,,,,1.13695,1.124990761,1.1601561,807.1619846,0.7873976,1.0300304,0.87394714,,,,,,,,,,,,,,,,,,,
2008-07-17,14.5846626,4.605702,5.662306673,,,,1.097435,1.113513531,1.1381527,791.5213992,0.7730296,1.0116966,0.85843296,,,,,,,,,,,,,,,,,,,
2008-07-18,14.5696532,4.558347,5.604817595,,,,1.095152,1.108198664,1.1413313,789.6727666,0.7706457,1.0083086,0.85709236,,,,,,,,,,,,,,,,,,,
2008-07-21,14.5944968,4.577263,5.628745715,,,,1.109771,1.107678298,1.153139,791.0637804,0.7724753,1.0111059,0.86587758,,,,,,,,,,,,,,,,,,,
2008-07-22,14.5907064,4.551273,5.597510946,,,,1.08622,1.100186607,1.1447943,786.6026836,0.7667605,1.0031937,0.85336036,,,,,,,,,,,,,,,,,,,
2008-07-23,14.5491833,4.600978,5.659281802,,,,1.080076,1.107227414,1.1469593,795.8872236,0.7742951,1.012972,0.85504788,,,,,,,,,,,,,,,,,,,
2008-07-24,14.563042,4.524155,5.565572778,,,,1.046747,1.091915109,1.1259577,786.3877193,0.7632617,0.998451,0.84406734,,,,,,,,,,,,,,,,,,,
2008-07-25,14.5525682,4.519376,5.560376837,,,,1.044338,1.088289473,1.1104727,783.6313973,0.7583504,0.9919014,0.84537972,,,,,,,,,,,,,,,,,,,
2008-07-28,14.5626349,4.499734,5.536917802,,,,1.038296,1.075110121,1.1124981,782.4294642,0.7583693,0.9929075,0.83993828,,,,,,,,,,,,,,,,,,,
2008-07-29,14.5807023,4.539712,5.586423968,,,,1.056492,1.083829319,1.1216607,794.4203108,0.7675456,1.0037607,0.85118698,,,,,,,,,,,,,,,,,,,
2008-07-30,14.5811078,4.617834,5.683188806,,,,1.096558,1.099946184,1.1414204,810.9565223,0.7848541,1.0267156,0.86560022,,,,,,,,,,,,,,,,,,,
2008-07-31,14.4945371,4.621851,5.688845423,,,,1.086506,1.102438073,1.1482529,808.8754292,0.7836501,1.0252598,0.86622668,,,,,,,,,,,,,,,,,,,
2008-08-01,14.4915929,4.553545,5.605536836,,,,1.051089,1.104332079,1.1301379,800.5624481,0.7738372,1.0123409,0.85636936,,,,,,,,,,,,,,,,,,,
2008-08-04,14.4659158,4.45775,5.488379447,,,,1.009795,1.067349629,1.1129418,774.9177832,0.7482614,0.9788923,0.84013276,,,,,,,,,,,,,,,,,,,
2008-08-05,14.4824799,4.500476,5.541615236,,,,1.02074,1.073894785,1.1165536,781.8366686,0.7546511,0.9869343,0.84418658,,,,,,,,,,,,,,,,,,,
2008-08-06,14.4840617,4.578099,5.6378205,,,,1.041599,1.095648494,1.1195479,793.1019,0.7656131,1.0013427,0.85936264,,,,,,,,,,,,,,,,,,,
2008-08-07,14.9480254,4.540937,5.592801534,,,,1.034919,1.086023713,1.1179888,779.1734968,0.7544856,0.9869923,0.85749463,,,,,,,,,,,,,,,,,,,
2008-08-08,14.9546414,4.54148,5.594159137,,,,1.024552,1.077787314,1.1192824,775.9515976,0.7504591,0.9816838,0.85979734,,,,,,,,,,,,,,,,,,,
2008-08-11,14.9612286,4.467514,5.503810815,,,,0.990211,1.0524372,1.1026166,760.8470261,0.7355216,0.9621317,0.84168167,,,,,,,,,,,,,,,,,,,
2008-08-12,14.9678718,4.412549,5.436822114,,,,0.985243,1.042098297,1.0828141,752.0228956,0.727013,0.9510209,0.83479294,,,,,,,,,,,,,,,,,,,
2008-08-13,14.9745824,4.341852,5.350453114,,,,0.989009,1.053511527,1.1050287,760.6009582,0.7334001,0.959259,0.83079423,,,,,,,,,,,,,,,,,,,
2008-08-14,14.9812016,4.345669,5.355787392,,,,0.994189,1.057262494,1.1206829,764.6588928,0.7374907,0.9646395,0.83382021,,,,,,,,,,,,,,,,,,,
2008-08-15,14.9878737,4.2839,5.280386958,,,,0.980327,1.039138611,1.1068386,751.7267474,0.7250993,0.9484547,0.81452345,,,,,,,,,,,,,,,,,,,
2008-08-18,14.9945202,4.234549,5.220254625,,,,0.959686,1.024203113,1.0803558,732.916136,0.7090512,0.9276364,0.80558758,,,,,,,,,,,,,,,,,,,
2008-08-19,15.0011506,4.232401,5.218251871,,,,0.967141,1.00996353,1.0735205,725.8153593,0.7026583,0.9193272,0.80635778,,,,,,,,,,,,,,,,,,,
2008-08-20,15.007797,4.262693,5.256219069,,,,1.002843,1.024851798,1.0872682,735.1759849,0.7129056,0.9328572,0.81644886,,,,,,,,,,,,,,,,,,,
2008-08-21,15.0144018,4.258804,5.252087372,,,,1.014561,1.02365343,1.0992664,732.4130148,0.7124746,0.932536,0.81690161,,,,,,,,,,,,,,,,,,,
2008-08-22,15.0210659,4.241205,5.231056227,,,,1.012276,1.020114659,1.091641,725.904112,0.7071126,0.926091,0.81156713,,,,,,,,,,,,,,,,,,,
2008-08-25,15.0276723,4.205764,5.188031066,,,,0.986899,1.013025341,1.0840467,719.9559909,0.7005006,0.9169624,0.80439705,,,,,,,,,,,,,,,,,,,
2008-08-26,15.0342851,4.187299,5.165914371,,,,0.985097,1.001761825,1.0892063,718.9630129,0.6988409,0.9146972,0.80712038,,,,,,,,,,,,,,,,,,,
2008-08-27,15.0405085,4.164401,5.138330497,,,,1.007995,0.995053664,1.0920504,715.8545131,0.6969944,0.9128269,0.8057199,,,,,,,,,,,,,,,,,,,
2008-08-28,15.0466982,4.240945,5.233343553,,,,1.022739,1.013710024,1.0938124,719.131444,0.7011052,0.9196703,0.81456839,,,,,,,,,,,,,,,,,,,
2008-08-29,15.0528846,4.218158,5.205909306,,,,1.00859,1.004412036,1.0952616,716.4826344,0.6986576,0.916941,0.81237179,,,,,,,,,,,,,,,,,,,
2008-09-01,15.0595343,4.224583,5.214461367,,,,0.996976,1.005094007,1.0851045,719.809789,0.7005276,0.9174579,0.81741999,,,,,,,,,,,,,,,,,,,
2008-09-02,15.0661407,4.175488,5.154543397,,,,0.983951,0.999378865,1.0713746,714.8418195,0.6955008,0.9108282,0.81075189,,,,,,,,,,,,,,,,,,,
2008-09-03,15.0727567,4.129448,5.098370528,,,,0.966921,0.972342931,1.0627183,701.4881418,0.6828839,0.8946815,0.795957,,,,,,,,,,,,,,,,,,,
2008-09-04,15.0793823,4.013435,4.95585988,,,,0.930343,0.937109599,1.0332696,677.1802812,0.6590888,0.8634832,0.77253049,,,,,,,,,,,,,,,,,,,
2008-09-05,15.0859086,4.027632,4.973962913,,,,0.937606,0.932863942,1.0164915,664.7734999,0.6466983,0.8471087,0.78086438,,,,,,,,,,,,,,,,,,,
2008-09-08,15.0924124,4.071107,5.028215904,,,,0.91514,0.919835543,1.0102919,667.8825948,0.6504526,0.8525705,0.78762786,,,,,,,,,,,,,,,,,,,
2008-09-09,15.0989707,3.958414,4.889755926,,,,0.872838,0.895308661,0.9632914,646.3995129,0.6284935,0.8234286,0.76197799,,,,,,,,,,,,,,,,,,,
2008-09-10,15.105513,3.999043,4.940479292,,,,0.895447,0.915239687,0.9602453,644.7055629,0.6259987,0.8200133,0.76088964,,,,,,,,,,,,,,,,,,,
2008-09-11,15.1120393,4.011155,4.956036213,,,,0.925476,0.916434037,0.9611887,645.169439,0.6278713,0.8233182,0.76401192,,,,,,,,,,,,,,,,,,,
2008-09-12,15.1187033,4.01933,4.966731512,,,,0.947696,0.921857719,0.9732566,648.6225996,0.6349175,0.8330722,0.76795189,,,,,,,,,,,,,,,,,,,
2008-09-15,15.1255934,3.818645,4.719551728,,,,0.871987,0.876063243,0.9375947,616.3357073,0.6041514,0.7927159,0.72207059,,,,,,,,,,,,,,,,,,,
2008-09-16,15.1324578,3.761074,4.649004934,,,,0.882368,0.862732651,0.9289718,600.5902972,0.5875613,0.7701381,0.70498236,,,,,,,,,,,,,,,,,,,
2008-09-17,15.1393207,3.459818,4.277510713,,,,0.820639,0.782528335,0.8764388,559.5848596,0.5513077,0.7249416,0.66061087,,,,,,,,,,,,,,,,,,,
2008-09-18,15.1459639,3.523197,4.356268859,,,,0.863064,0.786840822,0.881879,561.8912657,0.5534531,0.727479,0.66798867,,,,,,,,,,,,,,,,,,,
2008-09-19,15.152596,3.755873,4.644232516,,,,0.947707,0.841080967,0.9396468,599.5780164,0.5898457,0.7766184,0.70029982,,,,,,,,,,,,,,,,,,,
2008-09-22,15.1682641,3.691915,4.56581587,,,,0.918856,0.837404574,0.9359834,598.0116411,0.5882483,0.7745152,0.68735756,,,,,,,,,,,,,,,,,,,
2008-09-23,15.1737887,3.573014,4.419451323,,,,0.883625,0.813876715,0.9071739,584.6224466,0.5752123,0.7571043,0.66914861,,,,,,,,,,,,,,,,,,,
2008-09-24,15.1793373,3.55758,4.40090006,,,,0.886811,0.80488242,0.9045356,573.0380926,0.5639238,0.7420309,0.65899103,,,,,,,,,,,,,,,,,,,
2008-09-25,15.1844611,3.60766,4.463326472,,,,0.921993,0.822996864,0.913091,578.9025374,0.5695184,0.7495503,0.66399946,,,,,,,,,,,,,,,,,,,
2008-09-26,15.1897918,3.524417,4.360987718,,,,0.90843,0.796972022,0.902901,566.6642643,0.5575978,0.7336306,0.64218892,,,,,,,,,,,,,,,,,,,
2008-09-29,15.1951256,3.250995,4.023469504,,,,0.81797,0.717534683,0.8418465,514.5716843,0.5071185,0.6661093,0.59004836,,,,,,,,,,,,,,,,,,,
2008-09-30,15.2004194,3.40921,4.219557125,,,,0.880536,0.771199153,0.8703546,535.2931985,0.5270933,0.6928682,0.62023255,,,,,,,,,,,,,,,,,,,
2008-10-01,15.2058366,3.393026,4.200113789,,,,0.8865,0.754193137,0.8524608,527.0188309,0.5190141,0.682084,0.61628595,,,,,,,,,,,,,,,,,,,
2008-10-02,15.2111704,3.25853,4.034315384,,,,0.816708,0.714154203,0.7973557,491.7420479,0.4847999,0.6363379,0.58638764,,,,,,,,,,,,,,,,,,,
2008-10-03,15.2177816,3.192151,3.952715459,,,,0.789685,0.694751391,0.7747031,482.9829066,0.4762825,0.6250529,0.56744199,,,,,,,,,,,,,,,,,,,
2008-10-06,15.2232212,2.999405,3.714779979,,,,0.742385,0.659200273,0.7403067,447.7769806,0.4421678,0.5795066,0.5256921,,,,,,,,,,,,,,,,,,,
2008-10-07,15.2285807,2.867895,3.552531314,,,,0.708588,0.619546608,0.7143028,428.8288303,0.4236644,0.5549709,0.50487061,,,,,,,,,,,,,,,,,,,
2008-10-08,15.2340363,2.729367,3.381566661,,,,0.68238,0.588351875,0.6826838,408.1102307,0.4038107,0.5281483,0.48147875,,,,,,,,,,,,,,,,,,,
2008-10-09,15.2395849,2.674979,3.31519334,,,,0.659018,0.560131952,0.6633989,404.9569177,0.4006793,0.5240111,0.47681806,,,,,,,,,,,,,,,,,,,
2008-10-10,15.2451928,2.526325,3.131505594,,,,0.633051,0.523779916,0.6493479,389.5702241,0.3856337,0.5040658,0.45222313,,,,,,,,,,,,,,,,,,,
2008-10-13,15.2507238,2.844677,3.526247427,,,,0.7323,0.584276404,0.6996124,424.0684342,0.4191745,0.5485837,0.49578623,,,,,,,,,,,,,,,,,,,
2008-10-14,15.2562099,2.916657,3.615930544,,,,0.74703,0.590562267,0.7076872,437.7048164,0.4323937,0.5661417,0.50687939,,,,,,,,,,,,,,,,,,,
2008-10-15,15.2612424,2.681262,3.324788791,,,,0.663501,0.539045937,0.6608515,416.8609646,0.41203,0.5391428,0.46673911,,,,,,,,,,,,,,,,,,,
2008-10-16,15.2668199,2.639218,3.273093188,,,,0.654125,0.522436847,0.6504011,408.338705,0.4032964,0.5280673,0.46119261,,,,,,,,,,,,,,,,,,,
2008-10-17,15.2724374,2.677891,3.321455369,,,,0.654457,0.54340035,0.655071,411.5155575,0.4063283,0.53211,0.47718562,,,,,,,,,,,,,,,,,,,
2008-10-20,15.277962,2.804731,3.479130307,,,,0.709794,0.572671466,0.6896679,427.7861009,0.4221143,0.5530726,0.50818123,,,,,,,,,,,,,,,,,,,
2008-10-21,15.283517,2.802102,3.476352249,,,,0.707836,0.567593041,0.6867837,431.4033557,0.4255752,0.5576835,0.51149161,,,,,,,,,,,,,,,,,,,
2008-10-22,15.2891008,2.617714,3.248197617,,,,0.639154,0.518887953,0.6475518,397.3729253,0.3923692,0.513645,0.46250289,,,,,,,,,,,,,,,,,,,
2008-10-23,15.2946574,2.53811,3.149893536,,,,0.617897,0.503663266,0.6337586,385.1681434,0.3804233,0.4978118,0.44721069,,,,,,,,,,,,,,,,,,,
2008-10-24,15.3002589,2.382793,2.957684252,,,,0.574007,0.456461941,0.6072583,362.8849964,0.3586629,0.4689558,0.42446945,,,,,,,,,,,,,,,,,,,
2008-10-27,15.3058524,2.303777,2.860055777,,,,0.538399,0.43796473,0.593533,340.0304988,0.3363481,0.4393626,0.39367333,,,,,,,,,,,,,,,,,,,
2008-10-28,15.3115228,2.461437,3.056003287,,,,0.60659,0.458207973,0.6130991,358.4459965,0.3542301,0.4631006,0.42001079,,,,,,,,,,,,,,,,,,,
2008-10-29,15.3171564,2.545143,3.160284232,,,,0.631228,0.475756782,0.6276291,368.0109817,0.3634905,0.4754008,0.43485655,,,,,,,,,,,,,,,,,,,
2008-10-30,15.3229213,2.584032,3.208971737,,,,0.676684,0.50100031,0.6334068,391.216005,0.3860332,0.5053253,0.44745058,,,,,,,,,,,,,,,,,,,
2008-10-31,15.3284811,2.611513,3.243508138,,,,0.674506,0.523905452,0.6439542,404.768973,0.3991731,0.522776,0.45982978,,,,,,,,,,,,,,,,,,,
2008-11-03,15.3338118,2.624927,3.260597727,,,,0.690855,0.53006913,0.6483974,401.8283426,0.396248,0.5201612,0.46590548,,,,,,,,,,,,,,,,,,,
2008-11-04,15.340292,2.741109,3.40524341,,,,0.727374,0.549258574,0.6681127,421.3443396,0.4151934,0.5440602,0.49116959,,,,,,,,,,,,,,,,,,,
2008-11-05,15.3459929,2.668292,3.315323025,,,,0.682758,0.523589327,0.6460417,403.0759334,0.3973543,0.5205409,0.48019248,,,,,,,,,,,,,,,,,,,
2008-11-06,15.3516696,2.598146,3.228670431,,,,0.658034,0.511709656,0.6399821,390.4545418,0.3850169,0.5042169,0.46415639,,,,,,,,,,,,,,,,,,,
2008-11-07,15.3571845,2.650066,3.293565217,,,,0.66534,0.531448858,0.6396939,395.8059224,0.3901852,0.511065,0.47763066,,,,,,,,,,,,,,,,,,,
2008-11-10,15.3628515,2.634976,3.275277745,,,,0.669068,0.530718191,0.6375674,394.1526378,0.3874409,0.5098737,0.47827675,,,,,,,,,,,,,,,,,,,
2008-11-11,15.3780234,2.565959,3.189996671,,,,0.677341,0.520261031,0.6399281,392.2235262,0.3855018,0.5073087,0.47011728,,,,,,,,,,,,,,,,,,,
2008-11-12,15.3933523,2.485022,3.089881336,,,,0.627363,0.489113105,0.6127236,378.6099915,0.3722185,0.4896547,0.45101805,,,,,,,,,,,,,,,,,,,
2008-11-13,15.3949875,2.549775,3.170733047,,,,0.653853,0.494726838,0.6198005,380.3066971,0.3738061,0.4917792,0.45625687,,,,,,,,,,,,,,,,,,,
2008-11-14,15.3966183,2.550595,3.172190525,,,,0.650466,0.49794032,0.6185002,379.5250672,0.3729864,0.4907021,0.45895006,,,,,,,,,,,,,,,,,,,
2008-11-17,15.3983672,2.532555,3.150202447,,,,0.648398,0.488358911,0.6140073,375.8072961,0.3703408,0.4848752,0.45265561,,,,,,,,,,,,,,,,,,,
2008-11-18,15.4000199,2.480671,3.08614177,,,,0.61756,0.477739058,0.5827217,369.3123111,0.3639549,0.4764344,0.44358997,,,,,,,,,,,,,,,,,,,
2008-11-19,15.401677,2.433832,3.028331412,,,,0.606805,0.472746506,0.5764398,372.2945241,0.3667999,0.4802125,0.43859695,,,,,,,,,,,,,,,,,,,
2008-11-20,15.4034564,2.433539,3.028372064,,,,0.606708,0.472711245,0.576383,372.2818745,0.3667277,0.4801292,0.43850407,,,,,,,,,,,,,,,,,,,
2008-11-21,15.4050567,2.365093,2.943686045,,,,0.566184,0.454702823,0.5730728,362.2790619,0.3569258,0.4671661,0.42365084,,,,,,,,,,,,,,,,,,,
2008-11-24,15.4066875,2.458624,3.060378586,,,,0.621828,0.46933009,0.5702137,375.1955949,0.3694469,0.4837523,0.43764777,,,,,,,,,,,,,,,,,,,
2008-11-25,15.4083358,2.454186,3.055288856,,,,0.634109,0.472234116,0.5664699,377.4540982,0.3715864,0.486597,0.43426523,,,,,,,,,,,,,,,,,,,
2008-11-26,15.4099404,2.504393,3.118148305,,,,0.659294,0.485858836,0.570504,383.0671297,0.3769942,0.4937676,0.44067115,,,,,,,,,,,,,,,,,,,
2008-11-27,15.4115975,2.524791,3.143951066,,,,0.656227,0.496851307,0.5750084,390.0952066,0.3837769,0.5027599,0.44827047,,,,,,,,,,,,,,,,,,,
2008-11-28,15.4132458,2.572029,3.203145271,,,,0.666128,0.514034016,0.5757457,399.4497021,0.3928261,0.5147523,0.44914968,,,,,,,,,,,,,,,,,,,
2008-12-01,15.4149597,2.476708,3.084961636,,,,0.630342,0.486384411,0.5690626,381.9598176,0.3757142,0.492123,0.43868783,,,,,,,,,,,,,,,,,,,
2008-12-02,15.4167129,2.459767,3.064258667,,,,0.634779,0.480332631,0.5654915,380.3686876,0.3740883,0.4899922,0.43734601,,,,,,,,,,,,,,,,,,,
2008-12-03,15.4185055,2.470364,3.07784952,,,,0.639093,0.467103398,0.5657025,372.819981,0.3667367,0.4803934,0.43864506,,,,,,,,,,,,,,,,,,,
2008-12-04,15.4202325,2.483984,3.095210054,,,,0.635862,0.471956073,0.5619036,371.4104549,0.3653096,0.4785197,0.43585592,,,,,,,,,,,,,,,,,,,
2008-12-05,15.4219814,2.49291,3.106732809,,,,0.640426,0.471244071,0.555727,375.2210178,0.3689551,0.4829187,0.43421292,,,,,,,,,,,,,,,,,,,
2008-12-08,15.4237565,2.57503,3.209378338,,,,0.69487,0.494726869,0.5580571,392.9350235,0.3860933,0.5060398,0.44949701,,,,,,,,,,,,,,,,,,,
2008-12-09,15.4255098,2.549024,3.177436119,,,,0.692468,0.49212348,0.5579483,406.4709861,0.3991699,0.5233553,0.45318492,,,,,,,,,,,,,,,,,,,
2008-12-10,15.4273024,2.56942,3.203248872,,,,0.71104,0.500089836,0.5542563,410.4633656,0.4029717,0.5284059,0.45923267,,,,,,,,,,,,,,,,,,,
2008-12-11,15.4273461,2.613966,3.25924157,,,,0.704906,0.519963378,0.5571379,418.8146212,0.41101,0.539059,0.46644719,,,,,,,,,,,,,,,,,,,
2008-12-12,15.4290906,2.615269,3.261297204,,,,0.720041,0.514343576,0.5541951,412.7371879,0.4050271,0.5311698,0.45794005,,,,,,,,,,,,,,,,,,,
2008-12-15,15.4308307,2.59698,3.238946268,,,,0.702766,0.514380388,0.5479573,408.2939218,0.4006328,0.525381,0.45399017,,,,,,,,,,,,,,,,,,,
2008-12-16,15.4325446,2.652652,3.308745845,,,,0.73265,0.534484989,0.5600902,418.560102,0.410532,0.538495,0.46014156,,,,,,,,,,,,,,,,,,,
2008-12-17,15.4343285,2.61711,3.26489515,,,,0.73176,0.522610085,0.5588863,407.0820413,0.3993013,0.5236657,0.45526476,,,,,,,,,,,,,,,,,,,
2008-12-18,15.4361561,2.643279,3.297945194,,,,0.726923,0.524098608,0.5707092,410.530228,0.4025757,0.5280182,0.46101938,,,,,,,,,,,,,,,,,,,
2008-12-19,15.4379705,2.65085,3.307826081,,,,0.719298,0.526250096,0.5745665,407.770018,0.3991077,0.5237307,0.46749109,,,,,,,,,,,,,,,,,,,
2008-12-22,15.4397019,2.671661,3.334215881,,,,0.692371,0.53315286,0.5639747,413.6645212,0.4038597,0.5303878,0.46889719,,,,,,,,,,,,,,,,,,,
2008-12-23,15.4415251,2.657395,3.316871998,,,,0.674396,0.530582622,0.5578476,412.6887941,0.4028491,0.5290684,0.46592576,,,,,,,,,,,,,,,,,,,
2008-12-24,15.443274,2.657083,3.316921633,,,,0.674287,0.530553347,0.5577922,412.6828867,0.4027811,0.5289953,0.46583137,,,,,,,,,,,,,,,,,,,
2008-12-26,15.4450622,2.685393,3.352671967,,,,0.680182,0.531995454,0.5635659,414.2003706,0.4041933,0.5308707,0.4661216,,,,,,,,,,,,,,,,,,,
2008-12-29,15.4484069,2.685505,3.353260983,,,,0.68137,0.527476997,0.5589478,413.8378987,0.4037786,0.5303416,0.4714999,,,,,,,,,,,,,,,,,,,
2008-12-30,15.4502301,2.728879,3.407819543,,,,0.689521,0.541031856,0.5619882,421.0757265,0.4107805,0.5395332,0.47708379,,,,,,,,,,,,,,,,,,,
2008-12-31,15.4522413,2.728551,3.407869632,,,,0.689039,0.541001412,0.5619324,421.0646137,0.4107065,0.5394531,0.4769884,,,,,,,,,,,,,,,,,,,
2009-01-02,15.4538066,2.789983,3.484959259,,,,0.736074,0.54569818,0.5656238,429.7574112,0.4191276,0.550504,0.48735894,,,,,,,,,,,,,,,,,,,
2009-01-05,15.4554855,2.818958,3.521568647,,,,0.754216,0.549234756,0.5628038,433.1520782,0.4223937,0.5547939,0.50028638,,,,,,,,,,,,,,,,,,,
2009-01-06,15.4571994,2.864716,3.579129951,,,,0.766692,0.557171122,0.575035,437.0184821,0.426104,0.5589567,0.52100197,,,,,,,,,,,,,,,,,,,
2009-01-07,15.4587909,2.80854,3.509466592,,,,0.740297,0.539065007,0.5667197,428.5245372,0.4178009,0.5480407,0.51965941,,,,,,,,,,,,,,,,,,,
2009-01-08,15.4602206,2.840373,3.549677368,,,,0.759908,0.546281869,0.5731456,431.9546347,0.4210876,0.5532073,0.53497447,,,,,,,,,,,,,,,,,,,
2009-01-09,15.4624023,2.870325,3.58755695,,,,0.753861,0.553896233,0.576482,433.6582914,0.422696,0.5553492,0.5343924,,,,,,,,,,,,,,,,,,,
2009-01-12,15.4641687,2.803194,3.504229124,,,,0.717737,0.534955394,0.5692592,417.7573162,0.4071944,0.5349746,0.51631461,,,,,,,,,,,,,,,,,,,
2009-01-13,15.4657864,2.808694,3.511509477,,,,0.719304,0.540547998,0.5730924,415.7543109,0.4051799,0.5323561,0.51390546,,,,,,,,,,,,,,,,,,,
2009-01-14,15.4675265,2.734468,3.419271227,,,,0.690991,0.528184024,0.5619887,404.7649539,0.3944318,0.518244,0.50823859,,,,,,,,,,,,,,,,,,,
2009-01-15,15.4690131,2.75363,3.443665817,,,,0.712985,0.529522913,0.5564395,408.3388445,0.3978301,0.522751,0.50886003,,,,,,,,,,,,,,,,,,,
2009-01-16,15.4707488,2.784693,3.482948223,,,,0.717405,0.54020552,0.5540309,409.7992231,0.3991739,0.5245546,0.51717954,,,,,,,,,,,,,,,,,,,
2009-01-19,15.4725021,2.780873,3.478654099,,,,0.708568,0.53598334,0.5529408,409.0218806,0.3983428,0.5234961,0.51495706,,,,,,,,,,,,,,,,,,,
2009-01-20,15.4741854,2.742715,3.431440655,,,,0.679605,0.526053453,0.5401073,404.0577588,0.3934427,0.5170827,0.49491149,,,,,,,,,,,,,,,,,,,
2009-01-21,15.4758949,2.789467,3.490335866,,,,0.700374,0.535702125,0.5442459,407.573402,0.3967845,0.5215152,0.49612919,,,,,,,,,,,,,,,,,,,
2009-01-22,15.4774776,2.777312,3.475621848,,,,0.689755,0.535868217,0.5408102,406.5847655,0.3957482,0.5201866,0.49070678,,,,,,,,,,,,,,,,,,,
2009-01-23,15.4787018,2.778869,3.478039482,,,,0.693197,0.536899032,0.5450183,408.5809616,0.397613,0.5226849,0.49625304,,,,,,,,,,,,,,,,,,,
2009-01-26,15.479738,2.777626,3.476963579,,,,0.699879,0.539201322,0.5464533,407.2391886,0.3962334,0.5209138,0.49675096,,,,,,,,,,,,,,,,,,,
2009-01-27,15.480818,2.755814,3.450156853,,,,0.703102,0.53596704,0.5516574,408.4756461,0.3973597,0.5224404,0.49845262,,,,,,,,,,,,,,,,,,,
2009-01-28,15.4821209,2.808718,3.516795589,,,,0.728454,0.548019039,0.5557971,419.1749318,0.4076828,0.5360699,0.50990846,,,,,,,,,,,,,,,,,,,
2009-01-29,15.4838479,2.771041,3.470148293,,,,0.717482,0.5416696,0.5475759,413.5636072,0.4021526,0.5288376,0.50159957,,,,,,,,,,,,,,,,,,,
2009-01-30,15.4849716,2.771096,3.470684467,,,,0.711682,0.541210403,0.5423222,414.3670814,0.4028576,0.52981,0.50019776,,,,,,,,,,,,,,,,,,,
2009-02-02,15.4864319,2.765816,3.464495861,,,,0.701025,0.533307161,0.5420253,410.2661884,0.3988178,0.5245192,0.49792619,,,,,,,,,,,,,,,,,,,
2009-02-03,15.4875861,2.790735,3.496097042,,,,0.719083,0.542015332,0.5462564,407.568541,0.3961423,0.5210233,0.50088733,,,,,,,,,,,,,,,,,,,
2009-02-04,15.4891033,2.801511,3.51003899,,,,0.724593,0.544038151,0.5429601,406.1057068,0.3946719,0.5188606,0.51066692,,,,,,,,,,,,,,,,,,,
2009-02-05,15.4902575,2.808243,3.518920421,,,,0.741002,0.547864212,0.5447538,409.2601743,0.397674,0.5228414,0.51851365,,,,,,,,,,,,,,,,,,,
2009-02-06,15.4914555,2.852062,3.574231934,,,,0.767998,0.557359716,0.5451253,414.1515825,0.4023582,0.529039,0.52180306,,,,,,,,,,,,,,,,,,,
2009-02-09,15.4927715,2.830358,3.547525297,,,,0.757702,0.557793541,0.5486227,410.5317767,0.3987776,0.5243541,0.52314343,,,,,,,,,,,,,,,,,,,
2009-02-10,15.4939171,2.7805,3.485549489,,,,0.743652,0.548452528,0.5440784,405.9510192,0.3942665,0.5184429,0.51887748,,,,,,,,,,,,,,,,,,,
2009-02-11,15.4950888,2.776636,3.481151921,,,,0.739967,0.552098861,0.5467423,407.5039445,0.3956982,0.5203617,0.52167655,,,,,,,,,,,,,,,,,,,
2009-02-12,15.4963392,2.761161,3.462219591,,,,0.734089,0.549774456,0.5465636,410.0229301,0.3980654,0.5235134,0.51076806,,,,,,,,,,,,,,,,,,,
2009-02-13,15.497511,2.828693,3.547267019,,,,0.753413,0.559606463,0.5487724,417.0449241,0.4047941,0.5324124,0.51897301,,,,,,,,,,,,,,,,,,,
2009-02-16,15.4988926,2.830449,3.549934668,,,,0.75605,0.56297,0.5442168,434.7028709,0.421824,0.5548861,0.51950261,,,,,,,,,,,,,,,,,,,
2009-02-17,15.4993211,2.751777,3.451814114,,,,0.722618,0.551284234,0.541388,420.7121134,0.4081973,0.5369644,0.50438392,,,,,,,,,,,,,,,,,,,
2009-02-18,15.5006021,2.736466,3.433060551,,,,0.720865,0.55231277,0.541139,421.0501733,0.4084494,0.5373305,0.49967217,,,,,,,,,,,,,,,,,,,
2009-02-19,15.5017826,2.743537,3.44236597,,,,0.722745,0.555319215,0.5409894,425.2546762,0.4124465,0.5426315,0.49980324,,,,,,,,,,,,,,,,,,,
2009-02-20,15.5033085,2.713778,3.405509481,,,,0.70469,0.546286317,0.5299682,422.5000947,0.4097026,0.5390501,0.49156251,,,,,,,,,,,,,,,,,,,
2009-02-25,15.5045327,2.666138,3.346222351,,,,0.696596,0.539859199,0.5306389,420.2617613,0.407459,0.5361278,0.48388179,,,,,,,,,,,,,,,,,,,
2009-02-26,15.5058662,2.650655,3.327236434,,,,0.696243,0.539396226,0.5331469,422.9257364,0.409964,0.5394626,0.4801071,,,,,,,,,,,,,,,,,,,
2009-02-27,15.5073615,2.648275,3.324682431,,,,0.696603,0.53693847,0.534236,423.1156634,0.4100724,0.5396395,0.47721512,,,,,,,,,,,,,,,,,,,
2009-03-02,15.5087169,2.551489,3.203705028,,,,0.662263,0.515473978,0.5205294,412.4240565,0.399641,0.52593,0.45921559,,,,,,,,,,,,,,,,,,,
2009-03-03,15.5100198,2.571059,3.228642135,,,,0.665487,0.515151612,0.5209938,415.2999546,0.4023599,0.5295481,0.46410662,,,,,,,,,,,,,,,,,,,
2009-03-04,15.5112266,2.616536,3.286100537,,,,0.700744,0.534711068,0.5328591,427.4376662,0.4140004,0.5446816,0.47539575,,,,,,,,,,,,,,,,,,,
2009-03-05,15.5123633,2.568739,3.226559171,,,,0.681583,0.521876239,0.5215058,418.7889655,0.4055956,0.5336244,0.46610516,,,,,,,,,,,,,,,,,,,
2009-03-06,15.4738574,2.557309,3.212620149,,,,0.677908,0.523821366,0.5154413,423.9594101,0.4105323,0.5401639,0.46449655,,,,,,,,,,,,,,,,,,,
2009-03-09,15.4064383,2.519179,3.165165212,,,,0.670746,0.519614149,0.5060022,419.1021435,0.4057881,0.5339347,0.46226909,,,,,,,,,,,,,,,,,,,
2009-03-10,15.4121965,2.596494,3.262640607,,,,0.70634,0.540963942,0.5100553,424.2527771,0.4107056,0.540449,0.47298295,,,,,,,,,,,,,,,,,,,
2009-03-11,0.0,2.591763,3.257151294,,,,0.706477,0.537086945,0.5073069,424.6897312,0.4110496,0.5409399,0.47228719,,,,,,,,,,,,,,,,,,,
2009-03-12,0.0,2.60352,3.27232632,,,,0.712071,0.539348937,0.5148892,426.6588428,0.4128726,0.5433817,0.47284273,,,,,,,,,,,,,,,,,,,
2009-03-13,0.0,2.597602,3.265310156,,,,0.709248,0.535304681,0.5155847,428.6463832,0.4147133,0.5458469,0.47374182,,,,,,,,,,,,,,,,,,,
2009-03-16,0.0,2.592859,3.25976557,,,,0.702635,0.531192837,0.5162807,428.8701854,0.4148511,0.5460661,0.47380725,,,,,,,,,,,,,,,,,,,
2009-03-17,0.0,2.633698,3.31147871,,,,0.719372,0.521777599,0.5134949,428.477015,0.4143664,0.5454748,0.47741799,,,,,,,,,,,,,,,,,,,
2009-03-18,0.0,2.669838,3.357307245,,,,0.730826,0.531493894,0.512293,427.2559124,0.4130826,0.5438292,0.4823488,,,,,,,,,,,,,,,,,,,
2009-03-19,0.0,2.663787,3.350135047,,,,0.734869,0.539682061,0.5158622,428.8244283,0.4144918,0.5457358,0.49192468,,,,,,,,,,,,,,,,,,,
2009-03-20,0.0,2.657503,3.342660582,,,,0.728593,0.537385406,0.5226623,427.9613086,0.4135804,0.5445711,0.48952893,,,,,,,,,,,,,,,,,,,
2009-03-23,0.0,2.758775,3.470358268,,,,0.769023,0.55346096,0.532127,435.8320612,0.4211004,0.5545275,0.50942488,,,,,,,,,,,,,,,,,,,
2009-03-24,,2.718448,3.420124673,,,,0.750453,0.547383577,0.5338393,433.8790518,0.4191361,0.5519746,0.50352829,,,,,,,,,,,,,,,,,,,
2009-03-25,,2.715427,3.416753294,,,,0.756076,0.550479918,0.5356105,431.7538254,0.4170057,0.5492025,0.50560561,,,,,,,,,,,,,,,,,,,
2009-03-26,,2.767544,3.482706017,,,,0.769798,0.563055995,0.534614,436.0930589,0.4211162,0.554662,0.51436702,,,,,,,,,,,,,,,,,,,
2009-03-27,,2.730149,3.43612124,,,,0.75792,0.569106671,0.5301598,433.0673983,0.4181164,0.5507433,0.51078978,,,,,,,,,,,,,,,,,,,
2009-03-30,,2.678004,3.370956463,,,,0.735698,0.554690001,0.5207954,426.8105962,0.4119976,0.5427104,0.49593159,,,,,,,,,,,,,,,,,,,
2009-03-31,,2.705765,3.406265887,,,,0.740024,0.555531058,0.5241176,429.3333814,0.414355,0.5458572,0.49159434,,,,,,,,,,,,,,,,,,,
2009-04-01,,2.751125,3.46373501,,,,0.757227,0.561161295,0.5302289,435.9389482,0.4206776,0.554224,0.5022394,,,,,,,,,,,,,,,,,,,
2009-04-02,,2.835925,3.570857672,,,,0.788776,0.582661127,0.5460559,448.7489371,0.4329893,0.5704908,0.51820714,,,,,,,,,,,,,,,,,,,
2009-04-03,,2.885277,3.633413244,,,,0.800141,0.600341485,0.5503068,453.1266176,0.4371151,0.5757247,0.52409211,,,,,,,,,,,,,,,,,,,
2009-04-06,,2.881972,3.629722977,,,,0.797258,0.598400504,0.5572927,453.8281164,0.4377064,0.576545,0.52444599,,,,,,,,,,,,,,,,,,,
2009-04-07,,2.908451,3.663504911,,,,0.791073,0.601231672,0.5574581,456.4180267,0.4401398,0.5797877,0.5177896,,,,,,,,,,,,,,,,,,,
2009-04-08,,2.985833,3.761391088,,,,0.798062,0.613375874,0.564331,462.0854794,0.4455055,0.5869132,0.52992504,,,,,,,,,,,,,,,,,,,
2009-04-09,,3.041134,3.831491662,,,,0.822702,0.629807537,0.5745711,470.1833174,0.4532072,0.597124,0.55086297,,,,,,,,,,,,,,,,,,,
2009-04-13,,3.071386,3.870071879,,,,0.829655,0.624266891,0.5859027,476.9336809,0.4596127,0.6056237,0.55166148,,,,,,,,,,,,,,,,,,,
2009-04-14,,3.065635,3.863325563,,,,0.819492,0.620401038,0.5771318,474.210909,0.4569102,0.6020958,0.54838137,,,,,,,,,,,,,,,,,,,
2009-04-15,,3.103585,3.911608892,,,,0.817636,0.62887082,0.5793159,482.8026894,0.4650856,0.6129331,0.55407953,,,,,,,,,,,,,,,,,,,
2009-04-16,,3.163821,3.987981174,,,,0.830953,0.647250913,0.5892244,495.7953469,0.4774898,0.6293561,0.56047454,,,,,,,,,,,,,,,,,,,
2009-04-17,,3.169457,3.995593571,,,,0.826846,0.653021116,0.5943074,499.7621881,0.4812155,0.6343193,0.56778006,,,,,,,,,,,,,,,,,,,
2009-04-20,,3.119055,3.932599789,,,,0.80413,0.637899735,0.5957215,492.3474701,0.4739987,0.6248321,0.56083001,,,,,,,,,,,,,,,,,,,
2009-04-22,,3.185814,4.017208113,,,,0.811097,0.643707618,0.599529,502.9712938,0.4841247,0.6382471,0.56776797,,,,,,,,,,,,,,,,,,,
2009-04-23,,3.22172,4.062974691,,,,0.827192,0.655580184,0.6025342,512.1413327,0.4928519,0.6498159,0.5664943,,,,,,,,,,,,,,,,,,,
2009-04-24,,3.31872,4.185745653,,,,0.845783,0.663752254,0.6200905,529.4641582,0.5094163,0.6717351,0.57927276,,,,,,,,,,,,,,,,,,,
2009-04-27,,3.308766,4.173740448,,,,0.82903,0.664351111,0.6273191,528.1075801,0.5080209,0.6699379,0.57714006,,,,,,,,,,,,,,,,,,,
2009-04-28,,3.315329,4.182537803,,,,0.830724,0.664166419,0.6389298,528.7405828,0.5085384,0.6706667,0.58311772,,,,,,,,,,,,,,,,,,,
2009-04-29,,3.423306,4.319202299,,,,0.856879,0.68562061,0.64386,539.9466755,0.5192207,0.6848192,0.60575961,,,,,,,,,,,,,,,,,,,
2009-04-30,,3.447177,4.34986801,,,,0.859319,0.666769453,0.641417,545.3452457,0.5243186,0.6915979,0.61962041,,,,,,,,,,,,,,,,,,,
2009-05-04,,3.592297,4.533404566,,,,0.911849,0.683612328,0.6685228,561.2205006,0.5408563,0.7133713,0.64741233,,,,,,,,,,,,,,,,,,,
2009-05-05,,3.576357,4.513872268,,,,0.915155,0.686641832,0.6598265,565.1901503,0.5446046,0.7183591,0.65694782,,,,,,,,,,,,,,,,,,,
2009-05-06,,3.617999,4.566972582,,,,0.927664,0.695897377,0.6696579,568.6938538,0.5479046,0.7225013,0.66009207,,,,,,,,,,,,,,,,,,,
2009-05-07,,3.562694,4.497808419,,,,0.902874,0.721193105,0.6676801,566.9084756,0.544772,0.7185077,0.65057235,,,,,,,,,,,,,,,,,,,
2009-05-08,,3.67223,4.636570554,,,,0.925692,0.747331746,0.6870979,584.7180936,0.5617845,0.741014,0.67160118,,,,,,,,,,,,,,,,,,,
2009-05-11,,3.622757,4.574743558,,,,0.917519,0.753803196,0.6896039,586.4531018,0.5633783,0.7431584,0.66020314,,,,,,,,,,,,,,,,,,,
2009-05-12,,3.598804,4.545082416,,,,0.909332,0.747190974,0.6833096,579.3284472,0.5564473,0.7340545,0.65360731,,,,,,,,,,,,,,,,,,,
2009-05-13,,3.497148,4.417344831,,,,0.881001,0.743773712,0.6720575,573.3413532,0.5506079,0.7263918,0.64135039,,,,,,,,,,,,,,,,,,,
2009-05-14,,3.58411,4.527657614,,,,0.894595,0.735863929,0.672676,585.3387156,0.5620164,0.7415095,0.6466102,,,,,,,,,,,,,,,,,,,
2009-05-15,,3.587821,4.532923166,,,,0.886681,0.722014227,0.6786597,589.6290131,0.5660326,0.7468644,0.63998121,,,,,,,,,,,,,,,,,,,
2009-05-18,,3.730201,4.71326482,,,,0.929928,0.757073214,0.7009863,605.9625968,0.5815979,0.7674738,0.65682908,,,,,,,,,,,,,,,,,,,
2009-05-19,,3.719488,4.700348749,,,,0.926798,0.742152617,0.7000949,613.6363503,0.5888569,0.7771133,0.65548052,,,,,,,,,,,,,,,,,,,
2009-05-20,,3.701631,4.678387551,,,,0.925921,0.723678153,0.6975023,610.4860729,0.5857372,0.7730422,0.64965318,,,,,,,,,,,,,,,,,,,
2009-05-21,,3.633672,4.593131881,,,,0.907582,0.716326029,0.6855263,595.8954649,0.571646,0.7544803,0.63667891,,,,,,,,,,,,,,,,,,,
2009-05-22,,3.690402,4.665363081,,,,0.916399,0.732546389,0.6892268,602.8226677,0.5781942,0.7631748,0.64382132,,,,,,,,,,,,,,,,,,,
2009-05-25,,3.727072,4.712285644,,,,0.92002,0.754291057,0.6917788,606.6714264,0.5817293,0.7679695,0.65097298,,,,,,,,,,,,,,,,,,,
2009-05-26,,3.760267,4.754825595,,,,0.937042,0.743195989,0.6997204,606.5216556,0.5815492,0.7676994,0.65556457,,,,,,,,,,,,,,,,,,,
2009-05-27,,3.75798,4.752534964,,,,0.937442,0.738577691,0.6979664,606.3379947,0.5812767,0.7673863,0.65721019,,,,,,,,,,,,,,,,,,,
2009-05-28,,3.805339,4.812989352,,,,0.959052,0.745179671,0.7089569,611.8854957,0.5865007,0.7743326,0.66938022,,,,,,,,,,,,,,,,,,,
2009-05-29,,3.819653,4.831690529,,,,0.960011,0.754641665,0.71602,615.0605602,0.5894488,0.7782737,0.67733471,,,,,,,,,,,,,,,,,,,
2009-06-01,,3.89161,4.923257356,,,,0.982245,0.775645027,0.7308518,628.637386,0.6023992,0.7954179,0.69321402,,,,,,,,,,,,,,,,,,,
2009-06-02,,3.895125,4.928313065,,,,0.970995,0.791031443,0.7286183,636.013913,0.609402,0.8044539,0.6958851,,,,,,,,,,,,,,,,,,,
2009-06-03,,3.798056,4.806176343,,,,0.937659,0.780913391,0.7193729,627.351288,0.6009146,0.7934388,0.68277994,,,,,,,,,,,,,,,,,,,
2009-06-04,,3.886588,4.918723687,,,,0.961477,0.793551176,0.7596171,637.1663387,0.6101762,0.8058046,0.7021769,,,,,,,,,,,,,,,,,,,
2009-06-05,,3.881748,4.913220374,,,,0.959705,0.794762748,0.7654446,644.3670342,0.6170498,0.8148404,0.70703321,,,,,,,,,,,,,,,,,,,
2009-06-08,,3.873396,4.903258639,,,,0.964782,0.797609359,0.7652097,642.3027161,0.6148796,0.8121524,0.70542324,,,,,,,,,,,,,,,,,,,
2009-06-09,,3.852152,4.876986707,,,,0.955957,0.799834327,0.7593167,640.1893875,0.6128756,0.8094025,0.70383025,,,,,,,,,,,,,,,,,,,
2009-06-10,,3.850481,4.877340087,,,,0.961846,0.78646296,0.7549558,640.6462822,0.6132097,0.8099049,0.70699145,,,,,,,,,,,,,,,,,,,
2009-06-12,,3.884279,4.920725595,,,,0.965194,0.781034485,0.7546522,644.7723085,0.6170376,0.81505,0.70605616,,,,,,,,,,,,,,,,,,,
2009-06-15,,3.787633,4.798972352,,,,0.939344,0.761679988,0.7393034,634.5080817,0.606969,0.8017893,0.68695222,,,,,,,,,,,,,,,,,,,
2009-06-16,,3.77576,4.784513314,,,,0.923314,0.747243403,0.7380473,629.1880666,0.6018321,0.7951781,0.68445672,,,,,,,,,,,,,,,,,,,
2009-06-17,,3.770505,4.778445821,,,,0.920041,0.740971171,0.7366091,626.219727,0.5987466,0.7902865,0.68081824,,,,,,,,,,,,,,,,,,,
2009-06-18,,3.811049,4.830381762,,,,0.915849,0.750331215,0.7411212,630.2454938,0.6024766,0.7949411,0.68300588,,,,,,,,,,,,,,,,,,,
2009-06-19,,3.882324,4.921276146,,,,0.924798,0.762099944,0.7411897,637.2616048,0.6090554,0.803303,0.69484699,,,,,,,,,,,,,,,,,,,
2009-06-22,,3.763758,4.77167827,,,,0.895103,0.732540302,0.7228317,620.8134527,0.5929632,0.7815964,0.67404936,,,,,,,,,,,,,,,,,,,
2009-06-23,,3.787048,4.801756978,,,,0.899243,0.735549896,0.7290134,626.594064,0.5971535,0.7865244,0.67744969,,,,,,,,,,,,,,,,,,,
2009-06-24,,3.828366,4.854711043,,,,0.89717,0.747501595,0.7299177,626.4560841,0.5982333,0.7887366,0.68174709,,,,,,,,,,,,,,,,,,,
2009-06-25,,3.875908,4.915567745,,,,0.926367,0.772106965,0.7385329,631.0405421,0.6022475,0.7936289,0.69154153,,,,,,,,,,,,,,,,,,,
2009-06-26,,3.887868,4.931336497,,,,0.924146,0.762225464,0.7348444,631.9643741,0.6036985,0.7978983,0.69678282,,,,,,,,,,,,,,,,,,,
2009-06-29,,3.933614,4.988094473,,,,0.939596,0.765839768,0.7390147,638.6133135,0.6099315,0.8059416,0.70211624,,,,,,,,,,,,,,,,,,,
2009-06-30,,3.922587,4.974743035,,,,0.929204,0.75110016,0.7448698,644.2945154,0.6147619,0.8103511,0.69879165,,10.0,,,,,,,,,,,,,,,,,
2009-07-01,,3.956273,5.018058025,,,,0.931459,0.75197908,0.7422481,645.5454894,0.6161898,0.8128856,0.69339781,,10.0828,,,,,,,,,,,,,,,,,
2009-07-02,,3.977641,5.045773478,,,,0.923451,0.762616233,0.7462162,646.3774821,0.6150507,0.8100387,0.68813944,,10.0982,,,,,,,,,,,,,,,,,
2009-07-03,,3.985861,5.056827917,,,,0.92284,0.778737254,0.7486113,652.4428178,0.6201218,0.8165618,0.69303617,,10.1486,,,,,,,,,,,,,,,,,
2009-07-06,,3.995441,5.069626216,,,,0.916662,0.773924768,0.7471269,649.1151654,0.6155686,0.8101934,0.69026347,,10.1816,,,,,,,,,,,,,,,,,
2009-07-07,,3.95207,5.015252816,,,,0.895075,0.769353398,0.747574,650.0230026,0.615821,0.8104053,0.6905184,,10.0932,,,,,,,,,,,,,,,,,
2009-07-08,,3.939184,4.999566113,,,,0.890691,0.770494555,0.7440502,653.1716887,0.6167054,0.8109879,0.68391229,,10.0672,,,,,,,,,,,,,,,,,
2009-07-09,,3.938768,4.999655082,,,,0.890552,0.770484674,0.7440022,653.1570012,0.6166158,0.8109142,0.68376247,,10.0658,,,,,,,,,,,,,,,,,
2009-07-10,,3.952211,5.017327974,,,,0.892918,0.765668742,0.7457031,654.344872,0.6174637,0.8120121,0.68628531,,10.204,,,,,,,,,,,,,,,,,
2009-07-13,,3.933214,4.993844874,,,,0.893899,0.765846451,0.7486316,653.4164789,0.6169402,0.811501,0.68940451,,10.2294,,,,,,,,,,,,,,,,,
2009-07-14,,3.9253,4.984413753,,,,0.887071,0.766784718,0.7405835,652.4046645,0.6157638,0.809953,0.68937469,,10.183,,,,,,,,,,,,,,,,,
2009-07-15,,4.032521,5.121116637,,,,0.927597,0.787226216,0.7537215,667.3963388,0.6311325,0.8306096,0.69946205,,10.471,,,,,,,,,,,,,,,,,
2009-07-16,,4.078712,5.180399356,,,,0.940262,0.79345104,0.7528772,677.2369759,0.6403018,0.8426997,0.70261688,,10.5648,,,,,,,,,,,,,,,,,
2009-07-17,,4.081224,5.184232083,,,,0.941867,0.798964655,0.7498313,676.1050381,0.640342,0.8431667,0.70708199,,10.5542,,,,,,,,,,,,,,,,,
2009-07-20,,4.163938,5.28989292,,,,0.962423,0.824424821,0.7570811,689.1978398,0.6525518,0.859247,0.71275393,,10.831,,,,,,,,,,,,,,,,,
2009-07-21,,4.149434,5.272141381,,,,0.962116,0.826744581,0.759487,689.037844,0.6523788,0.8590838,0.71416438,,10.845,,,,,,,,,,,,,,,,,
2009-07-22,,4.155723,5.280778017,,,,0.957866,0.821127087,0.7519158,686.6142667,0.6506954,0.8571288,0.70633576,,10.8194,,,,,,,,,,,,,,,,,
2009-07-23,,4.224261,5.368507298,,,,0.978347,0.809542449,0.7715229,703.5643027,0.6660877,0.8772754,0.71636411,,11.0366,,,,,,,,,,,,,,,,,
2009-07-24,,4.280214,5.440258045,,,,0.982566,0.809053655,0.782839,713.406653,0.6740142,0.8873738,0.73134171,,11.1804,,,,,,,,,,,,,,,,,
2009-07-27,,4.336479,5.51241992,,,,0.982552,0.809120946,0.7882625,718.9337187,0.6784808,0.8931002,0.74054903,,11.2698,,,,,,,,,,,,,,,,,
2009-07-28,,4.354067,5.535458661,,,,0.981689,0.808682977,0.7843975,716.6558338,0.6761167,0.8899984,0.7352181,,11.3582,,,,,,,,,,,,,,,,,
2009-07-29,,4.335345,5.512351504,,,,0.968153,0.809926291,0.78543,720.2385374,0.6778182,0.891818,0.74581631,,11.2634,,,,,,,,,,,,,,,,,
2009-07-30,,4.379185,5.568744391,,,,0.97874,0.82384536,0.8050829,735.6291996,0.6924712,0.9112419,0.76016427,,11.3882,,,,,,,,,,,,,,,,,
2009-07-31,,4.46536,5.678970355,,,,0.983954,0.841866757,0.8204634,755.7862875,0.7081292,0.931218,0.76375008,,11.5542,,,,,,,,,,,,,,,,,
2009-08-03,,4.540834,5.775612534,,,,1.005471,0.863256474,0.8407268,764.770893,0.717588,0.943894,0.77239246,,11.7904,,,,,,,,,,,,,,,,,
2009-08-04,,4.564117,5.805925333,,,,1.004799,0.873679568,0.851988,769.9647729,0.7223327,0.9499576,0.77756648,,11.8572,,,,,,,,,,,,,,,,,
2009-08-05,,4.596875,5.848299494,,,,1.009964,0.888682177,0.8544142,771.9451438,0.7233006,0.9511218,0.78432679,,11.8954,,,,,,,,,,,,,,,,,
2009-08-06,,4.539744,5.776380926,,,,0.997756,0.892645429,0.8558332,772.7505574,0.7237539,0.9517165,0.79245261,,11.7522,,,,,,,,,,,,,,,,,
2009-08-07,,4.571663,5.817685447,,,,1.007859,0.894235333,0.8675291,776.8134316,0.7278561,0.9572206,0.79774706,,11.8304,,,,,,,,,,,,,,,,,
2009-08-10,,4.585958,5.836593882,,,,1.016391,0.906869324,0.8783101,782.6036173,0.7324597,0.9631862,0.80424606,,11.905,,,,,,,,,,,,,,,,,
2009-08-11,,4.55215,5.794310385,,,,0.998338,0.906868195,0.8637024,778.5948419,0.7278561,0.9570523,0.79819917,,11.818,,,,,,,,,,,,,,,,,
2009-08-12,,4.566842,5.8137184,,,,1.012739,0.916217434,0.8738371,786.7622798,0.7351951,0.9667139,0.80507308,,11.851,,,,,,,,,,,,,,,,,
2009-08-13,,4.552747,5.796500477,,,,1.019913,0.907602865,0.8691181,783.9714458,0.7340843,0.9655572,0.80525048,,11.8488,,,,,,,,,,,,,,,,,
2009-08-14,,4.510203,5.743113139,,,,1.012784,0.894678148,0.8583265,773.5776413,0.7248528,0.9535645,0.80895532,,11.733,,,,,,,,,,,,,,,,,
2009-08-17,,4.435751,5.649050012,,,,0.987295,0.867908474,0.8468191,761.9360067,0.713077,0.9379722,0.80144159,,11.6234,,,,,,,,,,,,,,,,,
2009-08-18,,4.538896,5.781037415,,,,0.993114,0.887092616,0.861381,773.9500205,0.7236403,0.951808,0.81821676,,11.8908,,,,,,,,,,,,,,,,,
2009-08-19,,4.56472,5.814633909,,,,0.999643,0.879288958,0.8579926,783.4697363,0.7311924,0.9615832,0.82138842,,11.9638,,,,,,,,,,,,,,,,,
2009-08-20,,4.621261,5.887346236,,,,1.009717,0.87677095,0.8678676,788.7108636,0.7369071,0.9692851,0.8285615,,12.038812,,,,,,,,,,,,,,,,,
2009-08-21,,4.686867,5.97161781,,,,1.027446,0.882241355,0.8767474,803.3882694,0.7502805,0.9868757,0.84565976,,12.316641,,,,,,,,,,,,,,,,,
2009-08-24,,4.704002,5.994184143,,,,1.026626,0.876923007,0.8772635,804.830848,0.7525886,0.9901236,0.84905319,,12.270036,,,,,,,,,,,,,,,,,
2009-08-25,,4.712197,6.005366211,,,,1.02056,0.872920249,0.8790086,810.411181,0.7561785,0.9946436,0.84976253,,12.255132,,,,,,,,,,,,,,,,,
2009-08-26,,4.737389,6.038200178,,,,1.026949,0.88688381,0.8865738,816.6434173,0.760228,0.9997468,0.85655804,,12.386397,,,,,,,,,,,,,,,,,
2009-08-27,,4.750682,6.055878809,,,,1.025298,0.897967384,0.8941816,820.4470332,0.7628829,1.0031549,0.85844423,,12.309451,,,,,,,,,,,,,,,,,
2009-08-28,,4.789772,6.106437752,,,,1.026053,0.916277854,0.8967071,820.8827441,0.7636874,1.0043351,0.85911422,,12.362392,,,,,,,,,,,,,,,,,
2009-08-31,,4.758707,6.067608311,,,,1.00366,0.905441206,0.8905397,814.4633468,0.7561009,0.9941654,0.84835687,,12.231441,,,,,,,,,,,,,,,,,
2009-09-01,,4.69551,5.987789922,,,,0.992815,0.889961834,0.8885128,802.9560859,0.7464664,0.9817262,0.83833068,,11.998621,,,,,,,,,,,,,,,,,
2009-09-02,,4.671746,5.958210121,,,,0.985802,0.892383833,0.8904801,800.4925984,0.7434533,0.9775011,0.84017682,,11.875053,,,,,,,,,,,,,,,,,
2009-09-03,,4.698962,5.993638243,,,,0.991445,0.914368037,0.8915365,799.7821627,0.7425987,0.9763993,0.84313175,,11.986059,,,,,,,,,,,,,,,,,
2009-09-04,,4.765734,6.079510469,,,,1.008531,0.929144029,0.8936412,809.521747,0.7515731,0.9882484,0.86508943,,12.198412,,,,,,,,,,,,,,,,,
2009-09-08,,4.866863,6.209221082,,,,1.030614,0.9610935,0.9050581,823.8408319,0.7653304,1.006478,0.87813596,,12.480418,,,,,,,,,,,,,,,,,
2009-09-09,,4.909915,6.264905019,,,,1.032284,0.953056195,0.9025947,827.1604086,0.7686561,1.0109255,0.87913717,,12.539344,,,,,,,,,,,,,,,,,
2009-09-10,,4.955714,6.324096978,,,,1.044448,0.96582094,0.9025198,827.9655256,0.7697508,1.012478,0.87539239,,12.57513,,,,,,,,,,,,,,,,,
2009-09-11,,4.95298,6.321391799,,,,1.04118,0.970444762,0.8994708,831.8560417,0.773346,1.0172641,0.87051745,,12.568275,,,,,,,,,,,,,,,,,
2009-09-14,,5.015963,6.402517513,,,,1.05055,0.982818696,0.902604,832.973839,0.7740799,1.0183165,0.87553562,,12.737796,,,,,,,,,,,,,,,,,
2009-09-15,,5.034167,6.426552858,,,,1.057685,0.979441294,0.9011897,836.6633082,0.7781806,1.0239022,0.87564282,,12.801598,,,,,,,,,,,,,,,,,
2009-09-16,,5.073771,6.477879946,,,,1.076529,0.988503433,0.9040508,846.4847167,0.7878538,1.0368377,0.8855393,,12.888334,,,,,,,,,,,,,,,,,
2009-09-17,,5.042616,6.438928044,,,,1.073438,0.974921711,0.9126401,845.6694032,0.7881008,1.0374009,0.88279551,,12.844079,,,,,,,,,,,,,,,,,
2009-09-18,,5.046394,6.444532865,,,,1.083238,0.997052604,0.9148523,846.9794779,0.7887784,1.038267,0.88715217,,12.897876,,,,,,,,,,,,,,,,,
2009-09-21,,5.057739,6.459813984,,,,1.088147,1.000960331,0.9175247,855.7855722,0.7958703,1.0475197,0.89350096,,12.936873,,,,,,,,,,,,,,,,,
2009-09-22,,5.098261,6.51234562,,,,1.096398,1.010547679,0.9219743,862.664271,0.8029784,1.0571015,0.8953743,,12.993734,,,,,,,,,,,,,,,,,
2009-09-23,,5.015636,6.407652229,,,,1.07756,0.995370611,0.9192662,855.5382899,0.7966434,1.0488411,0.88999531,,12.774596,,,,,,,,,,,,,,,,,
2009-09-24,,5.015162,6.407819831,,,,1.069817,1.001749782,0.9285025,854.3163098,0.7933067,1.0441321,0.88973311,,12.741291,,,,,,,,,,,,,,,,,
2009-09-25,,5.037201,6.436752613,,,,1.07473,1.006843705,0.9252464,855.8211421,0.7947021,1.0461375,0.89125442,,12.796129,,,,,,,,,,,,,,,,,
2009-09-28,,5.094079,6.510193199,,,,1.091586,1.007252749,0.9308449,863.3695207,0.8023393,1.0563659,0.90327106,,12.972438,,,,,,,,,,,,,,,,,
2009-09-29,,5.04914,6.453585893,,,,1.091094,1.007903115,0.9262721,860.1506969,0.7999068,1.0532834,0.90079022,,12.930895,,,,,,,,,,,,,,,,,
2009-09-30,,5.064261,6.473682931,,,,1.096872,1.018712351,0.9354402,868.3496279,0.8069338,1.0625551,0.91266696,,12.983597,,,,,,,,,,,,,,,,,
2009-10-01,,5.007883,6.402436724,,,,1.07791,1.025920886,0.9327971,864.0280459,0.8027628,1.0570503,0.90652994,,12.873199,,,,,,,,,,,,,,,,,
2009-10-02,,5.042941,6.4480199,,,,1.090043,1.029837965,0.935342,870.9674755,0.8092236,1.0652384,0.9122992,,12.978753,,,,,,,,,,,,,,,,,
2009-10-05,,5.138491,6.570957246,,,,1.110624,1.042150876,0.9400648,891.4704562,0.8282496,1.0861869,0.92556842,,13.25172,,,,,,,,,,,,,,,,,
2009-10-06,,5.192805,6.641214962,,,,1.115892,1.04898596,0.9507185,902.3616756,0.8384994,1.0998596,0.93525313,,13.446062,,,,,,,,,,,,,,,,,
2009-10-07,,5.221244,6.678471498,,,,1.116231,1.062360084,0.9526214,909.1489668,0.8402494,1.105274,0.93583662,,13.503468,,,,,,,,,,,,,,,,,
2009-10-08,,5.316275,6.800815679,,,,1.134051,1.089613862,0.9592912,912.0274732,0.8446793,1.1114501,0.9527402,,13.673439,,,,,,,,,,,,,,,,,
2009-10-09,,5.355195,6.85145047,,,,1.139202,1.097396148,0.9636275,909.4871723,0.8438826,1.1107273,0.95444914,,13.715009,,,,,,,,,,,,,,,,,
2009-10-13,,5.420413,6.935720276,,,,1.149013,1.116984151,0.9657062,915.3393175,0.8492046,1.1177902,0.96203913,,13.991684,,,,,,,,,,,,,,,,,
2009-10-14,,5.495839,7.033072343,,,,1.17622,1.113714075,0.967638,916.9509697,0.8515636,1.1210583,0.97510853,,14.161974,,,,,,,,,,,,,,,,,
2009-10-15,,5.503399,7.043628744,,,,1.186782,1.105590794,0.9698986,913.857388,0.8485991,1.1172054,0.97400165,,14.111268,,,,,,,,,,,,,,,,,
2009-10-16,,5.518521,7.063857157,,,,1.1764,1.104596935,0.9695156,917.9808895,0.85233,1.1221862,0.97119955,,14.067155,,,,,,,,,,,,,,,,,
2009-10-19,,5.578434,7.141400731,,,,1.194074,1.125835653,0.9745395,924.9834503,0.8587008,1.1306539,0.9848507,,14.221575,,,,,,,,,,,,,,,,,
2009-10-20,,5.395327,6.90796761,,,,1.161538,1.11465847,0.9572776,899.7824131,0.8351951,1.0997042,0.9592666,,13.809447,,,,,,,,,,,,,,,,,
2009-10-21,,5.428716,6.951540663,,,,1.165558,1.120109869,0.9644177,907.7236031,0.8424373,1.1093204,0.96163125,,13.864327,,,,,,,,,,,,,,,,,
2009-10-22,,5.450391,6.980152398,,,,1.17608,1.111611054,0.96518,917.2632259,0.8515848,1.1208926,0.97079638,,13.841076,,,,,,,,,,,,,,,,,
2009-10-23,,5.409952,6.92925135,,,,1.158882,1.110144448,0.9651183,912.6342333,0.8472835,1.1151226,0.96722411,,13.697207,,,,,,,,,,,,,,,,,
2009-10-26,,5.392473,6.90772939,,,,1.162893,1.094250088,0.9567141,907.7685674,0.8426408,1.1090631,0.96412537,,13.628601,,,,,,,,,,,,,,,,,
2009-10-27,,5.247632,6.723113943,,,,1.129442,1.068921398,0.938144,893.7437906,0.8294964,1.0917935,0.95194786,,13.262337,,,,,,,,,,,,,,,,,
2009-10-28,,5.014607,6.425496881,,,,1.076661,1.027886104,0.9194922,863.159141,0.800981,1.0542559,0.92238794,,12.668956,,,,,,,,,,,,,,,,,
2009-10-29,,5.258371,6.738480676,,,,1.138936,1.078197816,0.9519889,890.2339451,0.8255896,1.0867643,0.96112593,,13.294944,,,,,,,,,,,,,,,,,
2009-10-30,,5.172356,6.62914523,,,,1.100259,1.069220411,0.9506458,882.6722511,0.8180297,1.0767762,0.94483947,,13.084507,,,,,,,,,,,,,,,,,
2009-11-03,,5.193407,6.656915049,,,,1.122376,1.066213117,0.9620617,889.7925063,0.8229279,1.0830005,0.95081929,,13.106806,,,,,,,,,,,,,,,,,
2009-11-04,,5.287104,6.777795494,,,,1.145564,1.086518945,0.996021,906.2509932,0.8399173,1.1055454,0.96574616,,13.390626,,,,,,,,,,,,,,,,,
2009-11-05,,5.367441,6.881598364,,,,1.162292,1.086640241,1.0071039,913.0684874,0.8462189,1.1139119,0.97027338,,13.60464,,,,,,,,,,,,,,,,,
2009-11-06,,5.398542,6.922331951,,,,1.158544,1.091953413,1.0110749,917.166288,0.8498582,1.118745,0.97274604,,13.648281,,,,,,,,,,,,,,,,,
2009-11-09,,5.523628,7.08352842,,,,1.189175,1.127295067,1.0282653,939.7522706,0.8699535,1.1451573,0.98628131,,14.033412,,,,,,,,,,,,,,,,,
2009-11-10,,5.496313,7.049409434,,,,1.192158,1.117248431,1.0292876,935.4519868,0.8672307,1.1418212,0.98656544,,13.991191,,,,,,,,,,,,,,,,,
2009-11-11,,5.477711,7.026430546,,,,1.192179,1.106656875,1.0317602,936.9368973,0.8685096,1.1435669,0.98594052,,13.983926,,,,,,,,,,,,,,,,,
2009-11-12,,5.397757,6.924773376,,,,1.158361,1.087671882,1.0218494,923.9828456,0.8564049,1.1276817,0.97035507,,13.796532,,,,,,,,,,,,,,,,,
2009-11-13,,5.503015,7.060592838,,,,1.175853,1.100101609,1.0309255,937.2983828,0.8661868,1.1396498,0.98608924,,14.06122,,,,,,,,,,,,,,,,,
2009-11-16,,5.603212,7.189982358,,,,1.19759,1.116883603,1.0243062,952.7199129,0.8809732,1.1592799,0.99030078,,14.320301,,,,,,,,,,,,,,,,,
2009-11-17,,5.596834,7.182709204,,,,1.21132,1.123053745,1.0151366,954.818062,0.8832373,1.1623874,0.99253888,,14.246336,,,,,,,,,,,,,,,,,
2009-11-18,,5.530064,7.097940888,,,,1.19586,1.118757527,1.0131078,948.1012648,0.8783654,1.1567912,0.99235279,,14.160269,,,,,,,,,,,,,,,,,
2009-11-19,,5.562989,7.141049367,,,,1.193419,1.119002476,1.0096608,949.3631607,0.8770365,1.1541699,0.99608835,,14.141508,,,,,,,,,,,,,,,,,
2009-11-20,,5.562372,7.141140044,,,,1.193227,1.119039971,1.0096791,949.3602799,0.8769533,1.154118,0.99603165,,14.13933,,,,,,,,,,,,,,,,,
2009-11-23,,5.615752,7.21052787,,,,1.202909,1.130218953,1.0109439,953.7405044,0.8824817,1.1617142,1.0003332,,14.314845,,,,,,,,,,,,,,,,,
2009-11-24,,5.617825,7.214086135,,,,1.212383,1.136333372,1.0069583,953.1647459,0.8810107,1.1596864,1.00019184,,14.333712,,,,,,,,,,,,,,,,,
2009-11-25,,5.646423,7.251684699,,,,1.222446,1.157080168,1.0124325,954.8013909,0.8841023,1.1645026,1.00867034,,14.484024,,,,,,,,,,,,,,,,,
2009-11-26,,5.593479,7.184613173,,,,1.196152,1.148049788,1.0036947,949.8604816,0.8785115,1.1566198,0.99225251,,14.310397,,,,,,,,,,,,,,,,,
2009-11-27,,5.632941,7.236156813,,,,1.207604,1.147989606,1.011499,957.9072099,0.8844696,1.1642899,0.99551415,,14.373562,,,,,,,,,,,,,,,,,
2009-11-30,,5.713771,7.340844291,,,,1.207134,1.178447147,1.0149433,965.4085095,0.8915872,1.1737674,1.0058991,,14.646446,,,,,,,,,,,,,,,,,
2009-12-01,,5.764971,7.407502693,,,,1.23167,1.182485126,1.0249384,975.2557107,0.9016847,1.1873078,1.02550703,,14.795354,,,,,,,,,,,,,,,,,
2009-12-02,,5.814089,7.471500533,,,,1.233639,1.185804347,1.0184832,978.5033768,0.9046794,1.19137,1.02799734,,14.890476,,,,,,,,,,,,,,,,,
2009-12-03,,5.785556,7.435789043,,,,1.228085,1.186946726,1.0177967,975.6010363,0.9024924,1.1888215,1.02678644,,14.862893,,,,,,,,,,,,,,,,,
2009-12-04,,5.77609,7.424545962,,,,1.214183,1.185377539,1.0125259,971.0263555,0.8977691,1.1824051,1.02173771,,14.798397,,,,,,,,,,,,,,,,,
2009-12-07,,5.827318,7.491285798,,,,1.228485,1.203127199,1.0191514,983.6866322,0.9071543,1.1944724,1.03427362,,14.911779,,,,,,,,,,,,,,,,,
2009-12-08,,5.78876,7.442674821,,,,1.21539,1.200580502,1.0093434,980.3086437,0.9033507,1.1894266,1.02700526,,14.786651,,,,,,,,,,,,,,,,,
2009-12-09,,5.78183,7.434681746,,,,1.220501,1.20081873,1.0096988,975.5578361,0.8999481,1.1851786,1.02547071,,14.732091,,,,,,,,,,,,,,,,,
2009-12-10,,5.855156,7.52984234,,,,1.234074,1.195478629,1.0213013,986.1000076,0.9098061,1.1982747,1.03505602,,14.913493,,,,,,,,,,,,,,,,,
2009-12-11,,5.858811,7.535486355,,,,1.242644,1.199229353,1.0213774,990.147339,0.9141116,1.2041251,1.03851912,,14.926363,,,,,,,,,,,,,,,,,
2009-12-14,,5.843823,7.517143747,,,,1.243015,1.198460623,1.0256439,991.5425841,0.915553,1.2061299,1.04263263,,14.889035,,,,,,,,,,,,,,,,,
2009-12-15,,5.813657,7.479280871,,,,1.242354,1.199303562,1.0290482,986.6190034,0.911092,1.2003446,1.04292948,,14.807603,,,,,,,,,,,,,,,,,
2009-12-16,,5.803597,7.467260444,,,,1.231812,1.190383867,1.0362425,988.562656,0.9128231,1.2026953,1.04715116,,14.82951,,,,,,,,,,,,,,,,,
2009-12-17,,5.745506,7.393468988,,,,1.205489,1.178823595,1.0266087,985.4100588,0.9058854,1.1929818,1.03680462,,14.629937,,,,,,,,,,,,,,,,,
2009-12-18,,5.733559,7.379003866,,,,1.20026,1.183972003,1.0376688,990.8010001,0.9084343,1.1960519,1.04050284,,14.655816,,,,,,,,,,,,,,,,,
2009-12-21,,5.725752,7.369864305,,,,1.187099,1.17837056,1.043766,988.360345,0.9073881,1.1949326,1.04137946,,14.640306,,,,,,,,,,,,,,,,,
2009-12-22,,5.821174,7.493531451,,,,1.211257,1.185281141,1.0523206,1001.6347284,0.9168191,1.2070161,1.05460746,,14.895124,,,,,,,,,,,,,,,,,
2009-12-23,,5.841627,7.520789636,,,,1.213209,1.200243524,1.0587598,1003.0192717,0.9190053,1.2101137,1.0554053,,14.98585,,,,,,,,,,,,,,,,,
2009-12-24,,5.841041,7.520963509,,,,1.213023,1.200233748,1.0585931,1003.0145669,0.9189108,1.2100535,1.0553179,,14.983674,,,,,,,,,,,,,,,,,
2009-12-28,,5.864388,7.5519473,,,,1.217428,1.205999126,1.0574757,1003.5879367,0.9204274,1.2122805,1.05121749,,15.051993,,,,,,,,,,,,,,,,,
2009-12-29,,5.883093,7.576955746,,,,1.223919,1.220024289,1.0614243,1000.6934935,0.9185342,1.2099805,1.05201966,,15.099571,,,,,,,,,,,,,,,,,
2009-12-30,,5.962971,7.680719134,,,,1.227864,1.244284993,1.0676767,1023.3692523,0.9357072,1.2321301,1.07020593,,15.333618,,,,,,,,,,,,,,,,,
2009-12-31,,5.962319,7.68083805,,,,1.227327,1.244277869,1.0676183,1023.3638958,0.9356108,1.2320686,1.07012702,,15.331601,,,,,,,,,,,,,,,,,
2010-01-04,,6.015206,7.74987116,,,,1.253946,1.250163953,1.0783959,1033.472003,0.9462851,1.246414,1.08170094,,15.35236,,,,,,,,,,,,,,,,,
2010-01-05,,5.992037,7.720992335,,,,1.258932,1.254058405,1.0785971,1037.6722543,0.9511815,1.2529609,1.0825928,,15.291016,,,,,,,,,,,,,,,,,
2010-01-06,,6.080821,7.83629718,,,,1.269256,1.274603428,1.0941424,1048.8892957,0.9604425,1.2650919,1.08864141,,15.395773,,,,,,,,,,,,,,,,,
2010-01-07,,6.084113,7.841527798,,,,1.264577,1.283908494,1.1006327,1045.8546913,0.9575362,1.2613118,1.08554483,,15.319207,,,,,,,,,,,,,,,,,
2010-01-08,,6.103107,7.867032435,,,,1.263979,1.295391745,1.1184717,1051.8568927,0.9620684,1.2672247,1.09743741,,15.360426,,,,,,,,,,,,,,,,,
2010-01-11,,6.156906,7.937326634,,,,1.266498,1.298747375,1.1235658,1054.622325,0.9642293,1.2701077,1.10236386,,15.437108,,,,,,,,,,,,,,,,,
2010-01-12,,6.173184,7.959293763,,,,1.260309,1.301275586,1.1392357,1059.4862381,0.9659263,1.2720782,1.1069481,,15.527075,,,,,,,,,,,,,,,,,
2010-01-13,,6.184049,7.974282531,,,,1.264633,1.326351485,1.13733,1069.5114804,0.9743122,1.2831447,1.11944461,,15.601014,,,,,,,,,,,,,,,,,
2010-01-14,,6.149975,7.931349961,,,,1.251414,1.340475469,1.134401,1065.4452562,0.971201,1.2791705,1.11456061,,15.469089,,,,,,,,,,,,,,,,,
2010-01-15,,6.113663,7.885512908,,,,1.237121,1.330972909,1.1402638,1067.399121,0.9700385,1.2774608,1.11450511,,15.369617,,,,,,,,,,,,,,,,,
2010-01-18,,6.143895,7.925455888,,,,1.245429,1.341159539,1.1594695,1072.5273812,0.9747994,1.2838211,1.12003169,,15.47394,,,,,,,,,,,,,,,,,
2010-01-19,,6.194714,7.991972716,,,,1.252251,1.353451334,1.1677929,1082.350307,0.9826013,1.2940835,1.12510934,,15.55431,,,,,,,,,,,,,,,,,
2010-01-20,,6.09848,7.868861871,,,,1.225056,1.344409729,1.1532644,1068.3967969,0.9684917,1.2754842,1.10595929,,15.295955,,,,,,,,,,,,,,,,,
2010-01-21,,5.935713,7.659897736,,,,1.191956,1.316476178,1.1357561,1045.1517278,0.9475248,1.247921,1.07753687,,14.966965,,,,,,,,,,,,,,,,,
2010-01-22,,5.936957,7.662420587,,,,1.19029,1.309787095,1.1373424,1047.7555427,0.9492354,1.250225,1.08337428,,14.961592,,,,,,,,,,,,,,,,,
2010-01-25,,5.936362,7.662599484,,,,1.190103,1.309855289,1.1373376,1047.7430342,0.9491319,1.2501536,1.08332267,,14.959425,,,,,,,,,,,,,,,,,
2010-01-26,,5.877785,7.587956571,,,,1.178302,1.296048213,1.1250323,1041.5285765,0.9426203,1.2416145,1.07022062,,14.823707,,,,,,,,,,,,,,,,,
2010-01-27,,5.799171,7.487432097,,,,1.171659,1.293147855,1.1167982,1032.8091902,0.9348769,1.2314802,1.05003327,,14.64402,,,,,,,,,,,,,,,,,
2010-01-28,,5.774124,7.456009666,,,,1.180313,1.283819588,1.1226943,1031.821865,0.9353896,1.2322613,1.0514012,,14.564353,,,,,,,,,,,,,,,,,
2010-01-29,,5.829013,7.527772711,,,,1.175897,1.285588577,1.1333372,1036.1594192,0.9380373,1.2357821,1.06132123,,14.651208,,,,,,,,,,,,,,,,,
2010-02-01,,5.895754,7.614845246,,,,1.193427,1.296471717,1.1453326,1047.5640748,0.9494409,1.2509063,1.0734232,,14.833144,,,,,,,,,,,,,,,,,
2010-02-02,,5.972666,7.715069145,,,,1.201092,1.324671254,1.1568795,1054.5395736,0.9560438,1.2595622,1.08818548,,15.018421,,,,,,,,,,,,,,,,,
2010-02-03,,5.961334,7.701379349,,,,1.199118,1.358419454,1.1481809,1050.5741714,0.9528485,1.2554531,1.09194288,,15.066592,,,,,,,,,,,,,,,,,
2010-02-04,,5.722043,7.393288378,,,,1.147532,1.310187088,1.1191845,1022.1068539,0.9234989,1.216651,1.0580419,,14.529342,,,,,,,,,,,,,,,,,
2010-02-05,,5.588482,7.221642707,,,,1.127615,1.286068715,1.0954918,990.3087652,0.8968208,1.1815725,1.03422529,,14.208814,,,,,,,,,,,,,,,,,
2010-02-08,,5.645008,7.295511017,,,,1.131478,1.291868714,1.1101696,1000.653345,0.9054009,1.1929381,1.03091229,,14.352465,,,,,,,,,,,,,,,,,
2010-02-09,,5.77871,7.46910887,,,,1.158614,1.321832939,1.1159358,1022.0853651,0.9252295,1.2191767,1.05745539,,14.68862,,,,,,,,,,,,,,,,,
2010-02-10,,5.814895,7.51678001,,,,1.162914,1.321211051,1.1217644,1030.0439227,0.9318897,1.2280173,1.05852144,,14.829327,,,,,,,,,,,,,,,,,
2010-02-11,,5.888735,7.613108376,,,,1.182029,1.333588434,1.1357238,1044.8695911,0.9455585,1.2461284,1.05820181,,14.98389,,,,,,,,,,,,,,,,,
2010-02-12,,5.85224,7.566879554,,,,1.178944,1.336679065,1.1322087,1037.0595278,0.9389708,1.2375165,1.05826207,,14.960089,,,,,,,,,,,,,,,,,
2010-02-17,,5.945247,7.688007782,,,,1.202573,1.362014675,1.1552136,1052.6395666,0.9540692,1.2575942,1.06989976,,15.201731,,,,,,,,,,,,,,,,,
2010-02-18,,5.954686,7.701162248,,,,1.211667,1.376605175,1.1554512,1050.3500477,0.9536299,1.2572274,1.07068108,,15.24913,,,,,,,,,,,,,,,,,
2010-02-19,,5.935679,7.677531104,,,,1.20592,1.398021155,1.1594724,1056.4988964,0.9575428,1.2623211,1.07249109,10.0,15.283722,,,,,,,,,,,,,,,,,
2010-02-22,,5.923751,7.663039797,,,,1.198073,1.390349866,1.1546535,1053.6659328,0.9543079,1.2580687,1.06863355,9.827658,15.172331,,,,,,,,,,,,,,,,,
2010-02-23,,5.826734,7.538517698,,,,1.178803,1.353694337,1.1474786,1041.2822288,0.941916,1.2419278,1.04333603,9.621552,14.886882,,,,,,,,,,,,,,,,,
2010-02-24,,5.800796,7.50587595,,,,1.172848,1.353476917,1.1425136,1037.2690696,0.9376992,1.2366055,1.03489974,9.630009,14.850356,,,,,,,,,,,,,,,,,
2010-02-25,,5.804983,7.512200186,,,,1.178905,1.346576129,1.1446375,1038.6432358,0.9394439,1.2390221,1.02751271,9.574083,14.783279,,,,,,,,,,,,,,,,,
2010-02-26,,5.85082,7.572408109,,,,1.187925,1.34624132,1.160741,1043.6749856,0.9440598,1.245183,1.02922916,9.572341,14.846645,,,,,,,,,,,,,,,,,
2010-03-01,,5.894596,7.629960157,,,,1.197787,1.349564979,1.1631405,1048.3193786,0.9492354,1.2521604,1.04204913,9.752026,14.978501,,,,,,,,,,,,,,,,,
2010-03-02,,5.933009,7.680587386,,,,1.206673,1.352903151,1.1677879,1053.2258377,0.9541808,1.2586524,1.04944413,9.804907,15.087917,,,,,,,,,,,,,,,,,
2010-03-03,,5.880913,7.614103785,,,,1.20564,1.350508468,1.1646087,1054.5118989,0.9547075,1.2593655,1.04174216,9.687323,15.016406,,,,,,,,,,,,,,,,,
2010-03-04,,5.840915,7.563247556,,,,1.20803,1.354034577,1.1561595,1051.1707165,0.9525537,1.2566689,1.04406561,9.683621,14.906695,,,,,,,,,,,,,,,,,
2010-03-05,,5.834791,7.55622324,,,,1.224251,1.375104646,1.1591499,1049.6320991,0.9538305,1.25871,1.05666296,9.683721,14.951639,,,,,,,,,,,,,,,,,
2010-03-08,,5.829724,7.550573835,,,,1.219721,1.370607573,1.1594013,1053.2455085,0.9555327,1.261355,1.06259401,9.686746,14.949825,,,,,,,,,,,,,,,,,
2010-03-09,,5.888832,7.628005949,,,,1.237221,1.383535098,1.1593868,1063.3462,0.965419,1.2745871,1.07347871,9.773122,15.074476,,,,,,,,,,,,,,,,,
2010-03-10,,5.918662,7.667554418,,,,1.24452,1.396120507,1.1605234,1060.9461878,0.9644513,1.2736033,1.07652523,9.955269,15.165383,,,,,,,,,,,,,,,,,
2010-03-11,,5.908186,7.654913869,,,,1.240433,1.400930716,1.155839,1057.009955,0.961147,1.269396,1.08753835,9.92416,15.159634,,,,,,,,,,,,,,,,,
2010-03-12,,5.859332,7.592560782,,,,1.234949,1.391025358,1.1581011,1053.2346401,0.956971,1.2637867,1.08147601,9.904627,15.065261,,,,,,,,,,,,,,,,,
2010-03-15,,5.798254,7.514353667,,,,1.227671,1.376348238,1.1496814,1054.0331224,0.9567372,1.2634004,1.07790016,9.843427,14.959931,,,,,,,,,,,,,,,,,
2010-03-16,,5.85005,7.58234372,,,,1.242136,1.394719651,1.1604921,1060.5478208,0.9636944,1.272866,1.08599977,9.935354,15.062997,,,,,,,,,,,,,,,,,
2010-03-17,,5.835554,7.564475049,,,,1.239125,1.381673108,1.15989,1055.2581835,0.9590834,1.2669135,1.08877558,9.889562,15.030761,,,,,,,,,,,,,,,,,
2010-03-18,,5.849349,7.583257468,,,,1.236611,1.371512937,1.1615579,1054.5810699,0.9584172,1.2661103,1.09036843,9.899765,15.066503,,,,,,,,,,,,,,,,,
2010-03-19,,5.822735,7.549682418,,,,1.221619,1.367096312,1.1588272,1048.6772285,0.9518854,1.2573009,1.08144484,9.865914,14.986991,,,,,,,,,,,,,,,,,
2010-03-22,,5.805441,7.528171719,,,,1.225253,1.358766367,1.1528327,1041.0676692,0.9464764,1.2505994,1.07985188,9.809701,14.92705,,,,,,,,,,,,,,,,,
2010-03-23,,5.808996,7.533683047,,,,1.231356,1.378737953,1.1550865,1043.0123395,0.948628,1.2536324,1.08618234,9.858421,15.003671,,,,,,,,,,,,,,,,,
2010-03-24,,5.752992,7.461990125,,,,1.226331,1.366473581,1.1546548,1038.3942,0.943957,1.2474489,1.08041145,9.761336,14.89083,,,,,,,,,,,,,,,,,
2010-03-25,,5.758031,7.469411752,,,,1.219251,1.362366857,1.1618783,1037.8466427,0.9423837,1.2452207,1.07745379,9.771921,14.884009,,,,,,,,,,,,,,,,,
2010-03-26,,5.733962,7.439096934,,,,1.223117,1.355498213,1.1592509,1029.7695711,0.9367064,1.2381632,1.07905536,9.773454,14.857587,,,,,,,,,,,,,,,,,
2010-03-29,,5.714961,7.415322635,,,,1.241117,1.371295743,1.1643675,1033.9653859,0.9423865,1.2465542,1.08699817,9.806626,14.850292,,,,,,,,,,,,,,,,,
2010-03-30,,5.679381,7.370066669,,,,1.239987,1.372305526,1.1613583,1032.9083671,0.9415104,1.2455491,1.09537906,9.744303,14.721311,,,,,,,,,,,,,,,,,
2010-03-31,,5.697577,7.394546499,,,,1.244487,1.371899519,1.1577361,1039.1233763,0.9470711,1.2529608,1.09455328,9.754893,14.799603,,,,,,,,,,,,,,,,,
2010-04-01,,5.72937,7.436678554,,,,1.257796,1.374089416,1.1671834,1044.5093244,0.9518894,1.2594254,1.10648949,9.899134,14.888567,,,,,,,,,,,,,,,,,
2010-04-05,,5.733376,7.442774593,,,,1.261037,1.372200053,1.1712324,1045.4281727,0.9526109,1.2602833,1.10393745,9.874592,14.844898,,,,,,,,,,,,,,,,,
2010-04-06,,5.721946,7.428818333,,,,1.257996,1.373900246,1.1743774,1046.7914541,0.9537351,1.2618534,1.11494088,9.885238,14.827345,,,,,,,,,,,,,,,,,
2010-04-07,,5.719265,7.42622739,,,,1.253604,1.375621167,1.1697012,1042.4294024,0.9496717,1.2565296,1.10941378,9.901113,14.837648,,,,,,,,,,,,,,,,,
2010-04-08,,5.785485,7.513061701,,,,1.26938,1.389378799,1.174952,1052.3190454,0.9585268,1.2683749,1.12597647,9.979621,14.998032,,,,,,,,,,,,,,,,,
2010-04-09,,5.761586,7.482957192,,,,1.262368,1.382440728,1.1705978,1051.8940627,0.9580231,1.2677852,1.12457042,9.922029,14.959226,,,,,,,,,,,,,,,,,
2010-04-12,,5.72149,7.43180396,,,,1.249603,1.389673333,1.168683,1045.0551299,0.951461,1.2590356,1.11968615,9.925047,14.890069,,,,,,,,,,,,,,,,,
2010-04-13,,5.720137,7.430937296,,,,1.254434,1.40243164,1.1660633,1041.1978141,0.9480952,1.2547505,1.12521444,9.961505,14.882556,,,,,,,,,,,,,,,,,
2010-04-14,,5.774207,7.50203709,,,,1.260472,1.413609523,1.174744,1046.7111148,0.9529743,1.2613116,1.12865445,10.049908,15.03876,,,,,,,,,,,,,,,,,
2010-04-15,,5.775173,7.504201883,,,,1.254005,1.416977814,1.1800559,1047.9060237,0.9531483,1.2612801,1.13119617,10.101883,15.129642,,,,,,,,,,,,,,,,,
2010-04-16,,5.683694,7.386298246,,,,1.232677,1.399356362,1.1630382,1042.6218622,0.9466424,1.252205,1.1222744,10.033936,14.963351,,,,,,,,,,,,,,,,,
2010-04-19,,5.631675,7.319604378,,,,1.227909,1.398640815,1.1532324,1041.0780363,0.9446418,1.2495072,1.11505987,9.983697,14.865388,,,,,,,,,,,,,,,,,
2010-04-20,,5.651901,7.346755724,,,,1.23242,1.401888068,1.1548639,1047.3522233,0.9497419,1.2562811,1.11336032,10.037478,14.948398,,,,,,,,,,,,,,,,,
2010-04-22,,5.688175,7.39477197,,,,1.232415,1.39535267,1.1554076,1043.9439971,0.9472821,1.2531832,1.11591424,10.109702,14.971307,,,,,,,,,,,,,,,,,
2010-04-23,,5.682194,7.387898693,,,,1.233864,1.40074552,1.1537728,1040.3077584,0.944715,1.2500616,1.1218149,10.184488,15.001114,,,,,,,,,,,,,,,,,
2010-04-26,,5.662687,7.36343906,,,,1.222076,1.401966558,1.150733,1039.4682108,0.9425328,1.2469241,1.11561864,10.105565,14.928307,,,,,,,,,,,,,,,,,
2010-04-27,,5.553497,7.222398148,,,,1.18172,1.380568928,1.1409,1026.49366,0.9269234,1.2259654,1.09236583,9.980731,14.633653,,,,,,,,,,,,,,,,,
2010-04-28,,5.545615,7.213009948,,,,1.182059,1.382677417,1.1412014,1018.1829555,0.9211219,1.2184167,1.08751937,9.93634,14.540961,,,,,,,,,,,,,,,,,
2010-04-29,,5.601231,7.286171305,,,,1.20507,1.401402,1.1569366,1026.2050671,0.9302439,1.2307995,1.10255837,10.098629,14.689124,,,,,,,,,,,,,,,,,
2010-04-30,,5.664857,7.369781967,,,,1.199934,1.393723017,1.1606179,1028.5587765,0.9307863,1.2314117,1.09617549,10.18833,14.811424,,,,,,,,,,,,,,,,,
2010-05-03,,5.701927,7.418875812,,,,1.191578,1.395014802,1.1642669,1030.3614004,0.9309996,1.2316325,1.09102869,10.217781,14.83384,,,,,,,,,,,,,,,,,
2010-05-04,,5.560823,7.236274698,,,,1.151805,1.381097268,1.1470519,1019.1687951,0.9168209,1.2126416,1.07189931,10.142511,14.563447,,,,,,,,,,,,,,,,,
2010-05-05,,5.504047,7.16328165,,,,1.153569,1.371934919,1.1316885,1002.6078222,0.9047997,1.1968134,1.06892881,10.071984,14.469527,,,,,,,,,,,,,,,,,
2010-05-06,,5.322882,6.928482728,,,,1.129853,1.329579834,1.1158599,974.224572,0.8801051,1.1641097,1.03885721,9.868739,14.048515,,,,,,,,,,,,,,,,,
2010-05-07,,5.2254,6.802472102,,,,1.114744,1.283588576,1.1045396,960.398522,0.8684931,1.1488169,1.01958842,9.679381,13.723558,,,,,,,,,,,,,,,,,
2010-05-10,,5.485468,7.141645316,,,,1.162896,1.346583592,1.1373326,994.3685917,0.9005834,1.1915823,1.06993271,10.041055,14.315149,,,,,,,,,,,,,,,,,
2010-05-11,,5.443608,7.088068064,,,,1.147211,1.33278867,1.1353807,996.9551329,0.8996998,1.1902773,1.0505504,10.029748,14.255273,,,,,,,,,,,,,,,,,
2010-05-12,,5.555742,7.234847527,,,,1.159787,1.354314425,1.1445945,1009.8229935,0.9110941,1.2054593,1.05540329,10.074032,14.366878,,,,,,,,,,,,,,,,,
2010-05-13,,5.492578,7.153530508,,,,1.14882,1.352541401,1.145731,1012.4044406,0.9117366,1.2063334,1.05399266,10.033712,14.239126,,,,,,,,,,,,,,,,,
2010-05-14,,5.320558,6.930468356,,,,1.12351,1.32386896,1.125678,992.6830322,0.8936591,1.1823861,1.03186208,9.856298,13.848016,,,,,,,,,,,,,,,,,
2010-05-17,,5.265704,6.859870726,,,,1.109007,1.309907834,1.1238651,985.0309693,0.8865621,1.1730184,1.02580022,9.811145,13.752787,,,,,,,,,,,,,,,,,
2010-05-18,,5.123802,6.675937384,,,,1.077031,1.273339894,1.1020425,965.6227991,0.866972,1.1470538,1.00690431,9.606242,13.462002,,,,,,,,,,,,,,,,,
2010-05-19,,5.018542,6.539654328,,,,1.055221,1.231396461,1.0657535,940.5954321,0.8456289,1.1188042,0.97925073,9.350159,13.050726,,,,,,,,,,,,,,,,,
2010-05-20,,4.961455,6.46608191,,,,1.026032,1.199899204,1.0421196,923.5906946,0.8292004,1.0970409,0.94705352,9.105393,12.791028,,,,,,,,,,,,,,,,,
2010-05-21,,5.145187,6.706141119,,,,1.061948,1.238797787,1.0564576,945.3829763,0.8504723,1.1253445,0.98349356,9.274484,13.238823,,,,,,,,,,,,,,,,,
2010-05-24,,5.072938,6.612863207,,,,1.055755,1.253988806,1.0394006,935.5917083,0.8423593,1.1146425,0.99304424,9.242034,13.20972,,,,,,,,,,,,,,,,,
2010-05-25,,5.037664,6.567695029,,,,1.041851,1.239534707,1.0363571,926.2463866,0.8335399,1.1029865,0.98265787,9.249236,13.085213,,,,,,,,,,,,,,,,,
2010-05-26,,5.127528,6.685569029,,,,1.063671,1.28220776,1.0427285,936.4993847,0.8435961,1.1163954,1.00476146,9.35169,13.276998,,,,,,,,,,,,,,,,,
2010-05-27,,5.314585,6.930134559,,,,1.102601,1.322246306,1.0783267,971.6160546,0.8741107,1.1569245,1.04374059,9.732726,13.850586,,,,,,,,,,,,,,,,,
2010-05-28,,5.328683,6.949375047,,,,1.097783,1.327857562,1.0837873,987.4080882,0.8851236,1.1715467,1.04333923,9.720854,13.895962,,,,,,,,,,,,,,,,,
2010-05-31,,5.381485,7.019038968,,,,1.117598,1.336644262,1.1077229,1002.8152073,0.8991728,1.1902483,1.05826039,9.782849,14.066723,,,,,,,,,,,,,,,,,
2010-06-01,,5.29858,6.911833563,,,,1.095383,1.325228733,1.0897276,994.9538838,0.8901595,1.1783063,1.03879099,9.670897,13.880776,,,,,,,,,,,,,,,,,
2010-06-02,,5.376549,7.014303539,,,,1.115377,1.340098861,1.0937202,1016.1144502,0.9083937,1.2023887,1.0517536,9.884748,14.157067,,,,,,,,,,,,,,,,,
2010-06-04,,5.309519,6.927769802,,,,1.09152,1.319894703,1.0934743,1012.4119576,0.9022464,1.1942729,1.04002572,9.748749,13.982596,,,,,,,,,,,,,,,,,
2010-06-07,,5.290665,6.904011828,,,,1.078354,1.305168841,1.0881605,1010.2137971,0.8992529,1.1903415,1.03512751,9.698601,13.901178,,,,,,,,,,,,,,,,,
2010-06-08,,5.332127,6.958917153,,,,1.08942,1.32666947,1.0825988,1016.3210973,0.9052252,1.1983365,1.03730498,9.691878,13.968521,,,,,,,,,,,,,,,,,
2010-06-09,,5.327838,6.954172037,,,,1.085919,1.329945695,1.0984209,1020.4410121,0.9072883,1.2011117,1.03917716,9.686063,13.921582,,,,,,,,,,,,,,,,,
2010-06-10,,5.440121,7.10147417,,,,1.114047,1.348446887,1.101579,1034.0005674,0.9212201,1.2196944,1.05225479,9.829046,14.161396,,,,,,,,,,,,,,,,,
2010-06-11,,5.478111,7.151911406,,,,1.122687,1.350366706,1.1090404,1030.6291576,0.9201745,1.2183909,1.06185197,9.868921,14.232334,,,,,,,,,,,,,,,,,
2010-06-14,,5.497065,7.177514348,,,,1.120539,1.359202862,1.1118465,1034.2584892,0.9225281,1.221562,1.06903695,9.927154,14.28526,,,,,,,,,,,,,,,,,
2010-06-15,,5.580339,7.287050568,,,,1.138163,1.381155177,1.1363224,1046.4029717,0.9336766,1.2364281,1.08189499,10.1339,14.562161,,,,,,,,,,,,,,,,,
2010-06-16,,5.591335,7.302296026,,,,1.140798,1.388025868,1.1487917,1053.0036779,0.9391993,1.2438154,1.08606896,10.175611,14.614615,,,,,,,,,,,,,,,,,
2010-06-17,,5.606803,7.323369128,,,,1.133355,1.39022167,1.1415021,1053.6861051,0.9390489,1.2436645,1.08336882,10.146461,14.595118,,,,,,,,,,,,,,,,,
2010-06-18,,5.60731,7.324919687,,,,1.132032,1.395784033,1.1412066,1059.2531141,0.9427263,1.2485894,1.08120152,10.13836,14.595479,,,,,,,,,,,,,,,,,
2010-06-21,,5.635757,7.362944779,,,,1.140134,1.399586109,1.156206,1065.8795635,0.9484908,1.2563013,1.08848826,10.182421,14.673993,,,,,,,,,,,,,,,,,
2010-06-22,,5.650148,7.382627786,,,,1.138727,1.409862549,1.1586389,1069.6394377,0.9510806,1.2597896,1.09086997,10.185046,14.742899,,,,,,,,,,,,,,,,,
2010-06-23,,5.686425,7.43089382,,,,1.144603,1.407985041,1.1619823,1072.4095701,0.9539354,1.2636458,1.09346432,10.181359,14.772341,,,,,,,,,,,,,,,,,
2010-06-24,,5.597856,7.31612999,,,,1.126755,1.397606405,1.151683,1062.7409804,0.9435745,1.2499244,1.07920357,10.100422,14.638114,,,,,,,,,,,,,,,,,
2010-06-25,,5.680827,7.425371069,,,,1.139965,1.409397196,1.1657,1073.1803121,0.9534232,1.2630691,1.09097813,10.161515,14.819565,,,,,,,,,,,,,,,,,
2010-06-28,,5.702403,7.454467131,,,,1.130486,1.410446515,1.1695471,1081.9981762,0.9581385,1.2693475,1.08835148,10.20663,14.891216,,,,,,,,,,,,,,,,,
2010-06-29,,5.500317,7.191359199,,,,1.09205,1.385000705,1.1530081,1057.6427751,0.9343965,1.2378543,1.06224008,9.986971,14.54558,,,,,,,,,,,,,,,,,
2010-06-30,,5.475951,7.160355323,,,,1.076901,1.383137679,1.1572173,1057.7463066,0.9316092,1.2341736,1.05283897,10.022344,14.611663,,,,,,,,,,,,,,,,,
2010-07-01,,5.483291,7.170784086,,,,1.082972,1.37972618,1.1456704,1050.8131372,0.9272987,1.2285335,1.05473802,10.000354,14.545527,,,,,,,,,,,,,,,,,
2010-07-02,,5.537639,7.24267919,,,,1.086091,1.390270977,1.1687478,1061.7351708,0.9356508,1.2395215,1.06514786,10.113298,14.674254,,,,,,,,,,,,,,,,,
2010-07-05,,5.531842,7.235984168,,,,1.077626,1.388083797,1.166155,1065.5774571,0.9368188,1.2411383,1.06085578,10.043504,14.624837,,,,,,,,,,,,,,,,,
2010-07-06,,5.592337,7.315937186,,,,1.097298,1.393449428,1.1626155,1070.9266151,0.9438243,1.2505027,1.06941576,10.041128,14.741352,,,,,,,,,,,,,,,,,
2010-07-07,,5.656615,7.400864619,,,,1.12221,1.403348692,1.1680795,1082.342586,0.9552476,1.2657605,1.07522908,10.157751,14.835538,,,,,,,,,,,,,,,,,
2010-07-08,,5.692217,7.448321653,,,,1.128317,1.402040419,1.1739416,1091.9755584,0.9626462,1.2756393,1.07357026,10.279496,14.891482,,,,,,,,,,,,,,,,,
2010-07-09,,5.691535,7.448337053,,,,1.128137,1.402191993,1.1739146,1091.9719571,0.9625567,1.2755801,1.07352766,10.292602,14.889271,,,,,,,,,,,,,,,,,
2010-07-12,,5.666213,7.416120907,,,,1.12065,1.393888756,1.1737845,1084.1330822,0.9554228,1.2661573,1.07379466,10.321242,14.845566,,,,,,,,,,,,,,,,,
2010-07-13,,5.734207,7.505947352,,,,1.1299,1.398235602,1.1650219,1095.8129749,0.9657199,1.279902,1.07880208,10.510997,14.96753,,,,,,,,,,,,,,,,,
2010-07-14,,5.765263,7.54750125,,,,1.125172,1.397068999,1.1644613,1099.3076656,0.9676128,1.2824636,1.07964214,10.539742,15.054018,,,,,,,,,,,,,,,,,
2010-07-15,,5.787783,7.577881704,,,,1.1264,1.403234714,1.1709395,1100.8901457,0.9686973,1.283962,1.07929629,10.60379,15.143633,,,,,,,,,,,,,,,,,
2010-07-16,,5.740964,7.517540719,,,,1.106403,1.400659184,1.1641893,1097.8514632,0.9633004,1.2768792,1.07465688,10.429092,15.017519,,,,,,,,,,,,,,,,,
2010-07-19,,5.821238,7.623490592,,,,1.123389,1.414684627,1.17464104,1110.1485582,0.9746825,1.2920488,1.0782842,10.494588,15.191483,,,,,,,,,,,,,,,,,
2010-07-20,,5.797125,7.592879968,,,,1.142712,1.415439137,1.18283207,1100.1639495,0.9705022,1.2865748,1.08976654,10.488759,15.247778,,,,,,,,,,,,,,,,,
2010-07-21,,5.816372,7.618990517,,,,1.142879,1.422204585,1.19147636,1101.6321189,0.9715144,1.2879777,1.09350222,10.48134,15.267974,,,,,,,,,,,,,,,,,
2010-07-22,,5.948099,7.792390732,,,,1.164942,1.432723133,1.20550018,1122.1317098,0.9896496,1.312141,1.10945215,10.695549,15.506489,,,,,,,,,,,,,,,,,
2010-07-23,,6.002584,7.864698883,,,,1.175315,1.43957247,1.21480511,1128.6030282,0.9957727,1.3203461,1.12084904,10.742909,15.577742,,,,,,,,,,,,,,,,,
2010-07-26,,6.015163,7.88213065,,,,1.178411,1.440688241,1.21417234,1128.7870288,0.9961387,1.3208979,1.1280782,10.798772,15.570172,,,,,,,,,,,,,,,,,
2010-07-27,,6.024678,7.89554749,,,,1.182275,1.443846271,1.21125439,1127.3704639,0.9956396,1.320307,1.1269528,10.78367,15.62127,,,,,,,,,,,,,,,,,
2010-07-28,,6.008022,7.8746847,,,,1.184405,1.445411668,1.21470154,1122.5323443,0.9924062,1.3160858,1.12532812,10.729516,15.635398,,,,,,,,,,,,,,,,,
2010-07-29,,6.040525,7.91820253,,,,1.182708,1.459719466,1.22354954,1130.8428264,0.9987168,1.3245223,1.12860701,10.745912,15.72194,,,,,,,,,,,,,,,,,
2010-07-30,,6.138275,8.047242909,,,,1.191377,1.482428639,1.23817764,1146.0421202,1.0111227,1.3410601,1.13818788,10.9479,15.974789,,,,,,,,,,,,,,,,,
2010-08-02,,6.186426,8.111326277,,,,1.214752,1.483250591,1.24010825,1158.8158616,1.0229445,1.3568419,1.15186291,10.963397,16.13207,,,,,,,,,,,,,,,,,
2010-08-03,,6.072088,7.962465946,,,,1.200891,1.487697192,1.22926412,1144.649665,1.0112163,1.341188,1.14763167,10.816689,15.954049,,,,,,,,,,,,,,,,,
2010-08-04,,6.089798,7.986621731,,,,1.203769,1.492620715,1.23082041,1144.1076614,1.011458,1.3415841,1.15223384,10.82172,15.936388,,,,,,,,,,,,,,,,,
2010-08-05,,6.069613,7.961131025,,,,1.208927,1.495795727,1.23221815,1142.9693993,1.0109158,1.3409316,1.16340933,10.808946,15.930259,,,,,,,,,,,,,,,,,
2010-08-06,,6.058546,7.947582113,,,,1.205051,1.500819933,1.22418952,1146.2889642,1.0123761,1.3429221,1.16176379,10.75558,15.919719,,,,,,,,,,,,,,,,,
2010-08-09,,6.032997,7.915043106,,,,1.200871,1.504039685,1.22065485,1137.5521085,1.0053607,1.33366,1.15817511,10.78518,15.903138,,,,,,,,,,,,,,,,,
2010-08-10,,6.00722,7.882193936,,,,1.190089,1.494886778,1.21876936,1133.5174726,1.0006554,1.3274507,1.15002576,10.75581,15.86183,,,,,,,,,,,,,,,,,
2010-08-11,,5.92558,7.776069442,,,,1.164653,1.477281153,1.21927549,1127.1160784,0.9921267,1.3161348,1.13836828,10.648935,15.616784,,,,,,,,,,,,,,,,,
2010-08-12,,5.913736,7.761459923,,,,1.167859,1.495128891,1.22042628,1128.6526701,0.9935961,1.3181595,1.15329542,10.645004,15.651478,,,,,,,,,,,,,,,,,
2010-08-13,,5.994639,7.868521668,,,,1.179449,1.480347702,1.2361958,1139.7215071,1.002291,1.3297769,1.15934869,10.677287,15.70158,,,,,,,,,,,,,,,,,
2010-08-16,,6.021253,7.904403605,,,,1.184804,1.486285288,1.25244952,1145.2024955,1.007321,1.3365347,1.17300561,10.670348,15.732214,,,,,,,,,,,,,,,,,
2010-08-17,,6.086431,7.990886853,,,,1.199786,1.500758165,1.26346728,1156.1409773,1.0174754,1.350114,1.18948321,10.776283,15.922048,,,,,,,,,,,,,,,,,
2010-08-18,,6.132372,8.052150693,,,,1.197543,1.50859662,1.27230718,1165.1322689,1.0240201,1.3588704,1.19470733,10.849172,16.009011,,,,,,,,,,,,,,,,,
2010-08-19,,6.117951,8.034205189,,,,1.18415,1.50728133,1.2723595,1169.5974924,1.0251447,1.3604072,1.18661888,10.740058,16.050651,,,,,,,,,,,,,,,,,
2010-08-20,,6.116677,8.033501905,,,,1.181014,1.502755736,1.27071484,1171.7651496,1.0260366,1.3616755,1.18847535,10.775301,16.068446,,,,,,,,,,,,,,,,,
2010-08-23,,6.109512,8.025067105,,,,1.168948,1.510204917,1.27014084,1175.1278035,1.0264552,1.362352,1.18224181,10.750587,16.079238,,,,,,,,,,,,,,,,,
2010-08-24,,6.070827,7.975237693,,,,1.155206,1.507103001,1.2646144,1169.4096582,1.020003,1.3538632,1.16899992,10.736369,16.010392,,,,,,,,,,,,,,,,,
2010-08-25,,6.021579,7.911527509,,,,1.150542,1.51175754,1.25069987,1162.5954141,1.0140552,1.3460111,1.16299946,10.658343,15.917817,,,,,,,,,,,,,,,,,
2010-08-26,,6.003535,7.888779683,,,,1.134001,1.51462648,1.25338727,1161.5621155,1.0106632,1.3416166,1.16129008,10.600144,15.870635,,,,,,,,,,,,,,,,,
2010-08-27,,6.120155,8.042892796,,,,1.162294,1.537667971,1.27090077,1191.0063607,1.0364049,1.3759222,1.18765051,10.845578,16.155094,,,,,,,,,,,,,,,,,
2010-08-30,,6.035625,7.932847,,,,1.143904,1.535685954,1.26905977,1184.9316029,1.0283287,1.3653039,1.17462962,10.75882,16.031211,,,,,,,,,,,,,,,,,
2010-08-31,,6.067161,7.975221632,,,,1.158065,1.543681847,1.28536378,1193.6559374,1.0369188,1.3767707,1.18392485,10.858428,16.225051,,,,,,,,,,,,,,,,,
2010-09-01,,6.158109,8.095671027,,,,1.191088,1.550419877,1.29147362,1207.7639176,1.0522217,1.3971214,1.21351497,11.001573,16.395016,,,,,,,,,,,,,,,,,
2010-09-02,,6.153538,8.0906496,,,,1.185468,1.549876922,1.29274383,1204.5646661,1.0491093,1.3929088,1.21347395,10.960101,16.360114,,,,,,,,,,,,,,,,,
2010-09-03,,6.128901,8.059246194,,,,1.184363,1.549763166,1.27744957,1198.3141629,1.0441736,1.3863992,1.20317176,10.924156,16.228525,,,,,,,,,,,,,,,,,
2010-09-06,,6.134978,8.068200833,,,,1.186758,1.54375,1.27810195,1198.3213422,1.0442741,1.3865923,1.20560271,10.872198,16.202685,,,,,,,,,,,,,,,,,
2010-09-08,,6.099089,8.021998513,,,,1.180939,1.545973399,1.28361616,1188.2501041,1.0360221,1.3756741,1.20377326,10.825121,16.184808,,,,,,,,,,,,,,,,,
2010-09-09,,6.146136,8.084807335,,,,1.183415,1.564919612,1.29640506,1190.4820016,1.0381247,1.3785266,1.21779622,10.924037,16.331124,,,,,,,,,,,,,,,,,
2010-09-10,,6.15794,8.101309042,,,,1.184138,1.574284472,1.29236813,1192.1374879,1.0397178,1.3807021,1.2230273,11.025456,16.378419,,,,,,,,,,,,,,,,,
2010-09-13,,6.179104,8.130118329,,,,1.205637,1.57961926,1.29813346,1206.2082644,1.0530719,1.3984888,1.23644941,11.168052,16.542988,,,,,,,,,,,,,,,,,
2010-09-14,,6.216907,8.180815992,,,,1.20297,1.582418889,1.29813639,1217.3917572,1.0600771,1.4079239,1.24082608,11.243135,16.615819,,,,,,,,,,,,,,,,,
2010-09-15,,6.245539,8.21946525,,,,1.211,1.588957001,1.29612184,1218.3667869,1.0618173,1.4102797,1.24759351,11.312761,16.740796,,,,,,,,,,,,,,,,,
2010-09-16,,6.253157,8.230478207,,,,1.203767,1.592466179,1.30479187,1212.9143629,1.0565957,1.4034112,1.24576253,11.307782,16.710346,,,,,,,,,,,,,,,,,
2010-09-17,,6.284965,8.273321581,,,,1.195208,1.597324948,1.31604023,1220.8464457,1.0606269,1.4088967,1.24027597,11.369215,16.743453,,,,,,,,,,,,,,,,,
2010-09-20,,6.320373,8.320913705,,,,1.212795,1.605127252,1.32508657,1230.4909012,1.0704659,1.422005,1.25338734,11.517754,16.90025,,,,,,,,,,,,,,,,,
2010-09-21,,6.314455,8.314141694,,,,1.204055,1.600881248,1.33299757,1228.0806271,1.0673519,1.4179523,1.25101019,11.508142,16.843812,,,,,,,,,,,,,,,,,
2010-09-22,,6.311947,8.311838922,,,,1.213375,1.59793994,1.33022136,1231.3645491,1.0712711,1.4232011,1.26572706,11.50371,16.875443,,,,,,,,,,,,,,,,,
2010-09-23,,6.298931,8.295705328,,,,1.2209,1.595240187,1.33569784,1230.5840946,1.0718982,1.4240688,1.26749851,11.546977,16.904111,10000.0,,,,,,,,,,,,,,,,
2010-09-24,,6.244253,8.224716769,,,,1.210763,1.59474271,1.33709384,1233.4830916,1.0722474,1.4246453,1.27604469,11.582482,16.849565,10015.87533333,,,,,,,,,,,,,,,,
2010-09-27,,6.277174,8.269044034,,,,1.223176,1.608922508,1.33650165,1236.3841835,1.0759269,1.4295739,1.28272089,11.599434,16.984627,10053.59016667,1.0,,,,,,,,,,,,,,,
2010-09-28,,6.285204,8.280620226,,,,1.228776,1.610656308,1.33615185,1235.0426193,1.0759949,1.4297004,1.29365705,11.623413,17.048361,10072.79383333,0.99988762,,,,,,,,,,,,,,,
2010-09-29,,6.26435,8.254156274,,,,1.228467,1.609428354,1.33121124,1231.4295502,1.0733083,1.426183,1.29915589,11.618848,16.974297,10036.55016667,1.00313312,,,,,,,,,,,,,,,
2010-09-30,,6.301847,8.304532308,,,,1.228862,1.607605362,1.33466114,1246.8882978,1.0848575,1.4416406,1.29898643,11.693429,17.118626,10019.72383333,1.00355764,,,,,,,,,,,,,,,
2010-10-01,,6.362488,8.385404728,,,,1.240531,1.632356392,1.35053385,1269.6568734,1.1036083,1.4667048,1.3251564,11.880295,17.494964,10137.85666667,1.02229736,,,,,,,,,,,,,,,
2010-10-04,,6.3395,8.3561326,,,,1.241634,1.637275996,1.3450265,1269.5697915,1.1039283,1.4670551,1.32499535,11.850924,17.525938,10136.21583333,1.02287774,,,,,,,,,,,,,,,
2010-10-05,,6.441037,8.490917885,,,,1.258844,1.646562567,1.34582002,1283.6793229,1.1166734,1.4841449,1.33327768,12.08313,17.774351,10260.40866667,1.03035992,,,,,,,,,,,,,,,
2010-10-06,,6.43557,8.484773651,,,,1.248844,1.653467621,1.36130643,1290.9922834,1.1194227,1.487919,1.33601069,12.170935,17.869586,10313.0725,1.03099426,,,,,,,,,,,,,,,
2010-10-07,,6.415804,8.459749619,,,,1.239521,1.651576451,1.36048358,1284.3709723,1.1127649,1.4791313,1.34274278,12.11814,17.846684,10242.26783333,1.0343358,,,,,,,,,,,,,,,
2010-10-08,,6.4698,8.531958818,,,,1.255827,1.66773067,1.36549984,1296.9981524,1.1242115,1.4944311,1.34443251,12.233957,18.019001,10316.323,1.03651308,,,,,,,,,,,,,,,
2010-10-11,,6.547089,8.634904197,,,,1.256743,1.678267237,1.37541982,1313.3954458,1.1359272,1.5100946,1.35194039,12.233957,18.227587,10379.49218624,1.04100662,,,,,,,,,,,,,,,
2010-10-13,,6.622204,8.735015081,,,,1.268677,1.692653233,1.40046967,1321.1956077,1.143514,1.5202601,1.36716192,12.611266,18.613239,10451.12886757,1.05211118,,,,,,,,,,,,,,,
2010-10-14,,6.597301,8.703262766,,,,1.269441,1.695043081,1.40103255,1322.8791482,1.1444866,1.5216046,1.37063965,12.533999,18.572552,10413.39126194,1.05376734,,,,,,,,,,,,,,,
2010-10-15,,6.576065,8.676326871,,,,1.269672,1.701948927,1.40311565,1315.9443231,1.1399905,1.5156916,1.3725816,12.595086,18.64441,10408.71364752,1.05493044,,,,,,,,,,,,,,,
2010-10-18,,6.575697,8.676904958,,,,1.267667,1.703857147,1.40443018,1307.1214871,1.1334548,1.5070651,1.36659047,12.557441,18.554765,10388.06550536,1.05082384,,,,,,,,,,,,,,,
2010-10-19,,6.403504,8.450836929,,,,1.235043,1.685905813,1.37117986,1286.8308452,1.1133992,1.4804541,1.33420597,12.274776,18.161788,10196.62730116,1.02516292,,,,,,,,,,,,,,,
2010-10-20,,6.468703,8.537866763,,,,1.245933,1.698638873,1.37975875,1299.0953418,1.1235043,1.4939712,1.35192289,12.465904,18.411099,10215.93523893,1.03812702,,,,,,,,,,,,,,,
2010-10-21,,6.477108,8.550021506,,,,1.233041,1.702702579,1.38013707,1295.0488359,1.1180715,1.4868613,1.34895678,12.483946,18.45839,10114.49713628,1.0352829,,,,,,,,,,,,,,,
2010-10-22,,6.446065,8.510112454,,,,1.228534,1.703999804,1.39386382,1289.6393238,1.1136575,1.4811033,1.34761039,12.522964,18.392496,10075.83049956,1.03277496,,,,,,,,,,,,,,,
2010-10-25,,6.432222,8.492888166,,,,1.233476,1.710655912,1.40212906,1281.7503724,1.1080649,1.4737751,1.3467883,12.642529,18.323249,10056.91519826,1.03140214,,,,,,,,,,,,,,,
2010-10-26,,6.507714,8.593572222,,,,1.25529,1.714446083,1.40875957,1295.0432951,1.1206553,1.4906414,1.35812266,12.673847,18.465608,10219.92636524,1.04036938,,,,,,,,,,,,,,,
2010-10-27,,6.49462,8.577358302,,,,1.251386,1.7042298,1.40973707,1296.3247736,1.1207369,1.4908675,1.35836342,12.539936,18.336572,10220.56983541,1.0406267,,,,,,,,,,,,,,,
2010-10-28,,6.466447,8.54122152,,,,1.249584,1.705631906,1.40839525,1291.2336726,1.1161534,1.4848847,1.35806685,12.645461,18.355123,10146.11978078,1.04006978,,,,,,,,,,,,,,,
2010-10-29,,6.551765,8.654916449,,,,1.254784,1.71378489,1.43298516,1305.2869704,1.1267497,1.4991024,1.36674613,12.706308,18.579106,10204.59062587,1.04692541,,,,,,,,,,,,,,,
2010-11-01,,6.604136,8.725151271,,,,1.278799,1.719485553,1.44698462,1311.886559,1.1339957,1.5088135,1.37502939,12.728745,18.736849,10342.65756629,1.05376954,,,,,,,,,,,,,,,
2010-11-03,,6.626825,8.75619797,,,,1.284459,1.732200847,1.45074076,1320.1866257,1.1407259,1.5178417,1.37970856,12.856489,18.94969,10330.75614466,1.0562123,,,,,,,,,,,,,,,
2010-11-04,,6.725215,8.887233025,,,,1.305657,1.74141301,1.46736836,1334.0407872,1.1535705,1.534875,1.39243074,12.962735,19.127156,10407.46487581,1.0656783,,,,,,,,,,,,,,,
2010-11-05,,6.699636,8.854552694,,,,1.298581,1.738909638,1.47845915,1330.6744448,1.1499219,1.5300918,1.39683632,12.915994,19.054759,10444.60859922,1.06778166,,,,,,,,,,,,,,,
2010-11-08,,6.700328,8.8565521,,,,1.299477,1.740835751,1.48626216,1333.5980683,1.1519825,1.5329105,1.39403475,12.915976,19.044142,10449.26775503,1.06542876,,,,,,,,,,,,,,,
2010-11-09,,6.606695,8.73393151,,,,1.28137,1.734804667,1.47212261,1311.4982128,1.1335827,1.50848,1.37217666,12.818949,18.883795,10499.8114887,1.0496756,,,,,,,,,,,,,,,
2010-11-10,,6.528339,8.631450439,,,,1.280099,1.714973228,1.4665546,1297.6982533,1.1238322,1.4955622,1.35833043,12.710227,18.659616,10518.38507112,1.04028452,,,,,,,,,,,,,,,
2010-11-11,,6.527288,8.631111352,,,,1.270977,1.725403774,1.4573632,1296.3824562,1.1214296,1.492438,1.36851702,12.752164,18.753147,10431.41914223,1.04536853,,,,,,,,,,,,,,,
2010-11-12,,6.462701,8.546807047,,,,1.253858,1.711461313,1.4485749,1280.0483846,1.1074744,1.4739257,1.35731735,12.565122,18.558139,10307.47100275,1.03813043,,,,,,,,,,,,,,,
2010-11-16,,6.331635,8.374592631,,,,1.231217,1.701023992,1.43992162,1260.1139299,1.0899549,1.4506672,1.34237694,12.376412,18.312813,10194.2741416,1.02774712,,,,,,,,,,,,,,,
2010-11-17,,6.397238,8.462340991,,,,1.242275,1.7115583,1.45469494,1277.1395158,1.1031915,1.4683675,1.34672339,12.546152,18.517043,10263.0827453,1.03113834,,,,,,,,,,,,,,,
2010-11-18,,6.447285,8.529565678,,,,1.258237,1.727211379,1.46544165,1292.4351552,1.1169754,1.486792,1.35714115,12.73061,18.783598,10316.29288734,1.03946654,,,,,,,,,,,,,,,
2010-11-19,,6.470168,8.560884018,,,,1.259902,1.738679028,1.46357731,1294.4656731,1.1186262,1.489062,1.36222387,12.906322,18.951322,10374.45986935,1.04275258,,,,,,,,,,,,,,,
2010-11-22,,6.367085,8.425611115,,,,1.236841,1.725873043,1.46267624,1271.6322995,1.0988267,1.4627675,1.34572848,12.827401,18.781737,10261.27247215,1.03031257,,,,,,,,,,,,,,,
2010-11-23,,6.25703,8.281062193,,,,1.209026,1.70450898,1.45084937,1252.4635763,1.0802574,1.4381152,1.32701412,12.528371,18.369598,10110.84397456,1.01618582,,,,,,,,,,,,,,,
2010-11-24,,6.376197,8.43970647,,,,1.237044,1.722430973,1.47511448,1272.5098216,1.0992043,1.4634109,1.35293381,12.731201,18.733638,10339.73782135,1.03547367,,,,,,,,,,,,,,,
2010-11-25,,6.396573,8.467720949,,,,1.230908,1.723475071,1.4885362,1271.9927609,1.0979009,1.4617478,1.35289967,12.784139,18.781659,10327.77116887,1.03509636,,,,,,,,,,,,,,,
2010-11-26,,6.326945,8.376637789,,,,1.211272,1.713555699,1.48577424,1258.0842858,1.0846598,1.4441887,1.33306412,12.721251,18.626285,10273.70700339,1.02007943,,,,,,,,,,,,,,,
2010-11-29,,6.301145,8.343514035,,,,1.207182,1.705410005,1.47712774,1253.7866511,1.0805959,1.4388474,1.32761359,12.62316,18.477126,10218.83120668,1.01548501,,,,,,,,,,,,,,,
2010-11-30,,6.38602,8.456871144,,,,1.202501,1.720566406,1.49504455,1270.7174031,1.0915211,1.4534751,1.33436366,12.786416,18.781715,10244.66606104,1.01922634,,,,,,,,,,,,,,,
2010-12-01,,6.453095,8.54670589,,,,1.231524,1.723106304,1.49685599,1285.8506901,1.1069674,1.4741078,1.34438134,12.826103,18.812292,10357.56680233,1.02843828,,,,,,,,,,,,,,,
2010-12-02,,6.499736,8.60950979,,,,1.232011,1.720228797,1.49965561,1291.9509666,1.1116315,1.4803267,1.35721213,12.731911,18.734851,10479.51241757,1.0366642,,,,,,,,,,,,,,,
2010-12-03,,6.506147,8.619062126,,,,1.232438,1.711876538,1.48816968,1290.0923441,1.1110665,1.4797236,1.35950993,12.624991,18.564998,10533.32645329,1.03831051,,,,,,,,,,,,,,,
2010-12-06,,6.472036,8.574955242,,,,1.229826,1.708829525,1.48505007,1282.5550094,1.1067633,1.474816,1.3534623,12.570188,18.482284,10496.73116951,1.03371638,,,,,,,,,,,,,,,
2010-12-07,,6.47639,8.581768319,,,,1.228847,1.715112545,1.48877223,1281.4447184,1.1055162,1.4730844,1.35697334,12.490925,18.487959,10474.05320628,1.03629668,,,,,,,,,,,,,,,
2010-12-08,,6.428799,8.519787956,,,,1.210875,1.700414207,1.48172133,1272.6314723,1.0993963,1.4649963,1.34059239,12.402848,18.288769,10381.83423935,1.02356299,,,,,,,,,,,,,,,
2010-12-09,,6.377831,8.453280899,,,,1.208622,1.679827938,1.46889616,1261.3960049,1.0916248,1.4547056,1.32781202,12.280768,18.038144,10311.26784439,1.01357515,,,,,,,,,,,,,,,
2010-12-10,,6.439461,8.535955549,,,,1.217547,1.678364803,1.4910928,1260.6025973,1.0909762,1.4539111,1.34225667,12.35045,18.018855,10390.23744207,1.02411541,,,,,,,,,,,,,,,
2010-12-13,,6.477233,8.58705555,,,,1.231797,1.683073511,1.49643099,1272.8768835,1.099241,1.4650002,1.35455006,12.481079,18.209869,10430.13009009,1.03374741,1.0,,,,,,,,,,,,,,
2010-12-14,,6.522943,8.648685618,,,,1.22368,1.678510281,1.50802116,1279.9063695,1.1039276,1.4713194,1.34547843,12.529929,18.283243,10384.96086149,1.02720143,0.99783395,,,,,,,,,,,,,,
2010-12-15,,6.463721,8.571272753,,,,1.209342,1.668343938,1.49732318,1269.7369062,1.0968827,1.461998,1.32530594,12.415909,18.042481,10305.59252661,1.01184277,0.98824285,,,,,,,,,,,,,,
2010-12-16,,6.432494,8.530930142,,,,1.199387,1.664815017,1.49762196,1257.4933704,1.0884237,1.4507907,1.31633706,12.372662,17.907111,10297.96528932,1.00483277,0.9921451,,,,,,,,,,,,,,
2010-12-17,,6.43995,8.541857062,,,,1.215392,1.674949033,1.50305752,1265.2828711,1.0936297,1.4578015,1.32664848,12.459295,18.088473,10308.18979342,1.01292506,1.0,,,,,,,,,,,,,,
2010-12-20,,6.423215,8.520722541,,,,1.201209,1.662811168,1.49468341,1251.2784926,1.083748,1.4449931,1.32330072,12.401649,17.912938,10354.38629045,1.00925286,0.9928734,,,,,,,,,,,,,,
2010-12-21,,6.487355,8.606807907,,,,1.215827,1.669050742,1.50314139,1267.0769592,1.0946389,1.4592873,1.3243326,12.465823,18.053801,10479.83645999,1.01106648,0.99877145,,,,,,,,,,,,,,
2010-12-22,,6.443619,8.54988375,,,,1.2244,1.666664335,1.49933838,1253.0424525,1.0849585,1.4464514,1.32235536,12.430379,17.987645,10464.75640362,1.01050226,0.99716385,,,,,,,,,,,,,,
2010-12-23,,6.479235,8.598160399,,,,1.223811,1.671810714,1.51405041,1262.7513262,1.0914738,1.4552078,1.33129138,12.494357,18.118092,10522.68084266,1.0163865,1.00345415,,,,,,,,,,,,,,
2010-12-24,,6.478544,8.598307638,,,,1.223603,1.67202911,1.51410048,1262.737594,1.0913569,1.4551223,1.33123912,12.482615,18.115409,10522.55616885,1.01625184,1.0041949,,,,,,,,,,,,,,
2010-12-27,,6.445572,8.555629168,,,,1.21036,1.664107311,1.51116541,1256.1438811,1.086752,1.4490531,1.32955894,12.380111,17.943279,10458.67749934,1.01395731,0.992907,,,,,,,,,,,,,,
2010-12-28,,6.475638,8.596562277,,,,1.213445,1.675579474,1.51322957,1266.6780395,1.09383,1.4585599,1.33124809,12.416208,18.01418,10493.21832449,1.01577149,0.99071515,,,,,,,,,,,,,,
2010-12-29,,6.565209,8.716464384,,,,1.230264,1.688401533,1.51890457,1279.7154658,1.1026149,1.4703428,1.34090629,12.46438,18.152049,10606.7990621,1.02379094,0.9956836,,,,,,,,,,,,,,
2010-12-30,,6.6137,8.781895598,,,,1.236043,1.701010309,1.54438967,1289.7705194,1.1093649,1.4794133,1.3583052,12.590642,18.36681,10697.59405698,1.03556159,1.00945175,,,,,,,,,,,,,,
2010-12-31,,6.613025,8.782088245,,,,1.235333,1.70123102,1.54444061,1289.7564009,1.1092463,1.4793267,1.35826908,12.592683,18.364107,10697.44646634,1.03543649,1.00932845,,,,,,,,,,,,,,
2011-01-03,,6.666767,8.854487539,,,,1.244678,1.703057586,1.53846672,1297.0392171,1.1157692,1.4880864,1.36020516,12.618532,18.520297,10748.21796044,1.03813058,1.01758205,,,,,,,,,,,,,,
2011-01-04,,6.636728,8.815709883,,,,1.250004,1.694409289,1.53887669,1291.4523358,1.1129572,1.4842616,1.35150286,12.491352,18.354882,10799.77519678,1.03272293,1.005885,,,,,,,,,,,,,,
2011-01-05,,6.638447,8.819072237,,,,1.262242,1.690552549,1.54475267,1288.6101901,1.1133269,1.4848145,1.34430561,12.558194,18.400055,10854.032943,1.02868708,0.9997787,,,,,,,,,,,,,,
2011-01-06,,6.604708,8.775362233,,,,1.254133,1.680468235,1.52077839,1277.493403,1.104031,1.4724979,1.3389147,12.463651,18.203506,10804.71451671,1.02479743,0.99286765,,,,,,,,,,,,,,
2011-01-07,,6.555041,8.710485807,,,,1.246344,1.682954366,1.52102129,1269.6012209,1.0969102,1.4630809,1.33018896,12.438524,18.136843,10762.89189221,1.01802817,0.99357775,,,,,,,,,,,,,,
2011-01-10,,6.564809,8.724522588,,,,1.248078,1.688416835,1.52766123,1271.9479248,1.0986205,1.4654295,1.35012835,12.50547,18.209563,10837.39722821,1.03168649,1.00197085,,,,,,,,,,,,,,
2011-01-11,,6.583431,8.750332294,,,,1.256753,1.692533041,1.52972774,1269.0216021,1.0967031,1.4639214,1.34473359,12.541621,18.266678,10847.00028659,1.02833183,1.00251825,,,,,,,,,,,,,,
2011-01-12,,6.627449,8.809885029,,,,1.281754,1.707958448,1.56450335,1281.9696445,1.1076008,1.4789496,1.3568583,12.61703,18.465771,10986.92163436,1.03793705,1.01336555,,,,,,,,,,,,,,
2011-01-13,,6.56092,8.72259043,,,,1.265976,1.705924886,1.56250167,1283.5205426,1.1080377,1.478187,1.36012929,12.548193,18.335915,10948.79546404,1.03842178,1.0069144,,,,,,,,,,,,,,
2011-01-14,,6.562084,8.725198901,,,,1.268405,1.712444142,1.56833402,1289.3834836,1.1125393,1.484276,1.36610931,12.526937,18.339264,10957.54001516,1.04249186,1.01416135,,,,,,,,,,,,,,
2011-01-17,,6.533453,8.688226554,,,,1.259651,1.707616722,1.56658279,1286.673611,1.1094745,1.4802848,1.35659678,12.53985,18.290742,10917.59560795,1.03522467,1.01209775,,,,,,,,,,,,,,
2011-01-18,,6.603921,8.782945084,,,,1.265523,1.707484252,1.57101876,1297.8443395,1.1179014,1.4916003,1.36230233,12.559759,18.327891,10902.85443671,1.03826413,1.0124441,,,,,,,,,,,,,,
2011-01-19,,6.535193,8.692684651,,,,1.248915,1.698033035,1.56514071,1282.5721377,1.1046832,1.4740595,1.34998046,12.410681,18.186565,10842.2618002,1.02954493,1.00884505,,,,,,,,,,,,,,
2011-01-20,,6.50174,8.649274727,,,,1.23927,1.688762192,1.55883981,1275.2387762,1.0980184,1.4652502,1.34978507,12.275898,18.081409,10797.48884545,1.02870637,1.00842635,,,,,,,,,,,,,,
2011-01-21,,6.486321,8.629834061,,,,1.235011,1.689949401,1.55188808,1260.5810668,1.0874989,1.4537103,1.34404757,12.212536,17.975016,10792.78225477,1.02423656,1.00520525,,,,,,,,,,,,,,
2011-01-24,,6.52325,8.6799942,,,,1.23995,1.690328198,1.55932096,1273.8839458,1.0964642,1.4652204,1.34935743,12.214477,18.045489,10805.80446055,1.02698193,1.01102905,,,,,,,,,,,,,,
2011-01-25,,6.52251,8.680086728,,,,1.239709,1.690407232,1.55926654,1274.0638454,1.0964777,1.4653237,1.3492804,12.252267,18.042772,10805.18365118,1.0268334,1.01085665,,,,,,,,,,,,,,
2011-01-26,,6.398737,8.516538999,,,,1.222632,1.67290435,1.53540429,1251.3091598,1.0798457,1.442741,1.32873381,12.108588,17.749816,10694.63775218,1.01243034,0.99960555,,,,,,,,,,,,,,
2011-01-27,,6.244986,8.313063359,,,,1.212151,1.647795287,1.49236402,1232.8575166,1.0639793,1.4216642,1.30170429,11.833667,17.351078,10541.71851741,0.99299365,0.9830968,,,,,,,,,,,,,,
2011-01-28,,6.078766,8.09294471,,,,1.189594,1.622890702,1.45909601,1208.187963,1.0428132,1.3933457,1.27018483,11.512521,16.938396,10351.73079761,0.9698632,0.96343915,,,,,,,,,,,,,,
2011-01-31,,6.088675,8.107100561,,,,1.187699,1.615079089,1.46678816,1205.210332,1.0401433,1.3898626,1.27242774,11.471979,16.895961,10360.94961025,0.97014863,0.95295545,,,,,,,,,,,,,,
2011-02-01,,6.186997,8.238925719,,,,1.213221,1.650372397,1.47699971,1222.1228987,1.0544314,1.409151,1.28119761,11.648423,17.150015,10458.90482565,0.98289296,0.97493391,,,,,,,,,,,,,,
2011-02-02,,6.103713,8.129091711,,,,1.19719,1.643478964,1.47019086,1203.1222359,1.0380777,1.3872117,1.26966087,11.436348,16.868372,10358.36995973,0.96844112,0.96313535,,,,,,,,,,,,,,
2011-02-03,,6.026499,8.027383356,,,,1.197094,1.622572924,1.44054623,1189.556308,1.0263592,1.371595,1.24382386,11.372938,16.595586,10316.2669435,0.9511688,0.95372919,,,,,,,,,,,,,,
2011-02-04,,5.911197,7.874833204,,,,1.168515,1.597009565,1.43547563,1160.3847923,1.00212,1.3381234,1.22225152,11.231641,16.341689,10267.28584225,0.93428032,0.93677114,,,,,,,,,,,,,,
2011-02-07,,5.942276,7.917145943,,,,1.168924,1.596263145,1.41836999,1156.1960399,0.9984243,1.3332551,1.22581511,11.257005,16.289169,10235.37552399,0.93593845,0.93103783,,,,,,,,,,,,,,
2011-02-08,,6.004012,8.000314251,,,,1.177021,1.611801835,1.43118586,1173.2334588,1.0120081,1.3526882,1.22918491,11.415649,16.491266,10284.35481041,0.93950301,0.9374337,,,,,,,,,,,,,,
2011-02-09,,5.881137,7.837640538,,,,1.149318,1.588803761,1.40176225,1152.4744409,0.9942164,1.3288485,1.20591455,11.197218,16.136807,10143.66415448,0.92187267,0.9244153,,,,,,,,,,,,,,
2011-02-10,,5.8516,7.799223879,,,,1.154038,1.579382022,1.3873811,1143.8666611,0.9867619,1.31892,1.20175096,11.170851,15.990657,10184.18880952,0.92002731,0.93298363,,,,,,,,,,,,,,
2011-02-11,,5.926472,7.89990047,,,,1.175113,1.594259861,1.40385225,1164.6937011,1.0043511,1.3426908,1.21884234,11.359372,16.249739,10275.4203369,0.93101328,0.9395156,,,,,,,,,,,,,,
2011-02-14,,6.016468,8.02076504,,,,1.191247,1.618829616,1.42836943,1184.7026761,1.0212452,1.3655256,1.22276009,11.588997,16.571483,10322.13516411,0.9355455,0.97347515,,,,,,,,,,,,,,
2011-02-15,,6.020104,8.026589071,,,,1.187352,1.626964621,1.43367285,1179.8517961,1.016987,1.3598981,1.21723244,11.619676,16.617272,10233.64666768,0.93064696,0.97553195,,,,,,,,,,,,,,
2011-02-16,,6.092526,8.124071436,,,,1.205762,1.651450091,1.43407066,1199.2307856,1.0333438,1.3820109,1.2340307,11.762256,16.782378,10357.76738945,0.94350817,0.98395574,,,,,,,,,,,,,,
2011-02-17,,6.078198,8.105965928,,,,1.208871,1.654253559,1.41811526,1195.1425458,1.0297333,1.3772559,1.23904587,11.789944,16.792587,10332.62957825,0.94629323,0.98442137,,,,,,,,,,,,,,
2011-02-18,,6.137491,8.185975052,,,,1.214003,1.652027737,1.42666959,1206.0694231,1.0388978,1.3896914,1.23859712,11.932098,16.976058,10354.81270346,0.94576731,0.98794561,,,,,,,,,,,,,,
2011-02-21,,6.045966,8.064960113,,,,1.199601,1.635132523,1.41604971,1194.5438922,1.0289056,1.3763937,1.22303061,11.779023,16.761677,10337.69437181,0.93513968,0.97787334,,,,,,,,,,,,,,
2011-02-22,,5.944506,7.930646497,,,,1.184209,1.616136886,1.39473847,1167.7102519,1.0059439,1.3455985,1.20705532,11.528232,16.469438,10241.25307875,0.92300251,0.95884519,,,,,,,,,,,,,,
2011-02-23,,5.899172,7.871138618,,,,1.194216,1.61558963,1.3966387,1162.7604397,1.001603,1.339836,1.21453922,11.430824,16.415599,10265.06564814,0.9291762,0.95024082,,,,,,,,,,,,,,
2011-02-24,,5.901562,7.875267202,,,,1.195634,1.625521297,1.37795917,1163.5151303,1.0021158,1.3406272,1.21383195,11.494491,16.426218,10216.31672843,0.92886134,0.95644517,,,,,,,,,,,,,,
2011-02-25,,5.895913,7.868681852,,,,1.198406,1.62309946,1.38561446,1164.0011549,1.0024001,1.3411108,1.21439385,11.570074,16.452553,10166.3219474,0.92856686,0.95792805,,,,,,,,,,,,,,
2011-02-28,,5.967311,7.96486548,,,,1.205617,1.645727173,1.40550222,1171.8839292,1.0089774,1.3500627,1.23228171,11.701996,16.703511,10338.47135611,0.94128942,0.9728173,,,,,,,,,,,,,,
2011-03-01,,5.911724,7.89168199,,,,1.187319,1.634959668,1.39559176,1157.2706348,0.9964136,1.3332587,1.22588743,11.617301,16.624227,10309.00985304,0.93529673,0.96782342,,,,,,,,,,,,,,
2011-03-02,,5.949616,7.943178938,,,,1.204187,1.643667295,1.4014529,1170.0384527,1.0067984,1.3476921,1.23506222,11.770112,16.776702,10345.82107592,0.94306313,0.96950676,,,,,,,,,,,,,,
2011-03-03,,5.994273,8.0037281,,,,1.219146,1.663299337,1.41911436,1181.8460883,1.0166916,1.3611201,1.25506429,11.965013,17.018026,10248.12353786,0.95724537,0.97751182,,,,,,,,,,,,,,
2011-03-04,,5.973004,7.976315913,,,,1.215717,1.657040374,1.42092269,1168.8081634,1.0054673,1.3461141,1.24744513,11.872649,16.953316,10203.32304636,0.95118274,0.97403603,,,,,,,,,,,,,,
2011-03-09,,5.972925,7.977169103,,,,1.201218,1.663594431,1.41789589,1169.7454846,1.0061342,1.3471084,1.25361149,11.906568,16.988614,10236.6748842,0.95329258,0.97699212,,,,,,,,,,,,,,
2011-03-10,,5.928519,7.918857402,,,,1.177791,1.643676162,1.39359792,1151.5482653,0.9905214,1.3261962,1.24030162,11.805849,16.855877,10193.76681895,0.94232292,0.96586531,,,,,,,,,,,,,,
2011-03-11,,5.977199,7.98479086,,,,1.186546,1.651112257,1.42185114,1164.9393578,1.0017853,1.3414493,1.24240275,11.883825,16.962074,10286.13199037,0.94463355,0.97164836,,,,,,,,,,,,,,
2011-03-14,,5.966429,7.971379106,,,,1.19178,1.661314178,1.41893328,1161.6056884,0.9988188,1.3375541,1.24510302,11.938541,17.021184,10353.00084541,0.94677471,0.96910734,,,,,,,,,,,,,,
2011-03-15,,5.942779,7.940759277,,,,1.188669,1.667880742,1.41776969,1157.6282269,0.9953048,1.332922,1.24165078,11.934909,17.016318,10350.65349434,0.94377444,0.97153803,,,,,,,,,,,,,,
2011-03-16,,5.936268,7.933019258,,,,1.174399,1.658651505,1.4183426,1160.1074442,0.9972844,1.3356822,1.24338358,11.904232,16.954374,10299.73807893,0.94399298,0.97262478,,,,,,,,,,,,,,
2011-03-17,,5.901291,7.887259986,,,,1.178956,1.65332768,1.42869526,1160.6931713,0.9976529,1.3362744,1.24556032,11.928852,17.004706,10180.49581997,0.94623144,0.97662316,,,,,,,,,,,,,,
2011-03-18,,5.904594,7.89261846,,,,1.192498,1.661291532,1.43250736,1165.5284324,1.0016368,1.3417318,1.2412136,12.041128,17.059028,10225.48895392,0.94440555,0.98645825,,,,,,,,,,,,,,
2011-03-21,,5.901334,7.88921734,,,,1.19111,1.671877193,1.43506635,1163.7484843,0.9999921,1.3396154,1.23833168,12.185353,17.169313,10167.3781331,0.9418943,0.98839593,,,,,,,,,,,,,,
2011-03-22,,5.974454,7.987866917,,,,1.205268,1.685969827,1.43791143,1179.912264,1.013614,1.3580423,1.24529946,12.221588,17.294448,10244.01113307,0.94786368,0.99451697,,,,,,,,,,,,,,
2011-03-23,,5.988584,8.007724768,,,,1.209504,1.681040371,1.44175704,1178.9547967,1.0126679,1.3568669,1.24366556,12.213279,17.295637,10276.44770886,0.94704815,0.99737665,1.0,,,,,,,,,,,,,
2011-03-24,,5.962136,7.973348983,,,,1.202222,1.688721421,1.44234987,1168.8078236,1.0038817,1.3451708,1.2430598,12.21551,17.253677,10293.21830522,0.94578629,1.00225242,1.00482428,,,,,,,,,,,,,
2011-03-25,,5.963347,7.975926746,,,,1.207087,1.698998697,1.44864502,1177.0754006,1.0107633,1.3545573,1.24722893,12.24956,17.308782,10423.23470873,0.94895885,1.00819962,1.00263514,,,,,,,,,,,,,
2011-03-28,,5.9348,7.938730145,,,,1.199442,1.693430278,1.44146024,1170.9194515,1.0053946,1.3474305,1.24292318,12.23968,17.318048,10361.09695943,0.94536659,1.00939652,1.00427703,,,,,,,,,,,,,
2011-03-29,,5.939887,7.946488685,,,,1.202344,1.69064089,1.42950391,1166.9460434,1.0018833,1.3428027,1.24132049,12.283037,17.337055,10373.00655172,0.94500674,1.00960565,1.00667275,,,,,,,,,,,,,
2011-03-30,,6.003761,8.032853897,,,,1.211153,1.69584356,1.44870185,1182.7942431,1.0152364,1.3608682,1.260353,12.399859,17.512913,10459.25327113,0.9581537,1.01728647,1.01824399,,,,,,,,,,,,,
2011-03-31,,6.064356,8.114862574,,,,1.22334,1.715433386,1.47357166,1204.5627831,1.0336252,1.3857109,1.27519899,12.459873,17.64428,10646.49081214,0.96905207,1.02197987,1.03908428,,,,,,,,,,,,,
2011-04-01,,6.200882,8.298444567,,,,1.234685,1.730826881,1.50613363,1242.205836,1.0655168,1.428726,1.29323345,12.603565,17.960521,10703.3888476,0.98133194,1.02993313,1.04650835,,,,,,,,,,,,,
2011-04-04,,6.206999,8.307651063,,,,1.240644,1.736399683,1.51702321,1248.0651489,1.0700369,1.4353507,1.29828255,12.640514,17.983807,10837.54776505,0.98567068,1.03205719,1.04128512,,,,,,,,,,,,,
2011-04-05,,6.247601,8.362970315,,,,1.244112,1.746220775,1.51719067,1260.5048157,1.0804813,1.4495088,1.30234115,12.656282,17.995864,10863.57209409,0.9886171,1.03271977,1.0383679,,,,,,,,,,,,,
2011-04-06,,6.20325,8.304652489,,,,1.231794,1.731749431,1.50576576,1243.9410657,1.0662488,1.4304611,1.29229646,12.572279,17.8541,10772.34433493,0.98092112,1.03193046,1.04383404,,,,,,,,,,,,,
2011-04-07,,6.228916,8.339989617,,,,1.231107,1.730097391,1.49617219,1254.0526887,1.0747129,1.4419223,1.29228352,12.634994,17.913236,10805.10325103,0.98110365,1.03446962,1.04162115,,,,,,,,,,,,,
2011-04-08,,6.189514,8.288271995,,,,1.220856,1.71959849,1.50057728,1242.5766195,1.0648095,1.4287315,1.28402826,12.469206,17.791738,10813.18228582,0.97424337,1.02673994,1.04252991,,,,,,,,,,,,,
2011-04-11,,6.216776,8.325755586,,,,1.212122,1.733056456,1.50494154,1244.7076617,1.0664839,1.4310878,1.29194188,12.566564,17.925352,10835.00632823,0.97936736,1.03714317,1.04941623,,,,,,,,,,,,,
2011-04-12,,6.108267,8.181519034,,,,1.19027,1.707871218,1.49028564,1220.2673741,1.0455514,1.4030233,1.27237036,12.418004,17.653733,10759.79992468,0.96465469,1.02629399,1.03552611,,,,,,,,,,,,,
2011-04-13,,6.066838,8.127032071,,,,1.182743,1.708656848,1.47357871,1221.5643332,1.0465181,1.4044257,1.27037609,12.394905,17.602583,10750.66342123,0.96304384,1.02574812,1.03984902,,,,,,,,,,,,,
2011-04-14,,6.051022,8.106832778,,,,1.179095,1.715965027,1.47264074,1219.5409328,1.0446597,1.4020266,1.27209103,12.382083,17.57209,10767.13220443,0.96337155,1.0237663,1.03315787,,,,,,,,,,,,,
2011-04-15,,6.058409,8.117703016,,,,1.185885,1.722667057,1.46999248,1220.8330091,1.0451887,1.4034235,1.27958527,12.442213,17.625799,10750.07791653,0.9688724,1.02465801,1.04096523,,,,,,,,,,,,,
2011-04-18,,5.987753,8.024059679,,,,1.163454,1.697221161,1.46586688,1207.1082746,1.0331582,1.387628,1.26573565,12.279724,17.439489,10692.61734913,0.95800358,1.01554861,1.02735173,,,,,,,,,,,,,
2011-04-19,,6.069081,8.133954507,,,,1.176299,1.709779088,1.47675389,1217.6077167,1.0417386,1.3995666,1.26613587,12.444896,17.559221,10723.02117639,0.95900215,1.02575241,1.03051155,,,,,,,,,,,,,
2011-04-20,,6.162667,8.260317753,,,,1.193457,1.726423773,1.49333635,1229.2752845,1.0513121,1.4128421,1.28817081,12.63788,17.820205,10778.61429489,0.97559154,1.03683365,1.0458741,,,,,,,,,,,,,
2011-04-25,,6.152534,8.247756882,,,,1.193782,1.727743772,1.5051969,1232.9851935,1.0541142,1.4170066,1.29517541,12.649754,17.8954,10779.73113991,0.97978581,1.04663926,1.04634234,,,,,,,,,,,,,
2011-04-26,,6.172924,8.276071617,,,,1.199107,1.732639191,1.50954411,1232.3730958,1.0532389,1.4162228,1.31206631,12.740065,17.925717,10768.34807688,0.99113036,1.04449292,1.0475268,,,,,,,,,,,,,
2011-04-27,,6.136785,8.22864345,,,,1.18163,1.719625981,1.4845869,1220.0540216,1.0424035,1.4020361,1.30602141,12.644386,17.765983,10704.25447565,0.98533614,1.02559758,1.04361753,,,,,,,,,,,,,
2011-04-28,,6.06654,8.135485802,,,,1.170117,1.719888008,1.4671677,1203.0309139,1.027567,1.3824645,1.30188029,12.527462,17.624573,10611.39128044,0.98160328,1.01826145,1.04247713,,,,,,,,,,,,,
2011-04-29,,6.123095,8.212263659,,,,1.179709,1.740181028,1.48545278,1219.9029737,1.0415697,1.4016991,1.32512092,12.602289,17.821707,10710.80155206,0.999168,1.03321337,1.04622633,,,,,,,,,,,,,
2011-05-02,,6.108808,8.194104439,,,,1.169642,1.739641599,1.47535595,1206.3268719,1.0298861,1.3860767,1.32552702,12.691922,17.847743,10603.23675226,0.9981702,1.03755629,1.04471271,,,,,,,,,,,,,
2011-05-03,,6.008809,8.06102111,,,,1.148207,1.71930336,1.44294748,1179.875809,1.0069234,1.3557148,1.3067382,12.528553,17.651007,10454.77931597,0.98366002,1.02930017,1.02203112,,,,,,,,,,,,,
2011-05-04,,5.980153,8.023554225,,,,1.137932,1.70663947,1.43824945,1173.4165547,1.0012982,1.348242,1.30409453,12.444547,17.542909,10405.36847606,0.98080795,1.01757779,1.02318631,,,,,,,,,,,,,
2011-05-05,,5.971128,8.01241213,,,,1.131694,1.706177622,1.42703793,1166.8691776,0.9955985,1.3406687,1.28556577,12.382445,17.470733,10371.97642587,0.96787651,1.01361284,1.02667484,,,,,,,,,,,,,
2011-05-06,,6.105583,8.193706744,,,,1.150236,1.722971118,1.47178803,1193.301959,1.0179587,1.3708536,1.30469942,12.558688,17.708892,10448.81221156,0.98254616,1.02580294,1.03905146,,,,,,,,,,,,,
2011-05-09,,6.126786,8.223158316,,,,1.15592,1.735290947,1.46304155,1199.3673421,1.0229882,1.3777193,1.310914,12.586475,17.836401,10523.58882804,0.98711233,1.02836873,1.04088273,,,,,,,,,,,,,
2011-05-10,,6.132615,8.231975,,,,1.163236,1.739861721,1.47449205,1215.2037846,1.0363303,1.3957713,1.31794607,12.600926,17.795519,10562.57107702,0.9920618,1.03890967,1.04668602,,,,,,,,,,,,,
2011-05-11,,6.051821,8.124574921,,,,1.140702,1.736361846,1.46226561,1201.9830932,1.0249495,1.380556,1.30708874,12.598826,17.747483,10429.6615089,0.98243174,1.03520363,1.04075732,,,,,,,,,,,,,
2011-05-12,,6.095169,8.183709818,,,,1.143905,1.738628462,1.46151488,1218.8637126,1.0391799,1.3998034,1.30474705,12.668495,17.806351,10432.26248246,0.98105034,1.03569088,1.04269339,,,,,,,,,,,,,
2011-05-13,,6.01126,8.072101339,,,,1.131125,1.73750932,1.45448238,1204.46907,1.0268,1.3832439,1.29593212,12.638513,17.768377,10394.62620471,0.97367712,1.03051895,1.03027086,,,,,,,,,,,,,
2011-05-16,,5.947854,7.987963589,,,,1.124073,1.727198224,1.44323091,1191.1300949,1.0153195,1.3678937,1.28791481,12.586287,17.638777,10379.61925886,0.96743389,1.0240746,1.01013034,,,,,,,,,,,,,
2011-05-17,,5.950995,7.993135183,,,,1.136385,1.721082203,1.44921737,1194.9477101,1.0184368,1.3721862,1.29846262,12.545745,17.560472,10378.43153105,0.97586595,1.01855219,0.99864938,,,,,,,,,,,,,
2011-05-18,,5.902945,7.92959547,,,,1.120199,1.719971873,1.4522074,1184.0331634,1.0090198,1.359612,1.29143071,12.505929,17.411251,10358.69568452,0.97098119,1.01246886,0.99513709,,,,,,,,,,,,,
2011-05-19,,5.817599,7.815958754,,,,1.111645,1.704411236,1.44004185,1166.6451726,0.9940961,1.3396272,1.27999589,12.411518,17.243144,10334.01123272,0.96235176,1.00656829,0.99065969,,,,,,,,,,,,,
2011-05-20,,5.798169,7.790799417,,,,1.118089,1.712228979,1.44522229,1170.4615819,0.9972145,1.3439193,1.28543724,12.403293,17.284553,10360.60045914,0.96654741,1.01177544,0.9786646,,,,,,,,,,,,,
2011-05-23,,5.733553,7.704960523,,,,1.114092,1.697483789,1.43182704,1155.5691452,0.9844152,1.3248837,1.27808658,12.236865,17.09832,10354.18700962,0.96140985,1.00148496,0.96428546,,,,,,,,,,,,,
2011-05-24,,5.787252,7.778003737,,,,1.130739,1.717079153,1.43999396,1162.7831022,0.9904251,1.3330662,1.28749126,12.37342,17.348055,10355.10223158,0.96903308,1.01029174,0.98900557,,,,,,,,,,,,,
2011-05-25,,5.814792,7.815944979,,,,1.134132,1.730068541,1.4474746,1169.0406287,0.9956207,1.3401534,1.29331342,12.432173,17.363991,10376.89652567,0.97338975,1.00895387,0.97942731,,,,,,,,,,,,,
2011-05-26,,5.840417,7.851320423,,,,1.149192,1.740870121,1.45783646,1171.4618159,0.9975285,1.3428361,1.3021997,12.561535,17.477406,10407.65428579,0.98094889,1.01206563,0.98959773,,,,,,,,,,,,,
2011-05-27,,5.863517,7.883310123,,,,1.151398,1.742752624,1.46185599,1175.004755,1.0004138,1.3468151,1.30113435,12.603061,17.522582,10393.93978825,0.9806621,1.01475078,1.00509517,,,,,,,,,,,,,
2011-05-30,,5.886863,7.915638943,,,,1.146187,1.73996503,1.46911968,1175.9057118,1.001051,1.3477692,1.30505106,12.607643,17.52909,10449.51426394,0.98290124,1.01592133,1.00195966,,,,,,,,,,,,,
2011-05-31,,5.964196,8.020530743,,,,1.15647,1.772002209,1.4844218,1195.8495852,1.0178897,1.3705249,1.32140172,12.763115,17.795624,10520.95056886,0.99553714,1.02833521,1.02440623,,,,,,,,,,,,,
2011-06-01,,5.860849,7.882596865,,,,1.137491,1.759883227,1.44915814,1173.3179345,0.9985882,1.3446499,1.30627687,12.545568,17.572611,10371.08674257,0.98329729,1.02485986,1.02011419,,,,,,,,,,,,,
2011-06-02,,5.877545,7.905975601,,,,1.151224,1.762785934,1.44835819,1179.7283909,1.00357,1.3519011,1.3110374,12.639122,17.559863,10476.70996322,0.9871441,1.03114214,1.01049224,,,,,,,,,,,,,
2011-06-03,,5.927387,7.973942909,,,,1.151658,1.765096135,1.4563016,1187.9195187,1.0103882,1.3611879,1.31529479,12.71428,17.678842,10587.22193166,0.99042311,1.03262529,1.01487524,,,,,,,,,,,,,
2011-06-06,,5.889296,7.923696844,,,,1.128079,1.747249153,1.4594294,1167.2508519,0.9927245,1.3374875,1.30621094,12.544762,17.50349,10487.97980622,0.98243604,1.02558639,1.00593127,,,,,,,,,,,,,
2011-06-07,,5.917598,7.96270499,,,,1.133001,1.752930691,1.46567364,1173.0316612,0.9974835,1.3440191,1.31314101,12.605528,17.609956,10462.57995138,0.98779242,1.03244477,1.01517779,,,,,,,,,,,,,
2011-06-08,,5.89996,7.939952603,,,,1.129816,1.752338805,1.45299409,1168.1157138,0.993168,1.3383204,1.30393894,12.52875,17.491219,10410.11273201,0.98148732,1.02536728,0.99413207,,,,,,,,,,,,,
2011-06-09,,5.910214,7.954704544,,,,1.137148,1.755930093,1.45610101,1172.8968925,0.997079,1.3437091,1.31422895,12.604325,17.593291,10442.89161396,0.98828429,1.02556749,1.00454545,,,,,,,,,,,,,
2011-06-10,,5.877351,7.911459137,,,,1.124288,1.741656182,1.44580229,1156.7108648,0.983203,1.3251247,1.30193169,12.480211,17.482237,10386.18866656,0.97872313,1.02286821,1.00297465,,,,,,,,,,,,,
2011-06-13,,5.846465,7.870858405,,,,1.112351,1.740414939,1.44025776,1152.9348629,0.9798559,1.3207301,1.30226594,12.406063,17.402483,10356.47759031,0.97780722,1.01946568,1.00286405,,,,,,,,,,,,,
2011-06-14,,5.862701,7.893651021,,,,1.115086,1.736319732,1.42932762,1146.1766507,0.9739793,1.3129259,1.30525935,12.354304,17.333571,10343.76226753,0.97972929,1.02228781,1.0037652,,,,,,,,,,,,,
2011-06-15,,5.813945,7.828996033,,,,1.108505,1.735382394,1.40108926,1133.8043073,0.9633408,1.2987031,1.29614468,12.258425,17.244824,10255.67740653,0.97279684,1.01280635,1.00396736,,,,,,,,,,,,,
2011-06-16,,5.723734,7.708525299,,,,1.097358,1.719740261,1.4015986,1120.060097,0.9515395,1.2829124,1.28760414,12.089346,17.042247,10239.20701965,0.96594746,0.99672436,0.99470651,,,,,,,,,,,,,
2011-06-17,,5.702295,7.680568243,,,,1.098283,1.723385231,1.40020141,1121.5475615,0.9526605,1.2845374,1.27845387,12.050449,16.934131,10217.27344568,0.95994729,0.99167343,0.99276345,,,,,,,,,,,,,
2011-06-20,,5.694269,7.670689378,,,,1.099505,1.717819156,1.39286864,1113.4133451,0.9456193,1.2751614,1.27049213,12.058436,16.861851,10280.31591281,0.95493148,0.99091962,0.98779973,,,,,,,,,,,,,
2011-06-21,,5.724851,7.712789013,,,,1.103943,1.728537926,1.39604097,1118.5788366,0.949861,1.280992,1.27878001,12.154108,16.987555,10296.77964441,0.96102765,0.99847279,1.00472418,,,,,,,,,,,,,
2011-06-22,,5.673328,7.644349997,,,,1.099427,1.720108367,1.39636556,1110.2822574,0.9426822,1.2714305,1.27131967,12.020605,16.817172,10224.8741419,0.95571091,0.98710821,1.00051773,,,,,,,,,,,,,
2011-06-24,,5.678882,7.65274582,,,,1.097445,1.712944689,1.4055427,1107.0941259,0.9398377,1.2677101,1.27702357,11.962844,16.894611,10317.00994654,0.95881248,0.98771603,1.01308591,,,,,,,,,,,,,
2011-06-27,,5.669687,7.641287131,,,,1.098497,1.700910354,1.42092613,1113.8189012,0.9454027,1.2753238,1.27684693,11.995673,16.822686,10248.46680623,0.95865312,0.98297053,1.01616938,,,,,,,,,,,,,
2011-06-28,,5.731215,7.725090246,,,,1.118544,1.715086237,1.45199842,1126.2436047,0.9558023,1.2894542,1.29053347,12.157088,16.926163,10315.71212589,0.96930116,0.99279408,1.02932213,,,,,,,,,,,,,
2011-06-29,,5.709724,7.697082537,,,,1.119823,1.710609113,1.45213328,1129.3295071,0.9582788,1.2929065,1.2911563,12.148609,16.924361,10330.76654076,0.97010574,0.9959624,1.02904471,,,,,,,,,,,,,
2011-06-30,,5.737345,7.73522646,,,,1.119697,1.717620641,1.45327879,1128.2248908,0.9572002,1.2915674,1.29043827,12.166798,16.973675,10385.07747453,0.96968675,1.00222689,1.05234437,,,,,,,,,,,,,
2011-07-01,,5.78764,7.803936017,,,,1.137387,1.724044714,1.46143245,1135.9120194,0.9635801,1.3002806,1.30881658,12.323035,17.059732,10397.85987135,0.98353468,1.00847415,1.03016732,,,,,,,,,,,,,
2011-07-04,,5.809902,7.834885085,,,,1.147323,1.727815283,1.46788944,1145.3199184,0.9710662,1.310947,1.3180325,12.381831,17.117309,10400.88586102,0.99042179,1.01024182,1.01311371,,,,,,,,,,,,,
2011-07-05,,5.76528,7.775693115,,,,1.132586,1.723342517,1.46490311,1133.8800247,0.9612515,1.2978072,1.3089605,12.335483,17.060951,10365.30662761,0.98328857,1.00071621,0.99625811,,,,,,,,,,,,,
2011-07-06,,5.720783,7.71664341,,,,1.121943,1.718450005,1.46772666,1131.5745812,0.9591607,1.2950985,1.30545051,12.24059,16.989321,10342.42864465,0.9803869,0.99445458,0.9942461,,,,,,,,,,,,,
2011-07-07,,5.702136,7.69242842,,,,1.116423,1.712784852,1.47501505,1129.3161058,0.9571098,1.2924435,1.30891155,12.241634,16.950007,10303.64376897,0.98253782,0.98987527,0.99604725,,,,,,,,,,,,,
2011-07-08,,5.648808,7.621453805,,,,1.104806,1.702201519,1.46317121,1118.8210139,0.9483749,1.2803833,1.29178787,12.120937,16.774143,10288.66099864,0.96984863,0.98159253,0.9726935,,,,,,,,,,,,,
2011-07-11,,5.519983,7.448651529,,,,1.082012,1.679437056,1.41124019,1086.5879571,0.920982,1.2435013,1.27054119,11.940727,16.482863,10129.41181738,0.95327794,0.96206639,0.95391948,,,,,,,,,,,,,
2011-07-12,,5.484703,7.401951704,,,,1.070885,1.672235627,1.41054798,1079.8783064,0.9151715,1.2357656,1.26320416,11.874098,16.461349,10115.39863385,0.94710412,0.95238578,0.94906527,,,,,,,,,,,,,
2011-07-13,,5.572283,7.520966667,,,,1.084746,1.693907632,1.42938719,1092.0388757,0.925316,1.2495778,1.27192924,12.038914,16.73285,10217.25003191,0.95343475,0.97240319,0.9760008,,,,,,,,,,,,,
2011-07-14,,5.49678,7.420033787,,,,1.063251,1.680787357,1.39928848,1076.7937713,0.9122885,1.2320954,1.25911876,11.907382,16.526771,10129.87015001,0.9438714,0.95901135,0.95750783,,,,,,,,,,,,,
2011-07-15,,5.475294,7.391930061,,,,1.059998,1.671209369,1.39937478,1072.1568627,0.9082312,1.226727,1.25725767,11.834496,16.330777,10119.46417101,0.94191253,0.95201073,0.9604585,,,,,,,,,,,,,
2011-07-18,,5.386907,7.273557316,,,,1.049345,1.641183507,1.39476252,1051.3314345,0.8904873,1.2028733,1.247769,11.666786,16.029783,10043.55238744,0.93490127,0.92960729,0.96055882,,,,,,,,,,,,,
2011-07-19,,5.378799,7.263479297,,,,1.053583,1.638215698,1.38413644,1051.9547425,0.8908796,1.2035126,1.24226373,11.678284,15.968701,10033.5646089,0.93219381,0.9241418,0.95230018,,,,,,,,,,,,,
2011-07-20,,5.38912,7.278284343,,,,1.055363,1.645543618,1.38941975,1049.9390823,0.8890407,1.2011385,1.23653829,11.709025,16.004971,9998.13103001,0.92826334,0.93314588,0.93865576,,,,,,,,,,,,,
2011-07-21,,5.483376,7.406387939,,,,1.075445,1.663276005,1.4016613,1073.7346527,0.909025,1.228238,1.27418574,11.888354,16.282188,10175.25670751,0.95446802,0.94271272,0.94601903,,,,,,,,,,,,,
2011-07-22,,5.514283,7.449018392,,,,1.077027,1.670791265,1.39778312,1088.3767939,0.9212934,1.2448973,1.27349561,11.908075,16.406293,10104.41428654,0.95398032,0.95406016,0.9505917,,,,,,,,,,,,,
2011-07-25,,5.47273,7.393823455,,,,1.069769,1.666083115,1.38966002,1085.4775129,0.9187043,1.2415126,1.26689985,11.840944,16.30321,10011.98941802,0.94885841,0.94692446,0.9501089,,,,,,,,,,,,,
2011-07-26,,5.418088,7.320929198,,,,1.056502,1.652161048,1.37436192,1076.03649,0.9105855,1.2306579,1.25146303,11.7733,16.229529,10053.87565648,0.93707965,0.93897765,0.94120971,,,,,,,,,,,,,
2011-07-27,,5.288882,7.147317231,,,,1.038851,1.631635492,1.34535419,1038.5885552,0.8787944,1.1878226,1.23515195,11.611834,16.028611,9933.24304435,0.92456159,0.92234868,0.92984251,,,,,,,,,,,,,
2011-07-28,,5.319946,7.190114997,,,,1.043598,1.639428674,1.35254199,1040.4127324,0.8802015,1.1898338,1.23644916,11.656648,16.064438,9923.92436251,0.92546723,0.92824721,0.93534098,,,,,,,,,,,,,
2011-07-29,,5.363197,7.249405826,,,,1.043356,1.648865267,1.35966605,1052.7173882,0.8904672,1.2038126,1.2307569,11.685113,16.132681,9921.24148084,0.9208563,0.93586577,0.93936271,,,,,,,,,,,,,
2011-08-01,,5.329512,7.20478442,,,,1.038521,1.640648699,1.36100941,1047.4407478,0.8858752,1.1977169,1.22916666,11.597146,15.994408,9826.68672068,0.91960171,0.93649048,0.93232095,,,,,,,,,,,,,
2011-08-02,,5.207219,7.040423438,,,,1.014253,1.612029974,1.34303895,1034.089093,0.8745072,1.1824216,1.20229754,11.225011,15.666819,9817.6688497,0.89830051,0.92453975,0.91294712,,,,,,,,,,,,,
2011-08-03,,5.079019,6.868026312,,,,0.990618,1.580958772,1.31424327,1006.8898459,0.8514862,1.1513364,1.17064354,11.080585,15.281083,9549.74596185,0.87447027,0.90765418,0.88935349,,,,,,,,,,,,,
2011-08-04,,4.773824,6.456391827,,,,0.939104,1.510349562,1.26034576,948.5116085,0.802182,1.0846785,1.09539039,10.476181,14.523633,9122.67235889,0.81765554,0.86652924,0.82875573,,,,,,,,,,,,,
2011-08-05,,4.806932,6.501871614,,,,0.940673,1.517937828,1.27678727,943.7660588,0.7980646,1.079201,1.10878471,10.494785,14.519691,9014.7891879,0.82853911,0.85416228,0.83132082,,,,,,,,,,,,,
2011-08-08,,4.451521,6.022244004,,,,0.864456,1.438256383,1.19735371,881.770586,0.7457692,1.0084419,1.02670826,9.672035,13.470666,8148.63380327,0.7674236,0.80264938,0.7643788,,,,,,,,,,,,,
2011-08-09,,4.627771,6.261185996,,,,0.912154,1.485856032,1.21390668,906.1349419,0.7661547,1.0361614,1.06115749,10.185726,13.987545,8145.34761601,0.79414282,0.8448138,0.79312494,,,,,,,,,,,,,
2011-08-10,,4.64116,6.280071804,,,,0.914149,1.494386336,1.22746321,915.5752478,0.7739789,1.046862,1.06972044,10.155507,14.06382,8098.08009858,0.80021506,0.85184701,0.78123961,,,,,,,,,,,,,
2011-08-11,,4.850261,6.563584443,,,,0.949335,1.534746752,1.2875582,973.0848682,0.8222548,1.1123754,1.11702924,10.625273,14.649188,8351.26237224,0.83534575,0.8765839,0.79196436,,,,,,,,,,,,,
2011-08-12,,4.818134,6.520968022,,,,0.952394,1.532302608,1.28925002,967.1482717,0.8171331,1.1055388,1.12352096,10.655709,14.760197,8272.5624653,0.84123354,0.88179159,0.80137141,,,,,,,,,,,,,
2011-08-15,,4.932113,6.675909928,,,,0.976634,1.558300149,1.31878059,989.3910259,0.835726,1.1308352,1.14182098,10.878652,15.050599,8421.62741684,0.8541727,0.8993344,0.83979125,,,,,,,,,,,,,
2011-08-16,,4.916523,6.655650227,,,,0.967384,1.552299892,1.30430126,989.60172,0.8357761,1.1310075,1.13228667,10.801476,15.052832,8284.18680245,0.84616076,0.9079406,0.84094613,,,,,,,,,,,,,
2011-08-17,,4.960112,6.715441607,,,,0.981402,1.55793568,1.29467146,992.6349373,0.8382015,1.1343983,1.13547514,10.841586,15.135229,8189.19183128,0.85049276,0.90823633,0.84742625,,,,,,,,,,,,,
2011-08-18,,4.858435,6.578694287,,,,0.946716,1.537158899,1.26372157,964.3282979,0.8142528,1.1020522,1.10665408,10.556811,14.847133,7920.90045714,0.82834268,0.90183156,0.83728958,,,,,,,,,,,,,
2011-08-19,,4.836548,6.549858974,,,,0.932521,1.53243112,1.26005443,963.8893636,0.8137583,1.1014849,1.10130186,10.475897,14.685748,7923.74374722,0.82340419,0.89045585,0.85505797,,,,,,,,,,,,,
2011-08-22,,4.861674,6.58465358,,,,0.929863,1.530278497,1.24706348,962.0991573,0.8121267,1.0993768,1.10237281,10.439758,14.561583,7900.24634166,0.82405902,0.88766849,0.87608617,,,,,,,,,,,,,
2011-08-23,,4.923094,6.668587825,,,,0.949839,1.550382421,1.26155356,964.6211526,0.8141242,1.1021859,1.11226519,10.659883,14.738525,7906.21011843,0.83216719,0.89433821,0.89080394,,,,,,,,,,,,,
2011-08-24,,4.946312,6.700832921,,,,0.949283,1.546890101,1.27266281,969.1944871,0.8178478,1.1073341,1.11920612,10.641254,14.735632,7831.94816395,0.83664581,0.89559668,0.89226248,,,,,,,,,,,,,
2011-08-25,,4.894759,6.631857505,,,,0.935257,1.530929587,1.27475718,966.5165639,0.8154687,1.1042135,1.1127564,10.534455,14.620496,7732.99089272,0.83110679,0.8892695,0.89203503,,,,,,,,,,,,,
2011-08-26,,4.907669,6.6501334,,,,0.944772,1.54610449,1.26503149,964.0725166,0.8132867,1.1013596,1.12247127,10.629544,14.647029,7725.84443975,0.83857828,0.89515386,0.90452819,,,,,,,,,,,,,
2011-08-29,,5.060546,6.857957568,,,,0.971964,1.582235634,1.30544534,1012.0036578,0.8534979,1.1559486,1.15830931,10.957925,15.08269,7958.83189276,0.86511482,0.91587636,0.92372341,,,,,,,,,,,,,
2011-08-30,,5.140742,6.967422047,,,,0.984624,1.597554462,1.32501132,1029.924528,0.86845,1.1763148,1.17909766,11.106419,15.262461,8060.79390486,0.87986414,0.92667034,0.92631203,,,,,,,,,,,,,
2011-08-31,,5.258944,7.128379378,,,,1.004293,1.628649881,1.34533392,1051.7737619,0.8867066,1.2011597,1.20959938,11.359646,15.688716,8341.00325053,0.90154441,0.95469043,0.97197444,,,,,,,,,,,,,
2011-09-01,,5.398711,7.318599557,,,,1.033802,1.663740005,1.36406721,1077.8339686,0.9085021,1.2308037,1.25193941,11.572155,16.07175,8589.33362102,0.93300386,0.97489825,0.96281538,,,,,,,,,,,,,
2011-09-02,,5.281032,7.16007997,,,,1.007612,1.642216633,1.34965627,1052.9624587,0.887434,1.2023693,1.23238703,11.320236,15.873031,8455.37323953,0.91733144,0.96832418,0.95812448,,,,,,,,,,,,,
2011-09-05,,5.117212,6.938965796,,,,0.980552,1.617173115,1.32876914,1022.4268742,0.8616889,1.1675213,1.21162648,11.090992,15.568561,8281.58923672,0.90039933,0.94676637,0.94045123,,,,,,,,,,,,,
2011-09-06,,5.223913,7.084363868,,,,1.0048,1.635617626,1.33603399,1042.7541663,0.8786041,1.1906001,1.23162486,11.214674,15.747116,8485.52540882,0.91531985,0.9570625,0.9382979,,,,,,,,,,,,,
2011-09-08,,5.30204,7.191123431,,,,1.022305,1.6591699,1.34833781,1056.2368438,0.8897772,1.2058829,1.24644665,11.418234,16.03064,8645.60585923,0.92715675,0.97161432,0.94465413,,,,,,,,,,,,,
2011-09-09,,5.186116,7.034884707,,,,0.992284,1.628418208,1.33454516,1035.8162777,0.872515,1.1825543,1.22685903,11.092443,15.693098,8499.29070303,0.91187085,0.951826,0.94286092,,,,,,,,,,,,,
2011-09-12,,5.138623,6.971338697,,,,0.992065,1.617437241,1.330317,1030.1113891,0.8675798,1.1759773,1.22576791,10.948235,15.528207,8493.63956428,0.91082175,0.94014304,0.91678128,,,,,,,,,,,,,
2011-09-13,,5.094307,6.912097631,,,,0.990452,1.605888982,1.33155306,1021.034001,0.8598068,1.1655548,1.23131717,10.824897,15.316487,8512.28570814,0.91373001,0.93495388,0.92324232,,,,,,,,,,,,,
2011-09-14,,5.127379,6.957771855,,,,1.0003,1.614308248,1.33445845,1024.9829171,0.8629974,1.1699869,1.24224119,10.869632,15.349934,8474.05209853,0.92239257,0.94491353,0.93674318,,,,,,,,,,,,,
2011-09-15,,5.155603,6.996895231,,,,1.003337,1.610082108,1.35134754,1034.6904013,0.871034,1.1809854,1.24564301,10.967679,15.461773,8547.77597723,0.92538497,0.94569559,0.93981631,,,,,,,,,,,,,
2011-09-16,,5.226624,7.094068459,,,,1.014487,1.622976948,1.38123285,1045.7541797,0.8802113,1.1935301,1.24506926,11.09186,15.678716,8708.86061391,0.9259066,0.94641825,0.94775465,,,,,,,,,,,,,1.0
2011-09-19,,5.189077,7.044012561,,,,1.012029,1.620108811,1.38827714,1039.2678086,0.8746176,1.1860615,1.23589957,10.984865,15.634165,8700.34834412,0.91987984,0.93987028,0.9478389,,,,,,,,,,,,,0.999228
2011-09-20,,5.135448,6.972109735,,,,1.002694,1.602082628,1.36900173,1015.774738,0.8547116,1.1592001,1.2241149,10.768293,15.341329,8497.60310719,0.91014835,0.92579535,0.94531011,,,,,,,,,,,,,0.982561
2011-09-21,,5.086434,6.906448963,,,,0.996175,1.593481655,1.36208022,1006.4243679,0.8467101,1.1484669,1.21466528,10.520904,15.18633,8384.27366797,0.90277837,0.92011123,0.95027089,,,,,,,,,,,,,0.974173
2011-09-22,,4.87894,6.625708558,,,,0.953582,1.550938486,1.31677869,964.1093793,0.8109665,1.100144,1.16232232,10.095798,14.50692,7958.67316823,0.86399579,0.87160469,0.90577511,,,,,,,,,,,,,0.926212
2011-09-23,,4.869105,6.613133665,,,,0.951614,1.563439287,1.32964061,973.9070406,0.8190842,1.1112481,1.17312686,10.265901,14.652123,8041.87721967,0.87177164,0.8803031,0.89909041,,,,,,,,,,,,,0.930121
2011-09-26,,4.905243,6.662984736,,,,0.960492,1.568361759,1.32821211,973.595837,0.8186934,1.1108244,1.17315548,10.396648,14.815462,7992.43109873,0.87271515,0.8829668,0.90017888,,,,,,,,,,,,,0.938336
2011-09-27,,4.940332,6.711430051,,,,0.966316,1.580120439,1.34369656,986.9210233,0.8291373,1.1250812,1.17465698,10.554559,14.9779,7976.09902951,0.87448085,0.89653877,0.90725836,,,,,,,,,,,,,0.941535
2011-09-28,,4.898527,6.655500258,,,,0.953935,1.570105787,1.33072535,974.8474681,0.8207362,1.1138047,1.16192343,10.325758,14.829895,7884.91569237,0.86493169,0.88012866,0.90780108,,,,,,,,,,,,,0.930496
2011-09-29,,4.921901,6.688036722,,,,0.957242,1.57830214,1.34721822,982.096075,0.8254595,1.1203104,1.16737737,10.394091,14.907726,7903.02889223,0.86817122,0.88079534,0.88506335,,,,,,,,,,,,,0.93039
2011-09-30,,4.882232,6.634987929,,,,0.941877,1.567971041,1.33961362,972.5043839,0.8172578,1.1093036,1.15604806,10.284029,14.809364,7841.70625497,0.85907238,0.87092631,0.89020189,,,,,,,,,,,,,0.922276
2011-10-03,,4.747714,6.453131372,,,,0.918051,1.529101288,1.31411887,948.2054462,0.7966775,1.0815253,1.11781581,9.986374,14.382726,7643.16920282,0.83115842,0.83867715,0.86881545,,,,,,,,,,,,,0.896837
2011-10-04,,4.668489,6.346314822,,,,0.916368,1.535867976,1.29583069,936.6310883,0.7868081,1.068258,1.09298087,9.914181,14.096949,7690.3499209,0.81338321,0.83561635,0.85955493,,,,,,,,,,,,,0.883874
2011-10-05,,4.695626,6.383955949,,,,0.922152,1.541604165,1.30494927,946.3555667,0.7948334,1.079263,1.09672539,10.047205,14.19077,7830.24962298,0.81694388,0.84230197,0.85594189,,,,,,,,,,,,,0.891945
2011-10-06,,4.792923,6.51694162,,,,0.944948,1.561864429,1.34065316,975.1004262,0.8188041,1.1119262,1.1324479,10.355512,14.599205,7902.25996627,0.84312929,0.8628254,0.87898476,,,,,,,,,,,,,0.912798
2011-10-07,,4.739871,6.44569074,,,,0.92888,1.554496945,1.35194016,967.9515765,0.81268,1.1037159,1.12800983,10.24568,14.550027,7823.19333709,0.83820484,0.85644634,0.88308328,,,,,,,,,,,,,0.906137
2011-10-10,,4.845353,6.589826051,,,,0.958203,1.58844634,1.35940109,990.6202397,0.8315547,1.1294592,1.1544498,10.468056,14.885151,8065.82574128,0.85950607,0.87600529,0.86611182,,,,,,,,,,,,,0.925365
2011-10-11,,4.849288,6.596014985,,,,0.969859,1.589162604,1.37401701,992.3303277,0.8328564,1.1313359,1.16642115,10.551688,14.930655,8089.41916737,0.86792566,0.87698724,0.87801861,,,,,,,,,,,,,0.933915
2011-10-13,,4.884188,6.644279874,,,,0.983664,1.59774147,1.38743916,1009.8013493,0.8473715,1.1511595,1.16767262,10.678117,15.185771,8180.11334107,0.87009163,0.8867493,0.88378733,,,,,,,,,,,,,0.943113
2011-10-14,,4.94033,6.721431503,,,,0.990802,1.604428176,1.41049067,1029.2491985,0.8635426,1.1732333,1.17578994,10.85568,15.345591,8286.48604302,0.87595744,0.89737485,0.88740381,,,,,,,,,,,,,0.95506
2011-10-17,,4.86507,6.619962039,,,,0.970293,1.594451232,1.3931615,1012.1050493,0.8490342,1.153639,1.15908935,10.64021,15.143229,8155.71582827,0.86303424,0.89251216,0.87106447,,,,,,,,,,,,,0.939988
2011-10-18,,4.961359,6.751699823,,,,0.985263,1.617696729,1.41112687,1027.5475955,0.8618471,1.1711519,1.16816323,10.863642,15.352746,8339.48047323,0.87022525,0.90908867,0.8893,,,,,,,,,,,,,0.957275
2011-10-19,,4.977868,6.7750077,,,,0.988203,1.628724109,1.38429617,1028.3436355,0.8623794,1.1719861,1.16286293,10.914812,15.509382,8251.39316661,0.86649555,0.91089612,0.87610816,,,,,,,,,,,,,0.96213
2011-10-20,,4.945036,6.731202786,,,,0.971911,1.620625053,1.37909829,1017.4935963,0.8531479,1.159559,1.15108759,10.786521,15.36317,8128.71285161,0.85733388,0.90973556,0.86756455,,,,,,,,,,,,,0.949808
2011-10-21,,5.015479,6.827853144,,,,0.992312,1.631152558,1.40544614,1030.2435621,0.8636583,1.1739801,1.17197263,10.980418,15.518729,8240.6947159,0.87252629,0.92631487,0.88006113,,,,,,,,,,,,,0.963212
2011-10-24,,5.040931,6.86333908,,,,1.017388,1.635566664,1.40657711,1043.481969,0.8746217,1.1889823,1.18160588,11.127778,15.623176,8369.68812995,0.88091591,0.93788535,0.88025921,,,,,,,,,,,,,0.97063
2011-10-25,,5.011131,6.823656284,,,,1.008899,1.626820284,1.38282396,1037.2954164,0.8692988,1.1818647,1.18889603,11.027245,15.581306,8316.81918795,0.88450973,0.93418719,0.8847697,,,,,,,,,,,,,0.965265
2011-10-26,,5.036891,6.859553314,,,,1.024347,1.635183929,1.39962105,1049.8145659,0.8796587,1.1960477,1.19321344,11.134191,15.647987,8387.82097493,0.88830969,0.94744281,0.88676615,,,,,,,,,,,,,0.972785
2011-10-27,,5.13714,6.996833532,,,,1.059574,1.666965231,1.438306,1078.1913223,0.9033122,1.228287,1.23393767,11.389082,15.949278,8641.09477881,0.91938573,0.97116613,0.90385879,,,,,,,,,,,,,0.999237
2011-10-28,,5.16348,7.03356942,,,,1.062184,1.665215568,1.43326808,1087.8099929,0.911237,1.2391653,1.22710707,11.515474,16.175233,8749.3564992,0.9141484,0.97476499,0.91579885,,,,,,,,,,,,,1.000368
2011-10-31,,5.093058,6.938596933,,,,1.043192,1.662967019,1.4287325,1076.8107745,0.9018755,1.2265656,1.21781967,11.236662,15.961214,8562.13711989,0.90681645,0.9694489,0.91187213,1.0,,,,,,,,,,,,0.988122
2011-11-01,,5.016559,6.83531251,,,,1.026343,1.64454513,1.41334935,1044.2691242,0.8744615,1.1894395,1.20275914,10.997674,15.702829,8372.90355469,0.8950044,0.95001564,0.90618005,0.9805672,,,,,,,,,,,,0.965408
2011-11-03,,5.045141,6.875064477,,,,1.042041,1.657953814,1.42095455,1051.1919733,0.880118,1.1972531,1.20842992,11.147784,15.813305,8341.34303089,0.89960251,0.96169172,0.921174,0.9895395,,,,,,,,,,,,0.97176
2011-11-04,,5.042745,6.872663293,,,,1.048708,1.66230747,1.42634774,1051.4680451,0.8802188,1.1974977,1.20367405,11.083949,15.733461,8297.11994549,0.8970983,0.96089579,0.90023956,0.990301,,,,,,,,,,,,0.973207
2011-11-07,,5.047478,6.879965673,,,,1.057935,1.67373498,1.4284401,1056.0375695,0.883908,1.2026312,1.21107779,11.143844,15.887652,8320.28791444,0.9022426,0.96474048,0.90527591,0.9945576,,,,,,,,,,,,0.97611
2011-11-08,,5.004741,6.822615958,,,,1.05214,1.667249969,1.42499365,1050.1889627,0.8788897,1.1959014,1.19879489,11.121292,15.853565,8274.88676342,0.89332509,0.95937883,0.90349449,0.9912634,,,,,,,,,,,,0.969305
2011-11-09,,4.919178,6.706907501,,,,1.030299,1.654723103,1.41562082,1025.3431333,0.8579951,1.1675397,1.17111852,10.824945,15.596505,8050.16192682,0.87234277,0.94513694,0.8973981,0.9738697,,,,,,,,,,,,0.951405
2011-11-10,,4.913246,6.69965019,,,,1.025712,1.659857902,1.39964405,1016.2850591,0.8502971,1.1571567,1.16739261,10.829597,15.521329,7903.08882989,0.86910526,0.94378659,0.90392145,0.973437,,,,,,,,,,,,0.948162
2011-11-11,,5.003309,6.823194139,,,,1.046305,1.68542979,1.41060536,1034.1469674,0.8650983,1.1774279,1.19100581,11.024141,15.803366,8137.69704525,0.8866989,0.9603477,0.92588808,0.9912222,,,,,,,,,,,,0.966762
2011-11-14,,5.006802,6.828819683,,,,1.037811,1.685204376,1.39262833,1023.2829773,0.8558903,1.164988,1.18766726,11.052525,15.834791,8155.37312119,0.88376692,0.96350888,0.91649941,0.9920527,,,,,,,,,,,,0.968373
2011-11-16,,4.994237,6.812548094,,,,1.043302,1.688115462,1.38914003,1018.1936738,0.8515094,1.1591243,1.18734651,11.070482,15.786319,8064.73134783,0.88384369,0.96483395,0.9035264,0.9925195,,,,,,,,,,,,0.966912
2011-11-17,,4.90676,6.694166075,,,,1.017386,1.662961872,1.3712465,1004.4654708,0.8399079,1.1434238,1.17180023,10.754804,15.51424,8013.79813154,0.87040692,0.95047236,0.90174344,0.9741812,,,,,,,,,,,,0.949109
2011-11-18,,4.86608,6.639534687,,,,1.012881,1.663590871,1.35963149,989.2159452,0.827036,1.1259915,1.15790932,10.70901,15.39095,7981.83159527,0.86022186,0.94614811,0.89770057,0.9653986,,,,,,,,,,,,0.941662
2011-11-21,,4.811722,6.566247079,,,,1.002348,1.654680209,1.35021738,976.0297308,0.81589,1.1109094,1.14621773,10.575384,15.233199,7797.1763048,0.85221033,0.93557975,0.8894451,0.9553899,,,,,,,,,,,,0.932535
2011-11-22,,4.799273,6.550085147,,,,0.996565,1.648124134,1.34096425,963.8617274,0.8055961,1.0969874,1.14603498,10.471234,15.12103,7843.87122718,0.85131069,0.92955696,0.89355415,0.9539643,,,,,,,,,,,,0.924865
2011-11-23,,4.753015,6.487819641,,,,0.982716,1.634321513,1.31883971,953.1437381,0.7965153,1.084717,1.12739005,10.245488,14.925571,7613.64018469,0.83704461,0.91480445,0.86876602,0.9415039,,,,,,,,,,,,0.914117
2011-11-24,,4.799733,6.552339668,,,,0.989283,1.649669755,1.33047196,962.683159,0.8043671,1.0955142,1.1351332,10.372112,15.107279,7576.37704392,0.84285186,0.92151219,0.87680026,0.9504369,,,,,,,,,,,,0.91858
2011-11-25,,4.802645,6.557138753,,,,0.98419,1.649124351,1.32471746,968.1856755,0.808844,1.1017142,1.14458524,10.444592,15.114999,7663.13702211,0.84887624,0.92029621,0.87473164,0.9507701,,,,,,,,,,,,0.924009
2011-11-28,,4.832574,6.598787778,,,,0.999373,1.670080995,1.32102517,960.1595491,0.8020127,1.0925088,1.16014704,10.506456,15.236452,7838.77203607,0.86030432,0.93765817,0.86467224,0.9611486,,,,,,,,,,,,0.931058
2011-11-29,,4.797225,6.551389442,,,,0.990893,1.661189909,1.31622691,958.2456577,0.800291,1.0902639,1.15559124,10.401826,15.169261,7865.6870908,0.85572468,0.93120209,0.86163697,0.960092,,,,,,,,,,,,0.924379
2011-11-30,,4.936414,6.742124722,,,,1.022451,1.67890052,1.35318217,980.7751857,0.819,1.1158527,1.17423222,10.622226,15.620306,7792.4308461,0.87100406,0.93747533,0.87846288,0.9824945,,,,,,,,,,,,0.946968
2011-12-01,,5.012137,6.846324896,,,,1.043834,1.690402407,1.34148081,997.313265,0.8327239,1.1346306,1.18959472,10.800372,15.752842,7777.9605327,0.88287768,0.94086173,0.89823516,0.9962745,,,,,,,,,,,,0.961852
2011-12-02,,5.0001,6.830765078,,,,1.039433,1.680789295,1.33866209,999.9794318,0.8348416,1.1376067,1.18780893,10.767344,15.688989,7786.31937011,0.88111304,0.93529043,0.88792329,0.9883138,,,,,,,,,,,,0.958773
2011-12-05,,5.099405,6.967163697,,,,1.056496,1.702617231,1.34183292,1005.6521634,0.8394599,1.1439999,1.19903277,10.93457,15.823388,7895.61362188,0.89010849,0.95674446,0.89754746,0.9923618,,,,,,,,,,,,0.972064
2011-12-06,,5.131485,7.011840807,,,,1.063058,1.710489775,1.33345158,1011.1226357,0.8439095,1.1501632,1.21140319,11.009322,15.904932,7869.35006341,0.89918815,0.96532793,0.88881292,0.9989513,,,,,,,,,,,,0.976764
2011-12-07,,5.111962,6.986063813,,,,1.04926,1.700828259,1.32415321,1001.0951683,0.8354511,1.1387019,1.20235353,10.896074,15.725723,7757.45940859,0.89253035,0.95182081,0.87743692,0.9920066,,,,,,,,,,,,0.970764
2011-12-08,,5.05632,6.910954849,,,,1.029523,1.68588332,1.31013315,986.3417723,0.8230514,1.1218635,1.19823041,10.69699,15.573418,7684.30070791,0.88831738,0.94400155,0.88025447,0.9789913,,,,,,,,,,,,0.958929
2011-12-09,,5.080665,6.945051773,,,,1.040957,1.695305695,1.30965902,994.085779,0.8293705,1.1306,1.20368436,10.782894,15.592226,7759.10578977,0.89281352,0.94685967,0.88932806,0.9845561,,,,,,,,,,,,0.968005
2011-12-12,,5.070345,6.931826233,,,,1.027365,1.682009281,1.31562798,990.4861694,0.8262512,1.1264411,1.20852866,10.618768,15.510823,7720.39813143,0.89526571,0.94026337,0.88762801,0.9789225,,,,,,,,,,,,0.960222
2011-12-13,,5.066682,6.927679857,,,,1.027701,1.678606894,1.32051125,996.8535079,0.8314182,1.1336093,1.21977498,10.56729,15.540842,7786.92812822,0.90335113,0.95243339,0.88514385,0.978069,,,,,,,,,,,,0.958438
2011-12-14,,5.032165,6.881389105,,,,1.014676,1.665172976,1.31350705,977.4734629,0.8151682,1.111511,1.2188977,10.458835,15.318501,7763.57766013,0.90149323,0.94535351,0.8902405,0.9726317,,,,,,,,,,,,0.952438
2011-12-15,,5.051939,6.90658092,,,,1.011153,1.674299675,1.32414405,979.47883,0.8167123,1.1137238,1.21720933,10.580785,15.412499,7688.97087369,0.90055374,0.94838871,0.88754554,0.978674,,,,,,,,,,,,0.956327
2011-12-16,,5.054667,6.911174238,,,,1.008477,1.681822406,1.32546693,991.2508903,0.8263822,1.127039,1.21462865,10.71889,15.695595,7615.69959446,0.899063,0.95428879,0.88163536,0.9839834,,,,,,,,,,,,0.960216
2011-12-19,,4.984019,6.815489108,,,,0.994617,1.665663123,1.31654919,971.1656516,0.8095459,1.1041393,1.19000168,10.509932,15.423048,7473.86709339,0.88118121,0.9373685,0.86568575,0.9721728,,,,,,,,,,,,0.945788
2011-12-20,,5.028487,6.877106703,,,,1.021724,1.677575461,1.32808399,983.4866779,0.8196732,1.1180789,1.2079911,10.694599,15.580816,7583.92566053,0.89432274,0.9450647,0.86247493,0.9776954,,,,,,,,,,,,0.952756
2011-12-21,,4.99629,6.833960265,,,,1.018299,1.670600094,1.31556486,973.2731759,0.8110508,1.1064014,1.19973119,10.628251,15.380963,7631.16198632,0.88858685,0.93880302,0.86644643,0.9710782,,,,,,,,,,,,0.948378
2011-12-22,,4.923869,6.735802134,,,,1.027315,1.666791403,1.31238209,963.1658977,0.8025177,1.0948452,1.19719158,10.556418,15.205155,7635.32322327,0.88704653,0.93878341,0.86690532,0.9638078,,,,,,,,,,,,0.939461
2011-12-23,,4.963199,6.790405371,,,,1.033408,1.683316098,1.32581725,969.431915,0.8075603,1.101902,1.2102269,10.604924,15.378398,7710.44607493,0.8959222,0.94763485,0.87550335,0.9750789,,,,,,,,,,,,0.946916
2011-12-26,,4.96899,6.799178311,,,,1.033239,1.686637646,1.34368534,977.5946471,0.8142281,1.1111147,1.23480018,10.640388,15.486766,7747.81586063,0.91208261,0.95960016,0.88532127,0.9791015,,,,,,,,,,,,0.95113
2011-12-27,,4.96398,6.793174445,,,,1.036802,1.692947633,1.36178955,983.9002947,0.8193501,1.1182159,1.24501518,10.670299,15.509472,7779.8927704,0.91939333,0.95869748,0.89481512,0.9843895,,,,,,,,,,,,0.954044
2011-12-28,,4.937964,6.758437953,,,,1.013815,1.680540864,1.35630549,985.6133641,0.8206507,1.1200962,1.23881463,10.546206,15.416476,7678.44201248,0.91408041,0.95522238,0.89678298,0.9772002,,,,,,,,,,,,0.94691
2011-12-29,,4.983053,6.82095548,,,,1.020251,1.696892699,1.38989392,989.5688704,0.8238168,1.1245255,1.25246492,10.706745,15.611261,7678.79305871,0.92409369,0.95817496,0.90841703,0.9874401,,,,,,,,,,,,0.954363
2011-12-30,,4.982436,6.820969084,,,,1.020032,1.69690502,1.38979191,989.5605702,0.8236847,1.1244487,1.2523901,10.703887,15.60906,7678.17167159,0.9240172,0.95802051,0.90833728,0.9874401,,,,,,,,,,,,0.954329
2012-01-02,,5.003259,6.850298346,,,,1.030962,1.701885422,1.36997242,994.0125271,0.8272599,1.1294404,1.25331455,10.787503,15.61988,7845.35295019,0.92594391,0.97015008,0.88537342,0.9901986,,,,,,,,,,,,0.968594
2012-01-03,,5.07446,6.948592413,,,,1.050176,1.717151135,1.38671083,1006.0973285,0.8371385,1.1430851,1.26526487,10.963651,15.83337,7914.18158618,0.93586085,0.97685752,0.86992824,1.003485,,,,,,,,,,,,0.979941
2012-01-04,,5.052833,6.919880091,,,,1.051225,1.71555523,1.40147477,1005.3099042,0.8363563,1.1421216,1.25839573,10.945869,15.771209,7898.3321454,0.9304459,0.97756426,0.86890105,1.0014497,,,,,,,,,,,,0.971026
2012-01-05,,4.984709,6.827505934,,,,1.040945,1.708991014,1.39290589,991.8457548,0.825076,1.1267723,1.24023039,10.822539,15.653534,7809.14326885,0.91699556,0.97723033,0.89525822,0.9922343,,,,,,,,,,,,0.957896
2012-01-06,,4.970795,6.809306609,,,,1.042284,1.71293828,1.39195519,998.4018721,0.8303764,1.134143,1.23218877,10.857966,15.663583,7814.29397828,0.9117594,0.98063654,0.90586219,0.992711,,,,,,,,,,,,0.962428
2012-01-09,,4.957124,6.79144685,,,,1.049361,1.720498527,1.40625626,999.1172112,0.8308393,1.1348852,1.23103232,10.863445,15.697503,7762.44245295,0.91168336,0.98522591,0.88993861,0.9990237,,,,,,,,,,,,0.964043
2012-01-10,,4.963915,6.801596495,,,,1.061375,1.728835082,1.41593235,1014.1018635,0.8431191,1.1516398,1.24227686,11.037031,15.854281,7853.15735425,0.91976124,0.99524332,0.90377111,1.0021944,,,,,,,,,,,,0.971655
2012-01-11,,4.944901,6.776415287,,,,1.063378,1.723139422,1.42724294,1019.8569729,0.8477544,1.1578918,1.25874619,11.012233,15.827267,7900.54186037,0.93096871,0.99473794,0.90730874,1.0024779,,,,,,,,,,,,0.968522
2012-01-12,,4.961458,6.799941041,,,,1.063467,1.728166485,1.43093242,1022.2691083,0.8496207,1.160347,1.25558163,11.019902,15.814229,7804.58383739,0.92836183,1.00004277,0.91264821,0.9999083,,,,,,,,,,,,0.96657
2012-01-13,,4.960913,6.800052237,,,,1.051089,1.713967441,1.43238882,1018.7191019,0.8465494,1.155573,1.25669832,10.940205,15.806251,7787.99389593,0.92812528,0.99469134,0.90948764,0.9954942,,,,,,,,,,,,0.964132
2012-01-16,,5.018567,6.879887721,,,,1.065662,1.732510741,1.4467923,1032.7137784,0.8580078,1.1713797,1.26197138,,,7851.15210889,0.93266105,0.99848336,,1.0055985,,,,,,,,,,,,0.977426
2012-01-17,,5.03329,6.900931051,,,,1.074202,1.733995646,1.45784965,1036.6798612,0.86116,1.1763748,1.27259521,11.107986,16.027612,7966.90683817,0.94010989,1.00119651,0.90354871,1.0104321,,,,,,,,,,,,0.984398
2012-01-18,,5.094496,6.985664953,,,,1.08674,1.737478047,1.45019136,1051.3476388,0.8731744,1.193221,1.26812537,11.22812,16.164068,7968.84974036,0.93884713,1.00603885,0.91279989,1.0176143,,,,,,,,,,,,0.997691
2012-01-19,,5.14862,7.06041407,,,,1.087305,1.751468427,1.46655654,1072.2271071,0.8903317,1.2156113,1.28609732,11.379782,16.281938,8007.02782244,0.95049221,1.01402913,0.92288058,1.0262495,,,,,,,,,,,,1.007623
2012-01-20,,5.187812,7.115024816,,,,1.095271,1.76382665,1.4839201,1085.0215287,0.9007917,1.2296245,1.29794804,11.536936,16.380926,8048.3427087,0.95888474,1.02249786,0.93708243,1.0342771,,,,,,,,,,,,1.013831
2012-01-23,,5.196723,7.128138688,,,,1.094991,1.767684891,1.49227365,1082.8276923,0.8988385,1.2273201,1.30265826,11.530994,16.362717,8099.76216171,0.9619289,1.02212508,0.94708209,1.0423362,,,,,,,,,,,,1.0155
2012-01-24,,5.197074,7.129512733,,,,1.095782,1.769970247,1.4955068,1078.2377748,0.8948785,1.2224921,1.30367303,11.544588,16.38354,8113.60427234,0.96256294,1.01995119,0.94264468,1.0414769,,,,,,,,,,,,1.013765
2012-01-25,,5.19644,7.129539071,,,,1.095564,1.770017756,1.49538742,1078.2329844,0.8947387,1.2224259,1.30359577,11.556933,16.381234,8112.85631453,0.96241734,1.01977423,0.94254925,1.0414769,,,,,,,,,,,,1.013728
2012-01-26,,5.235941,7.182767649,,,,1.106531,1.78433704,1.49515253,1099.2337915,0.9120251,1.2452736,1.3121148,11.741954,16.605617,8143.23103494,0.96851844,1.03328583,0.95072698,1.0487815,,,,,,,,,,,,1.021556
2012-01-27,,5.233748,7.180643404,,,,1.107537,1.789801172,1.49696545,1097.7281746,0.9106716,1.243561,1.31762341,11.738377,16.645853,8199.64058852,0.97229751,1.037591,0.95170106,1.0461391,,,,,,,,,,,,1.020632
2012-01-30,,5.203027,7.13938338,,,,1.104179,1.778328983,1.49404277,1084.0426932,0.8992315,1.2287935,1.30710416,11.655339,,8140.68979859,0.96466669,1.02876977,0.94653603,1.0431879,,,,,,,,,,,,1.021981
2012-01-31,,5.253017,7.208823043,,,,1.110966,1.793609358,1.49566082,1092.7302858,0.9063206,1.238347,1.31346476,11.689559,16.701022,8191.8744323,0.96988893,1.03883166,0.95552282,1.0518121,,,,,,,,,,,,1.03289
2012-02-01,,5.371649,7.372456225,,,,1.134333,1.821337557,1.54554571,1123.5617735,0.9317094,1.2728843,1.34558613,11.948665,17.023675,8398.28616993,0.99268458,1.05446417,0.97065161,1.0769013,,,,,,,,,,,,1.051907
2012-02-02,,5.387021,7.394459654,,,,1.134275,1.836146834,1.53845253,1132.2878592,0.9387359,1.2821122,1.342497,12.011199,17.047305,8501.99772012,0.99069336,1.0594585,0.96283008,1.0795308,,,,,,,,,,,,1.059735
2012-02-03,,5.441735,7.470437423,,,,1.143345,1.847304996,1.55115758,1139.9834352,0.9448677,1.2909574,1.34896818,12.12917,17.154235,8595.17539759,0.99565965,1.07306747,0.96643088,1.0902528,,,,,,,,,,,,1.069508
2012-02-06,,5.439745,7.46860789,,,,1.144475,1.842967541,1.55301738,1136.6211255,0.9420127,1.2873481,1.34333555,12.097926,17.09911,8628.59110211,0.99179042,1.07031013,0.95993849,1.0930282,,,,,,,,,,,,1.071014
2012-02-07,,5.430155,7.456348341,,,,1.151811,1.857656127,1.55660543,1140.2027393,0.9448517,1.2919403,1.34565458,12.098867,17.111484,8715.55847662,0.99445555,1.07389696,0.96812438,1.1013651,,,,,,,,,,,,1.079327
2012-02-08,,5.440634,7.471633898,,,,1.153763,1.856811874,1.56230591,1132.2416831,0.9381421,1.2833141,1.34308112,12.101304,17.164485,8680.11162725,0.99231897,1.07640719,0.96989503,1.1034901,,,,,,,,,,,,1.078076
2012-02-09,,5.442317,7.474849181,,,,1.148078,1.845643486,1.56524028,1120.4000041,0.9282344,1.2703054,1.33006094,12.04717,17.101171,8666.148198,0.98368757,1.06792789,0.97190542,1.0971555,,,,,,,,,,,,1.071962
2012-02-10,,5.449771,7.485985658,,,,1.124268,1.841108008,1.5705556,1122.2390794,0.9296042,1.2703312,1.32191887,12.007212,17.068344,8556.48987008,0.97698286,1.06256724,0.97143471,1.0968987,,,,,,,,,,,,1.066173
2012-02-13,,5.476624,7.52376787,,,,1.149917,1.859050995,1.58191072,1133.9083998,0.9390767,1.2847178,1.33867336,12.109014,17.201135,8740.73297389,0.98901302,1.07009014,0.98295961,1.1133336,,,,,,,,,,,,1.085018
2012-02-14,,5.471255,7.517308796,,,,1.137457,1.855716223,1.57128294,1137.0184267,0.9414951,1.2871634,1.33455173,12.14986,17.164795,8674.19323472,0.98562638,1.06751741,0.9795079,1.1120137,,,,,,,,,,,,1.080526
2012-02-15,,5.545295,7.619914839,,,,1.138512,1.883333509,1.58399866,1159.1743742,0.9596101,1.3110306,1.35479657,12.25121,17.383939,8861.63372183,1.00004096,1.08723553,0.98742747,1.1304628,,,,,,,,,,,,1.089488
2012-02-16,,5.582678,7.672200403,,,,1.146807,1.901038338,1.59180112,1170.0983879,0.9684629,1.3235039,1.36035462,12.411947,17.565806,8948.11818726,1.00533228,1.09366352,0.98927705,1.1381757,,,,,,,,,,,,1.108824
2012-02-17,,5.631313,7.74028134,,,,1.15296,1.913405055,1.59586469,1177.8933635,0.9747379,1.3317911,1.38086156,12.524002,17.750025,9114.10015144,1.0192165,1.10422904,1.00289303,1.1464191,,,,,,,,,,,,1.102387
2012-02-22,,5.649231,7.765845983,,,,1.151855,1.90206819,1.59409869,1181.2590462,0.9773614,1.3351634,1.38724624,12.525343,17.802068,9166.45627567,1.02178034,1.108763,1.00593844,1.1510219,,,,,,,,,,,,1.084794
2012-02-23,,5.677599,7.805773888,,,,1.150161,1.906630712,1.60560552,1183.3023606,0.9788947,1.3369342,1.38661063,12.432499,17.773441,9132.37071271,1.02229988,1.1064684,1.01041621,1.1473911,,,,,,,,,,,,1.122003
2012-02-24,,5.669237,7.795229693,,,,1.153724,1.908422022,1.59739648,1181.5077033,0.9772643,1.3351097,1.38950385,12.442979,17.735844,9043.60164031,1.02437052,1.10540008,1.01407308,1.1439957,,,,,,,,,,,,1.113152
2012-02-27,,5.643982,7.76145997,,,,1.142138,1.902078647,1.60999985,1180.1378832,0.9759842,1.3327354,1.39261866,12.336975,17.701186,8999.467799880002,1.0260801,1.10190161,1.0178897,1.1392267,,,,,,,,,,,,1.107223
2012-02-28,,5.731824,7.883156899,,,,1.153772,1.929375097,1.61939002,1195.9829667,0.9888939,1.3503681,1.40307303,12.515589,17.941103,9165.01087608,1.03393033,1.11236383,1.01674448,1.1542951,,,,,,,,,,,,1.118959
2012-02-29,,5.764128,7.928539029,,,,1.152013,1.932795836,1.62109448,1206.59648,0.9974901,1.3613941,1.42356717,12.537008,18.047705,9127.90994785,1.04681656,1.1255697,1.02255671,1.158409,,,,,,,,,,,,1.124374
2012-03-01,,5.799611,7.978293884,,,,1.166367,1.943547925,1.63985435,1212.9489734,1.002579,1.3692866,1.44530888,12.624348,18.169985,9224.52014866,1.06140366,1.13072744,1.03633949,1.1757567,,,,,,,,,,,,1.13725
2012-03-02,,5.837097,8.030815895,,,,1.183717,1.969696721,1.65662829,1217.1296571,1.0058475,1.37483,1.45849172,12.632826,18.258666,9367.40811377,1.0702293,1.14314087,1.04495569,1.1813823,,,,,,,,,,,,1.139262
2012-03-05,,5.819121,8.007066949,,,,1.165746,1.958091713,1.66521563,1215.3324222,1.0042226,1.3718631,1.44566942,12.602197,18.170323,9284.73632476,1.06128923,1.1412894,1.03961586,1.1732026,,,,,,,,,,,,1.135601
2012-03-06,,5.719538,7.871051067,,,,1.133114,1.937148844,1.63702625,1190.7269372,0.9838545,1.3434397,1.43735394,12.347731,17.881006,9082.88057067,1.05413821,1.13033167,1.02861492,1.15318,,,,,,,,,,,,1.113622
2012-03-07,,5.772557,7.944924069,,,,1.148764,1.983250617,1.64162227,1214.8020508,1.003493,1.3700153,1.45646448,12.566282,18.170686,9287.824056230002,1.06732631,1.15224547,1.04787421,1.1684881,,,,,,,,,,,,1.132497
2012-03-08,,5.864482,8.072371503,,,,1.166589,2.021709582,1.66115056,1237.0570258,1.0216339,1.3946464,1.47349532,12.856065,18.520027,9308.95863517,1.07925933,1.17534275,1.0560803,1.1881038,,,,,,,,,,,,1.154154
2012-03-09,,5.863926,8.072596355,,,,1.166449,2.013689218,1.6630116,1233.7859063,1.0188067,1.3908414,1.48907005,12.876376,18.4857,9254.74773115,1.08871201,1.17246093,1.053985,1.1829021,,,,,,,,,,,,1.151948
2012-03-12,,5.852305,8.057580857,,,,1.161624,2.006277784,1.66983733,1226.1575808,1.0123885,1.3823127,1.49454681,12.775501,18.327491,9282.56445671,1.0916695,1.16932956,1.05650778,1.1812292,,,,,,,,,,,,1.135775
2012-03-13,,5.921871,8.154301416,,,,1.190753,2.028250008,1.69860871,1238.5807539,1.022449,1.397869,1.50312812,12.955528,18.599954,9493.78054831,1.09894909,1.18506011,1.05447003,1.198727,,,,,,,,,,,,1.168323
2012-03-14,,5.936692,8.175699435,,,,1.188347,2.024536718,1.70314254,1248.1504474,1.0301636,1.4077887,1.50667837,12.901779,18.623322,9394.97538643,1.10152437,1.18432463,1.06234437,1.1964679,,,,,,,,,,,,1.168066
2012-03-15,,5.856821,8.066729448,,,,1.182843,2.018367155,1.69998198,1240.7016246,1.0238919,1.3991991,1.50053531,12.846902,18.499697,9250.98468872,1.09663864,1.18277393,1.045604,1.1888732,,,,,,,,,,,,1.159689
2012-03-16,,5.835877,8.038851119,,,,1.179742,1.996276927,1.69202748,1227.0566002,1.0125288,1.384573,1.4824005,12.826884,18.287274,9166.64250337,1.08433654,1.16317665,1.03503988,1.1801528,,,,,,,,,,,,1.152285
2012-03-19,,5.843767,8.050682806,,,,1.179471,1.997288908,1.68732574,1230.9166844,1.0155523,1.3886571,1.4902348,12.861755,18.311568,9150.58065476,1.08870613,1.16535404,1.04378833,1.1808999,,,,,,,,,,,,1.157225
2012-03-20,,5.891408,8.117267467,,,,1.171464,1.999090777,1.69527903,1230.3760448,1.014959,1.3874871,1.48548164,12.861189,18.399973,9143.22676538,1.08543089,1.16478257,1.04280453,1.185603,,,,,,,,,,,,1.154369
2012-03-21,,5.915583,8.151551685,,,,1.166455,2.008623161,1.69642595,1224.5134916,1.0099923,1.3806701,1.4863241,12.886018,18.455376,9132.08052625,1.08586711,1.16395597,1.0453289,1.1850824,,,,,,,,,,,,1.160625
2012-03-22,,5.8365,8.043599716,,,,1.148987,1.990411866,1.6810766,1201.6901389,0.991088,1.3563845,1.47273728,12.775124,18.216911,9042.759506220002,1.07563043,1.14545904,1.03717601,1.1712526,,,,,,,,,,,,1.139576
2012-03-23,,5.875914,8.098864135,,,,1.154404,1.984456141,1.67815363,1208.5713511,0.9965964,1.3623465,1.46976605,12.800631,18.313471,9054.42361471,1.07376546,1.14823221,1.02382156,1.174314,,,,,,,,,,,,1.142902
2012-03-26,,5.984696,8.24973543,,,,1.163702,2.017855277,1.70863996,1227.1557981,1.0117217,1.3830588,1.49050165,13.054314,18.676143,9102.95118606,1.08847708,1.17575091,1.02973368,1.1909688,,,,,,,,,,,,1.161186
2012-03-27,,5.953603,8.207902834,,,,1.154553,2.001202995,1.70194151,1218.5990638,1.0045413,1.3731256,1.48107996,12.976031,18.55736,9031.90934709,1.08177368,1.16799611,1.03214065,1.1837149,,,,,,,,,,,,1.155244
2012-03-28,,5.901674,8.13731995,,,,1.141865,1.998692667,1.69410054,1207.9433625,0.9956367,1.3605878,1.4671327,12.851749,18.46887,9040.77109952,1.07166627,1.15793137,1.02710607,1.1755833,,,,,,,,,,,,1.148816
2012-03-29,,5.878298,8.106072966,,,,1.140773,1.985332391,1.68688886,1207.9489141,0.9954943,1.3602741,1.46013539,12.800812,18.298158,9022.26207057,1.06689924,1.1504832,1.02393242,1.1720331,,,,,,,,,,,,1.139948
2012-03-30,,5.906007,8.145246681,,,,1.143975,1.987287012,1.69882015,1216.3183584,1.0022252,1.3686496,1.46185251,12.882485,18.385349,8924.0418521,1.06784401,1.15473564,1.02992609,1.1769257,,,,,,,,,,,,1.153517
2012-04-02,,5.999852,8.275603381,,,,1.156693,2.010519997,1.73064044,1232.9543665,1.0157451,1.3871805,1.47059701,13.135403,18.680023,9005.81373433,1.0740001,1.16910959,1.02881375,1.189421,,,,,,,,,,,,1.163708
2012-04-03,,5.975549,8.243101957,,,,1.141524,2.012113815,1.72369325,1233.6238654,1.0161233,1.3868678,1.46328324,13.152664,18.698438,8882.746851520002,1.06891926,1.17443126,1.03059357,1.1877465,,,,,,,,,,,,1.159568
2012-04-04,,5.96574,8.230564518,,,,1.128004,2.018773993,1.72395269,1222.676953,1.0069746,1.3751823,1.46583301,13.123576,18.72326,8837.66302929,1.06991108,1.17584031,1.0268721,1.1865166,,,,,,,,,,,,1.16186
2012-04-05,,5.943419,8.200773838,,,,1.12617,2.02708104,1.73953127,1219.8545157,1.0045492,1.3722288,1.465755,13.165337,18.749641,8849.06317155,1.0697537,1.17676834,1.01093231,1.1903215,,,,,,,,,,,,1.161393
2012-04-09,,5.873233,8.104951626,,,,1.110612,2.004982339,1.72251841,1193.5316619,0.9828537,1.3428054,1.44656846,13.046944,18.521013,8868.25781512,1.05675625,1.16290588,0.99279853,1.1744639,,,,,,,,,,,,1.148077
2012-04-10,,5.802905,8.00890247,,,,1.095429,1.987811461,1.72058567,1176.6960748,0.9689251,1.3238068,1.43273699,12.826553,18.273374,8702.68579244,1.04701541,1.14404537,0.98795745,1.1549647,,,,,,,,,,,,1.130687
2012-04-11,,5.751336,7.938707729,,,,1.091619,1.985006401,1.71371694,1169.6532761,0.9630129,1.3158177,1.43149038,12.774017,18.095969,8572.66393641,1.04591029,1.14050293,0.98457711,1.1459688,,,,,,,,,,,,1.11996
2012-04-12,,5.831627,8.050447996,,,,1.124371,1.99781242,1.74104737,1190.0112444,0.9795275,1.3386319,1.4518784,12.906351,18.302693,8582.92365951,1.06012233,1.15265499,1.00009126,1.1624294,,,,,,,,,,,,1.129412
2012-04-13,,5.802223,8.01085862,,,,1.109269,1.994958727,1.73602294,1179.511722,0.9707851,1.3267563,1.44362877,12.839517,18.147592,8488.91298894,1.05439933,1.14518111,1.00491577,1.160527,,,,,,,,,,,,1.129426
2012-04-16,,5.824661,8.042790178,,,,1.108497,2.003133898,1.71680885,1185.2612494,0.9753426,1.3331477,1.4406876,12.904127,18.272538,8478.11875826,1.05247555,1.14446517,1.0003218,1.1595964,,,,,,,,,,,,1.137543
2012-04-17,,5.83061,8.051976468,,,,1.113374,2.017629417,1.72457563,1200.0280511,0.9872798,1.3496758,1.44451468,12.987962,18.359194,8684.55972302,1.05548465,1.15624026,1.00014309,1.1676995,,,,,,,,,,,,1.140485
2012-04-18,,5.875604,8.11506242,,,,1.120961,2.020664343,1.73059627,1209.2796239,0.994702,1.3600032,1.45693232,13.10882,18.495125,8762.26526625,1.06413567,1.1657953,1.01100517,1.1746087,,,,,,,,,,,,1.150588
2012-04-19,,5.89896,8.148303072,,,,1.116053,2.0182669,1.73769435,1214.2297407,0.9986028,1.3654946,1.45733288,13.161548,18.596806,8814.68469587,1.06404516,1.16652721,1.02025811,1.1751733,,,,,,,,,,,,1.150274
2012-04-20,,5.893812,8.142183479,,,,1.114993,2.013407429,1.73835182,1212.3596173,0.9969212,1.3633188,1.44860269,13.190545,18.646635,8792.78684394,1.05832435,1.16610374,1.02234429,1.169146,,,,,,,,,,,,1.149143
2012-04-23,,5.827369,8.051405407,,,,1.102951,1.99572533,1.73379989,1195.1940654,0.9827212,1.3439485,1.43393986,12.96007,18.340702,8783.50989795,1.04798079,1.15372392,1.01458346,1.1593164,,,,,,,,,,,,1.12718
2012-04-24,,5.831158,8.057600458,,,,1.110693,2.008097346,1.75278008,1192.7962487,0.9806093,1.3411803,1.43606993,12.958637,18.41548,8987.22275717,1.0498775,1.15593881,1.0064017,1.1663236,,,,,,,,,,,,1.142
2012-04-25,,5.834964,8.063830781,,,,1.106366,2.011023813,1.74526126,1196.7711042,0.9837134,1.3455761,1.43768569,13.007368,18.328617,9036.09820748,1.05025384,1.1526958,1.00174215,1.1677144,,,,,,,,,,,,1.137288
2012-04-26,,5.866811,8.108802125,,,,1.115866,2.020469427,1.74421942,1194.4253595,0.981644,1.3428664,1.44214415,13.077874,18.359745,9088.38585444,1.05351794,1.15538467,1.00761317,1.1811592,,,,,,,,,,,,1.132576
2012-04-27,,5.937576,8.207562935,,,,1.1119,2.026033775,1.74864673,1211.7319087,0.9956593,1.3622492,1.4473879,13.207697,18.531307,9251.75313357,1.0566418,1.16352089,1.01267977,1.1890744,,,,,,,,,,,,1.145803
2012-04-30,,5.950639,8.226617585,,,,1.115928,2.030986048,1.76565937,1199.5143354,0.9855091,1.3484413,1.46485023,13.189735,18.510054,9202.90715095,1.0677716,1.16758938,1.00939962,1.1972291,,,,,,,,,,,,1.150402
2012-05-02,,5.957509,8.237106972,,,,1.123702,2.032400045,1.77207143,1204.2724776,0.9892574,1.3537186,1.46082262,13.300519,18.544247,9096.173941030002,1.06515523,1.17281694,1.01299852,1.2053862,,,,,,,,,,,,1.14605
2012-05-03,,6.007001,8.306509239,,,,1.119996,2.036922309,1.76051724,1204.7396374,0.9894725,1.3541647,1.46853533,13.286662,18.63752,9037.90299246,1.07051055,1.17730019,1.0176308,1.2059324,,,,,,,,,,,,1.158146
2012-05-04,,5.990151,8.28422598,,,,1.103942,2.03075115,1.75481871,1204.0375277,0.9887537,1.3528779,1.45899573,13.222001,18.669138,9090.43540155,1.06353923,1.17266254,1.00485469,1.1931244,,,,,,,,,,,,1.152669
2012-05-07,,6.026818,8.33591757,,,,1.107372,2.031422281,1.75822514,1211.9947373,0.9950946,1.3664593,1.46190039,13.321587,18.838386,9192.01385274,1.06584412,1.18103551,1.00401237,1.2008617,,,,,,,,,,,,1.151256
2012-05-08,,5.994775,8.292625787,,,,1.095118,2.015248107,1.73923637,1203.2692798,0.9878355,1.3522752,1.452069,13.223256,18.781647,9130.98581207,1.05841613,1.17289072,1.00342482,1.1875412,,,,,,,,,,,,1.149355
2012-05-09,,5.9172,8.186347011,,,,1.089939,2.004225567,1.7096682,1191.6947882,0.978253,1.3392372,1.43679269,13.119598,18.57664,9092.72185275,1.04862041,1.16325468,0.99663545,1.1804605,,,,,,,,,,,,1.142409
2012-05-10,,5.89377,8.154921637,,,,1.087127,2.006647483,1.69702579,1190.914947,0.9774719,1.3382835,1.43920232,13.236051,18.64828,8993.00503711,1.04989419,1.16614313,0.99582413,1.1824125,,,,,,,,,,,,1.16254
2012-05-11,,5.868047,8.120322005,,,,1.079851,2.017745476,1.69293739,1184.1984799,0.971851,1.3306842,1.44538762,13.205326,18.567754,8957.64358386,1.05359113,1.1717538,0.98847968,1.1938111,,,,,,,,,,,,1.138155
2012-05-14,,5.679823,7.86090589,,,,1.047043,1.981082697,1.66386282,1146.4685132,0.9409463,1.288368,1.42208013,12.957073,18.089956,8696.04686508,1.03807943,1.14497762,0.97434749,1.15977,,,,,,,,,,,,1.09749
2012-05-15,,5.541064,7.66984273,,,,1.029192,1.963068707,1.64791207,1124.8074827,0.9231452,1.2640414,1.40427418,12.786279,17.84293,8590.36919939,1.02682521,1.1232322,0.95767819,1.1358921,,,,,,,,,,,,1.068752
2012-05-16,,5.501273,7.61568851,,,,1.022515,1.947391457,1.631464,1115.6992431,0.9155797,1.2537676,1.38229153,12.689441,17.740339,8614.240824400002,1.01134314,1.1070758,0.9490328,1.132973,,,,,,,,,,,,1.060432
2012-05-17,,5.282183,7.313403576,,,,0.987735,1.921967746,1.58400636,1076.9407741,0.8838422,1.2103032,1.36643867,12.320127,17.223166,8440.18371436,0.99895144,1.07725385,0.91779003,1.0981312,,,,,,,,,,,,1.015963
2012-05-18,,5.26279,7.287418946,,,,0.99534,1.920534033,1.56847704,1076.7840031,0.8835784,1.210052,1.36639174,12.243472,17.216095,8504.48575429,0.99917373,1.07631707,0.92300411,1.0920387,,,,,,,,,,,,1.019295
2012-05-21,,5.381539,7.452677479,,,,1.030127,1.943213373,1.59807,1100.677507,0.9029221,1.2367233,1.38012482,12.482613,17.580055,8623.35359333,1.00935023,1.09385668,0.93589013,1.1085867,,,,,,,,,,,,1.033593
2012-05-22,,5.269945,7.299104809,,,,1.009206,1.922009363,1.6072651,1078.7981378,0.8849468,1.2121544,1.37117212,12.417789,17.460238,8410.12908909,1.00242353,1.08337702,0.9332071,1.0793503,,,,,,,,,,,,1.000439
2012-05-23,,5.2278,7.241615419,,,,1.004572,1.882035919,1.60328898,1075.608337,0.8822102,1.2085079,1.36466923,12.286612,17.24303,8308.54294022,0.9972957,1.06383097,0.91582947,1.0671337,,,,,,,,,,,,0.993656
2012-05-24,,5.210709,7.218818738,,,,0.997989,1.871566993,1.60117352,1066.8311721,0.8749187,1.198607,1.35978639,12.194482,17.11218,8184.79609577,0.99314782,1.06488583,0.91163517,1.0665449,,,,,,,,,,,,1.005225
2012-05-25,,5.286379,7.324481652,,,,1.004587,1.884078469,1.62563756,1086.8437233,0.8910992,1.2209343,1.37173065,12.348408,17.295562,8312.82020364,1.00177855,1.07710064,0.91858246,1.0838393,,,,,,,,,,,,1.015615
2012-05-28,,5.397078,7.478701919,,,,1.019487,1.907981039,1.64929757,1108.3220341,0.9084732,1.2449016,1.39062518,12.520125,17.570839,8432.50912844,1.01549654,1.09625319,0.92957143,1.1066666,,,,,,,,,,,,1.020822
2012-05-29,,5.369648,7.441629507,,,,1.00772,1.905797474,1.65119899,1103.5674298,0.9044585,1.2395021,1.38137659,12.529038,17.527791,8306.67793694,1.00917606,1.09130451,0.93018528,1.096218,,,,,,,,,,,,1.026516
2012-05-30,,5.299714,7.345639337,,,,0.996457,1.885083068,1.63533925,1084.3889604,0.888685,1.2179565,1.36916386,12.383135,17.310773,8253.66490402,0.99978289,1.08328535,0.92015652,1.0896417,,,,,,,,,,,,1.012751
2012-05-31,,5.340447,7.402973388,,,,1.010064,1.901952151,1.65898461,1102.2201168,0.9030857,1.2378412,1.3740657,12.478905,17.553858,8176.93464067,1.00398585,1.09254167,0.92345194,1.105913,,,,,,,,,,,,0.972265
2012-06-01,,5.206029,7.21760834,,,,0.993485,1.861661212,1.63384577,1076.0750481,0.881629,1.2084954,1.35565618,12.222091,17.155632,8107.02315775,0.9897589,1.05871143,0.89674689,1.0859288,,,,,,,,,,,,0.992349
2012-06-04,,5.169309,7.167567491,,,,0.990625,1.852353541,1.63456478,1059.6259401,0.8680598,1.1899944,1.34880967,12.178166,17.071271,7983.94248326,0.98445842,1.04992536,0.88715058,1.0824761,,,,,,,,,,,,0.986033
2012-06-05,,5.093487,7.063336122,,,,0.975912,1.836588322,1.61948509,1037.9536488,0.850326,1.1656955,1.33903232,12.14872,16.898493,7914.72880295,0.97773082,1.03517117,0.87137651,1.069767,,,,,,,,,,,,0.975509
2012-06-06,,5.200723,7.212840215,,,,1.00851,1.872362623,1.62055784,1061.3425452,0.8691793,1.1917606,1.3531311,12.348228,17.134642,8043.21529276,0.98855363,1.0616332,0.88688987,1.0919575,,,,,,,,,,,,0.995106
2012-06-08,,5.208275,7.22420779,,,,1.011462,1.873117506,1.61846118,1059.2907886,0.8673753,1.1893909,1.35400307,12.441367,17.218262,8168.11879367,0.98899241,1.06464511,0.88834347,1.0940412,,,,,,,,,,,,1.004551
2012-06-11,,5.202776,7.217458688,,,,1.002186,1.864884755,1.64268698,1066.1600977,0.8728146,1.1969919,1.34694731,12.391054,17.253462,8184.26279095,0.98301973,1.05876866,0.88504288,1.0879416,,,,,,,,,,,,1.004552
2012-06-12,,5.270998,7.31293911,,,,1.019821,1.888695493,1.6597244,1082.4213407,0.8858787,1.2150895,1.35304727,12.624242,17.488064,8276.39474675,0.9886644,1.06840323,0.89207309,1.1043042,,,,,,,,,,,,1.011031
2012-06-13,,5.304219,7.359919531,,,,1.029904,1.888800859,1.66345913,1093.4907563,0.8947262,1.2273838,1.3557038,12.63185,17.535449,8298.66838172,0.99129815,1.0709845,0.88954573,1.1086092,0.0,,,,,,,,,,,1.019615
2012-06-14,,5.280257,7.32757811,,,,1.023962,1.886677702,1.67430584,1092.2508206,0.8935788,1.22592,1.35639677,12.609693,17.399317,8294.50473925,0.99147458,1.0602805,0.88415338,1.1049867,1.0,,,,,,,,,,,1.019454
2012-06-15,,5.378571,7.46484951,,,,1.043002,1.90895463,1.71011905,1113.0020784,0.9102863,1.2490347,1.37070475,12.695408,17.578998,8380.75586878,1.00180203,1.07737573,0.9020825,1.1192737,1.018654,,,,,,,,,,,1.03484
2012-06-18,,5.405584,7.503245654,,,,1.04422,1.920300661,1.71411951,1119.4919589,0.9154133,1.2562093,1.37089682,12.770329,17.727313,8377.05452806,1.00195823,1.08378222,0.89537144,1.125229,1.023768,,,,,,,,,,,1.043424
2012-06-19,,5.447244,7.561963368,,,,1.060679,1.927106707,1.70062051,1132.9258541,0.9261776,1.2711446,1.37642066,12.924941,17.946912,8378.04925261,1.00690874,1.0946166,0.89651409,1.1388555,1.031656,,,,,,,,,,,1.050227
2012-06-20,,5.458241,7.578150873,,,,1.058797,1.923276355,1.70688674,1123.3858622,0.9182883,1.2604025,1.38075687,12.914572,17.85482,8363.49149839,1.0095654,1.08872747,0.88941197,1.1388624,1.03374,,,,,,,,,,,1.049911
2012-06-21,,5.36904,7.455264132,,,,1.030465,1.906768313,1.69292479,1108.8393304,0.9062643,1.2440382,1.36416297,12.651884,17.588188,8267.6332646,0.99658835,1.08097438,0.87754795,1.1219137,1.016847,,,,,,,,,,,1.035343
2012-06-22,,5.362978,7.447735971,,,,1.02833,1.905686898,1.69440962,1107.5984453,0.9051151,1.2425727,1.36656345,12.637671,17.514164,8273.66138915,0.99794764,1.07042459,0.88018168,1.1235167,1.015697,,,,,,,,,,,1.033407
2012-06-25,,5.269527,7.318901993,,,,1.003186,1.888790699,1.63364639,1088.3723226,0.8893648,1.2210065,1.356056,12.460561,17.241567,8140.19826971,0.9896574,1.06055372,0.86129432,1.1165051,0.998046,,,,,,,,,,,1.017544
2012-06-26,,5.250748,7.293696785,,,,1.009652,1.889861732,1.6455767,1080.4254591,0.8827731,1.2120472,1.35003786,12.528499,17.20125,8131.26114417,0.98546934,1.05435608,0.86793996,1.1091677,0.994535,,,,,,,,,,,1.004604
2012-06-27,,5.233918,7.271206569,,,,1.002096,1.883495081,1.65967137,1072.9497738,0.8765646,1.2036148,1.32850398,12.556549,17.276497,7985.41654869,0.96964267,1.04522287,0.86165906,1.1019252,0.991396,,,,,,,,,,,1.008669
2012-06-28,,5.199764,7.224652488,,,,0.995783,1.872565987,1.65908531,1078.50125,0.8809326,1.2097422,1.30798132,12.585062,17.293436,7850.75860514,0.95460382,1.04833551,0.86009367,1.0985541,0.984974,,,,,,,,,,,0.996713
2012-06-29,,5.337707,7.417113213,,,,1.02545,1.909169597,1.68843572,1098.3526747,0.8969096,1.2318514,1.33572771,12.84373,17.735786,8131.11340486,0.97434248,1.07047786,0.88369454,1.1205459,1.011143,,,,,,,,,,,1.027836
2012-07-02,,5.361177,7.450632059,,,,1.029826,1.901906391,1.69517185,1097.7285967,0.8962658,1.2310778,1.32111159,12.856712,17.720343,8182.1577564,0.96518889,1.06685754,0.87546731,1.1266506,1.015642,,,,,,,,,,,1.02851
2012-07-03,,5.449765,7.57460841,,,,1.04381,1.918829881,1.72224874,1115.11247,0.9101614,1.2503858,1.33316847,13.072815,17.973875,8348.77558093,0.97358935,1.062059,0.87891371,1.1393864,1.032501,,,,,,,,,,,1.048785
2012-07-04,,5.493234,7.635936536,,,,1.049406,1.928156543,1.73737252,1111.2415034,0.9068939,1.2459903,1.33518463,13.135935,18.093536,8447.35939445,0.97538126,1.07133555,0.87733271,1.140749,1.040817,,,,,,,,,,,1.054318
2012-07-05,,5.504248,7.652169624,,,,1.057066,1.934501511,1.72427267,1103.6889342,0.9007108,1.2375215,1.32361673,13.1362,18.064479,8490.03676989,0.96792742,1.0637855,0.87646144,1.1419008,1.042985,,,,,,,,,,,1.054529
2012-07-06,,5.420244,7.536351313,,,,1.041193,1.917929924,1.73131096,1089.0324462,0.888725,1.2210931,1.30133222,12.987302,17.8882,8383.74701844,0.95236857,1.0485283,0.87356073,1.1303374,1.02715,,,,,,,,,,,1.036532
2012-07-09,,5.419684,7.536467737,,,,1.040987,1.918083225,1.7312528,1089.0158383,0.8885753,1.2209988,1.30125668,12.976551,17.885492,8382.9800169,0.95240023,1.04806555,0.87345737,1.1303374,1.027123,,,,,,,,,,,1.036515
2012-07-10,,5.365363,7.461868131,,,,1.007725,1.895550248,1.7372693,1070.0382182,0.8730975,1.1997501,1.28455694,12.824906,17.665077,8230.3125516,0.93959173,1.03508905,0.86407261,1.1162892,1.016909,,,,,,,,,,,1.026848
2012-07-11,,5.327939,7.410729402,,,,1.009262,1.89307312,1.74025111,1050.2966554,0.8570036,1.1776499,1.26488581,12.742817,17.577742,8120.51181662,0.92647007,1.01612105,0.84996316,1.1089797,1.009886,,,,,,,,,,,1.015399
2012-07-12,,5.26599,7.325479871,,,,1.009159,1.880567375,1.71657022,1048.5886604,0.8554897,1.1756703,1.25363167,12.688599,17.399256,8163.04309652,0.91926113,1.00957135,0.85650804,1.1018376,0.997935,,,,,,,,,,,1.006541
2012-07-13,,5.298207,7.371157243,,,,1.02862,1.887605216,1.73624287,1054.7462265,0.8603345,1.1824663,1.26017037,12.685984,17.428121,8210.61427134,0.92402896,1.0106036,0.87479966,1.1114251,1.004115,,,,,,,,,,,1.016956
2012-07-16,,5.261124,7.320479269,,,,1.014579,1.888698659,1.71839602,1034.4831921,0.8438203,1.1597849,1.23972874,12.702653,17.45772,8063.38377291,0.91049721,1.0077171,0.8694164,1.1046111,0.99714,,,,,,,,,,,0.992877
2012-07-17,,5.306538,7.384525574,,,,1.022246,1.902012375,1.73805348,1038.3040799,0.8467773,1.1639746,1.25175441,12.85636,17.539752,8221.44137753,0.91850404,1.0087664,0.87251523,1.1105632,1.005823,,,,,,,,,,,0.992929
2012-07-18,,5.339994,7.431965747,,,,1.032399,1.902507246,1.74060677,1047.6454903,0.8541967,1.1743232,1.26672449,12.864829,17.573104,8322.81050798,0.92847419,1.0184982,0.87616736,1.1168851,1.012242,,,,,,,,,,,1.016621
2012-07-19,,5.423171,7.548590433,,,,1.043057,1.911034085,1.75432156,1063.5427332,0.8669151,1.1919856,1.28591733,12.933716,17.697956,8423.67022849,0.94157431,1.02652405,0.88852426,1.1290457,1.028085,,,,,,,,,,,1.030596
2012-07-20,,5.351546,7.449854009,,,,1.032522,1.912457661,1.72312198,1050.3744389,0.8561357,1.1772194,1.27519299,12.813416,17.588276,8264.76948747,0.93385597,1.0093217,0.87060105,1.1161276,1.01459,,,,,,,,,,,1.014932
2012-07-23,,5.277992,7.348383425,,,,1.012771,1.891720748,1.6846835,1022.2260097,0.8332474,1.1457407,1.26913787,12.661539,17.369184,8148.85655485,0.92803908,0.9921392,0.86342344,1.1036937,1.000724,,,,,,,,,,,0.99846
2012-07-24,,5.292973,7.370103055,,,,1.010713,1.898344012,1.70574447,1022.9286682,0.8336847,1.1464519,1.2802083,12.616864,,8147.25984776,0.93471749,1.00562915,0.86372059,1.1067965,1.00364,,,,,,,,,,,1.003687
2012-07-25,,5.324199,7.414460413,,,,1.013137,1.919218668,1.72479309,1019.4835777,0.8307688,1.1425355,1.27770912,12.758008,,8083.26499332,0.93286375,1.00384455,0.85740748,1.1097469,1.009637,,,,,,,,,,,1.005352
2012-07-26,,5.408009,7.532031711,,,,1.03536,1.947943693,1.74996826,1039.014855,0.8464273,1.1642536,1.29311155,12.90173,,8322.21959084,0.94360907,1.027381,0.89487349,1.1228442,1.025607,,,,,,,,,,,1.021593
2012-07-27,,5.567036,7.754359478,,,,1.074239,1.972723989,1.79509763,1071.5868344,0.8726264,1.2005202,1.36330359,13.237748,,8711.09113666,0.99324814,1.0564173,0.93201319,1.1570592,1.05584,,,,,,,,,,,1.056315
2012-07-30,,5.602366,7.804516575,,,,1.084619,1.974604671,1.80070346,1081.5072054,0.8805113,1.2115133,1.36131519,13.256278,,8773.98277739,0.99221829,1.06367815,0.93901445,1.1602496,1.062624,,,,,,,,,,,1.060101
2012-07-31,,5.534505,7.710947129,,,,1.065827,1.974750452,1.7982031,1078.6798267,0.8780901,1.2082835,1.3704069,13.21091,,8648.42593599,0.99859715,1.06109955,0.93533746,1.1501509,1.049835,,,,,,,,,,,1.050287
2012-08-01,,5.554887,7.74025269,,,,1.075022,1.966642809,1.8215561,1096.6099179,0.8924511,1.2282135,1.36713896,13.17751,,8713.88876186,0.99666287,1.06784525,0.93460346,1.1524656,1.053782,,,,,,,,,,,1.062334
2012-08-02,,5.51551,7.68634169,,,,1.060398,1.976140291,1.81187611,1092.0332248,0.8885968,1.2230223,1.36428216,13.150402,,8737.45532625,0.99468142,1.0551932,0.92394976,1.1463038,1.046395,,,,,,,,,,,1.042963
2012-08-03,,5.578633,7.775201288,,,,1.081981,1.990333562,1.81552183,1126.3262309,0.9161846,1.2612075,1.37897971,13.335003,,8940.66082023,1.00564332,1.06848395,0.94734979,1.1642756,1.05845,,,,,,,,,,,1.062624
2012-08-06,,5.675602,7.9112548,,,,1.100065,1.99884155,1.83015439,1152.4848587,0.9370269,1.2902199,1.39016625,13.366887,,9023.03300114,1.01448995,1.08422285,0.95803419,1.1779363,1.07693,,,,,,,,,,,1.072247
2012-08-07,,5.639989,7.86259843,,,,1.094156,1.999657271,1.83316283,1135.8212695,0.9234625,1.2715774,1.38780653,13.347971,,8893.47364732,1.01243398,1.0843014,0.95160641,1.1711644,1.070258,,,,,,,,,,,1.070697
2012-08-08,,5.716193,7.969746073,,,,1.111375,2.003992157,1.85897763,1140.7017826,0.9272563,1.2769379,1.39081567,13.490633,,9043.31959255,1.01472109,1.1042344,0.96276253,1.1792365,1.084801,,,,,,,,,,,1.087283
2012-08-09,,5.691573,7.93640663,,,,1.111302,1.98470979,1.86054821,1140.8454833,0.9273787,1.2770766,1.39257558,13.504752,,9130.83959626,1.01578529,1.09379585,0.96208913,1.1690305,1.080215,,,,,,,,,,,1.085403
2012-08-10,,5.716485,7.972086564,,,,1.116986,1.991112901,1.86077298,1146.904251,0.9321221,1.2837499,1.3961859,13.626548,,9279.90775517,1.01804696,1.107004,0.96835129,1.1794796,1.08501,,,,,,,,,,,1.088711
2012-08-13,,5.670894,7.909488359,,,,1.114422,1.99369839,1.86304361,1148.1976772,0.9330252,1.2851136,1.389995,13.653627,,9422.43994318,1.01378705,1.1115734,0.96237798,1.1791062,1.076173,,,,,,,,,,,1.088763
2012-08-14,,5.660139,7.895441169,,,,1.105383,1.991410174,1.8566256,1140.6054235,0.9267685,1.2765773,1.39001691,13.581402,,9279.37180428,1.01375039,1.10021305,0.95977177,1.175495,1.074199,,,,,,,,,,,1.090442
2012-08-15,,5.675521,7.917840919,,,,1.107129,1.983028597,1.84277629,1135.6854763,0.9226657,1.2710187,1.3892922,13.565256,,9363.92539515,1.01295422,1.09635615,0.95975277,1.1764707,1.077179,,,,,,,,,,,1.086606
2012-08-16,,5.765588,8.044405378,,,,1.128675,1.985594138,1.85278207,1166.7073138,0.9475239,1.3055048,1.39730983,13.682245,,9586.16933396,1.01835376,1.11942,0.9717272,1.1868904,1.094328,,,,,,,,,,,1.099625
2012-08-17,,5.755253,8.030977614,,,,1.120836,1.982965289,1.8476127,1170.0256071,0.9500572,1.3091236,1.39293203,13.681394,,9539.8756932,1.01565737,1.12011645,0.96711315,1.1787074,1.092437,,,,,,,,,,,1.103892
2012-08-20,,5.760744,8.039606782,,,,1.119074,1.986479783,1.85128448,1171.7653403,0.9513182,1.3109836,1.39090899,13.635336,,9644.63288488,1.01415249,1.1141519,0.9634047,1.1756368,1.093548,,,,,,,,,,,1.108484
2012-08-21,,5.762391,8.042875772,,,,1.11906,1.989555856,1.84845856,1179.2850117,0.9572363,1.3192831,1.38360975,13.619688,,9720.26967689,1.00884391,1.1177383,0.96604536,1.1697716,1.093929,,,,,,,,,,,1.110644
2012-08-22,,5.772325,8.057707459,,,,1.123358,2.001240213,1.84749714,1175.9079445,0.9543737,1.3154418,1.38838305,13.636136,,9852.0047075,1.01187011,1.1135806,0.96631362,1.1782736,1.095884,,,,,,,,,,,1.117992
2012-08-23,,5.718697,7.983869399,,,,1.109475,1.993489738,1.82368866,1167.7199285,0.9476348,1.3062406,1.37835216,13.480543,,9638.34456274,1.00431175,1.0991421,0.95860346,1.1672239,1.085774,,,,,,,,,,,1.105565
2012-08-24,,5.713677,7.977818518,,,,1.109544,1.989404257,1.81830808,1174.3424233,0.9528304,1.3135408,1.38457356,13.546587,,9727.55320468,1.00903966,1.10054725,0.95816012,1.166551,1.084888,,,,,,,,,,,1.108697
2012-08-27,,5.755559,8.03723866,,,,1.103336,1.997271513,1.81870783,1185.2716138,0.9614957,1.325639,1.38357306,13.559075,,9696.46608813,1.00812911,1.1060328,0.95803608,1.171433,1.092909,,,,,,,,,,,1.111964
2012-08-28,,5.797761,8.097127967,,,,1.108975,2.000603268,1.8310719,1195.4865859,0.9695846,1.3369409,1.39136541,13.656043,,9833.96006508,1.01338821,1.11244955,0.96713393,1.181426,1.100993,,,,,,,,,,,1.102106
2012-08-29,,5.815504,8.122885229,,,,1.098577,2.005687211,1.82852732,1189.3651572,0.9645094,1.3300413,1.38686663,13.62105,,9845.25997714,1.01013221,1.10949645,0.96302013,1.1854663,1.104366,,,,,,,,,,,1.120772
2012-08-30,,5.887596,8.224534185,,,,1.101904,2.008099371,1.82751093,1206.8261404,0.9784367,1.3494162,1.38130678,13.652748,,9986.93319238,1.00655393,1.1171439,0.96573856,1.1874641,1.118129,,,,,,,,,,,1.134901
2012-08-31,,5.88951,8.228212561,,,,1.103871,2.015051145,1.86468866,1210.4066299,0.9811781,1.3533254,1.3877453,13.667186,,9983.10123167,1.01069948,1.1322385,0.96684303,1.1948677,1.118565,,,,,,,,,,,1.13363
2012-09-03,,5.895956,8.238208676,,,,1.105915,2.022528455,1.86857908,1216.4003493,0.9858414,1.3599107,1.38699529,13.7176,,9976.03692736,1.00987026,1.12597315,0.9732736,1.1947315,1.119853,,,,,,,,,,,1.132685
2012-09-04,,5.869361,8.202056193,,,,1.091198,2.016622587,1.87265774,1204.5562227,0.9761562,1.3466371,1.38447997,13.687779,,9832.3071489,1.00737442,1.1230967,0.97247707,1.1898982,1.11502,,,,,,,,,,,1.121209
2012-09-05,,5.883312,8.222534249,,,,1.104445,2.012469316,1.85970757,1222.609659,0.9905377,1.3666592,1.39364992,13.723575,,9861.71384609,1.0143411,1.13146305,0.97927358,1.1966943,1.11773,,,,,,,,,,,1.087854
2012-09-06,,5.970709,8.345549921,,,,1.129718,2.030301445,1.86773608,1240.7132699,1.0049069,1.3849558,1.42760512,13.919034,,9994.71610709,1.03671351,1.14432545,0.99140215,1.2192604,1.134409,,,,,,,,,,,1.139112
2012-09-10,,5.953484,8.322503502,,,,1.129348,2.022559646,1.8805753,1240.4852724,1.00457,1.3846496,1.42461914,13.869836,,9883.78858426,1.0346304,1.13839865,0.9923637,1.2119734,1.131225,,,,,,,,,,,1.141416
2012-09-11,,5.979569,8.359959583,,,,1.138082,2.019996904,1.89143135,1241.9663541,1.0056071,1.3860616,1.42998162,13.966467,,10070.19569807,1.03882202,1.1387653,1.00546102,1.2174141,1.136269,,,,,,,,,,,1.149563
2012-09-12,,5.990095,8.375689643,,,,1.132421,1.986477708,1.90526302,1257.1109649,1.0176289,1.4012098,1.45742112,13.960547,,10195.92136721,1.05640138,1.1463556,1.01380276,1.2086196,1.138359,,,,,,,,,,,1.144586
2012-09-13,,6.113701,8.549496676,,,,1.157563,2.006592475,1.93546317,1282.2554765,1.0376888,1.4264107,1.45920318,14.106439,,10414.84888935,1.05900318,1.15627395,1.03364677,1.2315878,1.161939,,,,,,,,,,,1.174989
2012-09-14,,6.049028,8.460134662,,,,1.156195,1.991354517,1.92815756,1276.3941054,1.0328197,1.4204396,1.4469279,13.963672,,10489.36157968,1.05006426,1.1403661,1.02534642,1.2199235,1.14974,,,,,,,,,,,1.166447
2012-09-17,,6.009495,8.405867013,,,,1.15439,1.991143969,1.92655118,1278.136137,1.0340638,1.4221126,1.45565845,13.987929,,10536.76661294,1.0556718,1.1372095,1.02004285,1.2143617,1.142313,,,,,,,,,,,1.160334
2012-09-18,,6.041326,8.451399306,,,,1.153979,2.004286876,1.9243589,1276.2460585,1.0323878,1.4201341,1.46201714,14.055079,,10626.98998537,1.05936667,1.14817922,1.02249207,1.2217914,1.148454,,,,,,,,,,,1.167026
2012-09-19,,6.033979,8.442149057,,,,1.151723,1.99632248,1.9237126,1288.0729374,1.0417396,1.4319458,1.46503738,13.99474,,10628.07904657,1.06178918,1.14710192,1.03035207,1.2180791,1.147147,,,,,,,,,,,1.168542
2012-09-20,,6.053489,8.47045724,,,,1.151586,2.009122698,1.92404428,1283.7675708,1.038121,1.4275388,1.46595344,14.030134,,10568.15506154,1.06204952,1.15158607,1.03104081,1.2308242,1.150945,,,,,,,,,,,1.171355
2012-09-21,,6.070036,8.494634815,,,,1.149075,2.009330816,1.91415531,1284.5502927,1.0385933,1.4282471,1.47523567,14.025555,,10499.96324811,1.06847962,1.1551749,1.02751559,1.2320784,1.154182,,,,,,,,,,,1.172546
2012-09-24,,6.052987,8.471808067,,,,1.156924,2.011165471,1.92383839,1293.2058438,1.045395,1.4368702,1.47360185,14.110799,,10615.03468811,1.06691227,1.14851613,1.03265643,1.2228164,1.151029,,,,,,,,,,,1.173573
2012-09-25,,6.019143,8.425482643,,,,1.136417,2.008908656,1.9168506,1287.7308753,1.0408357,1.4312872,1.45980344,14.017474,,10578.86104956,1.05664601,1.14509574,1.02576236,1.2122957,1.144684,,,,,,,,,,,1.170403
2012-09-26,,6.005763,8.407766686,,,,1.139344,2.017163897,1.91489007,1278.062793,1.0329059,1.421489,1.45922909,14.035513,,10588.02762206,1.05629177,1.14142157,1.02364139,1.2054275,1.142227,,,,,,,,,,,1.166746
2012-09-27,,6.009846,8.414494428,,,,1.136369,2.022534129,1.90152482,1272.5585561,1.0283244,1.4158771,1.46636264,14.044514,,10559.7680394,1.06077161,1.14476344,1.02438403,1.2160043,1.143092,,,,,,,,,,,1.168278
2012-09-28,,6.03576,8.451789547,,,,1.125427,2.039165814,1.91230143,1262.3646251,1.0199731,1.4055507,1.46448852,14.155264,,10498.33823601,1.05852383,1.15250093,1.02326842,1.2090835,1.148111,,,,,,,,,,,1.167192
2012-10-01,,6.137648,8.595454006,,,,1.13163,2.062128639,1.93645177,1281.0713701,1.0348629,1.4251902,1.46945963,14.243292,,10486.375642,1.06173807,1.16800431,1.03150231,1.2251721,1.167581,,,,,,,,,,,1.182338
2012-10-02,,6.112861,8.561814283,,,,1.125472,2.060839167,1.93226298,1268.6216218,1.0246836,1.4117908,1.45242585,14.23758,,10445.50373311,1.05053136,1.16325191,1.01753193,1.224093,1.162955,,,,,,,,,,,1.176056
2012-10-03,,6.106434,8.553863734,,,,1.115066,2.057976131,1.93213316,1258.2152221,1.0161675,1.4006752,1.44672697,14.241877,,10389.6565912,1.04661246,1.16287404,1.00814657,1.2180745,1.161697,,,,,,,,,,,1.172044
2012-10-04,,6.080909,8.519179766,,,,1.113137,2.059108566,1.93553204,1267.2936291,1.023317,1.4101994,1.45645877,14.352312,,10342.83493777,1.05257133,1.16760994,1.00294615,1.2203012,1.15693,,,,,,,,,,,1.166921
2012-10-05,,6.09986,8.546765858,,,,1.117806,2.059481873,1.94064823,1284.1662233,1.0366849,1.4270077,1.4584174,14.486206,,10356.79840712,1.05397261,1.17326619,1.00815417,1.2331732,1.160623,,,,,,,,,,,1.174941
2012-10-08,,6.134603,8.596488738,,,,1.130404,2.059468906,1.93835129,1295.7400976,1.0458036,1.438835,1.472064,14.534821,,10377.3923043,1.06339673,1.17512891,1.01374657,1.2400635,1.167304,,,,,,,,,,,1.183126
2012-10-09,,6.086996,8.530859418,,,,1.123198,2.047350462,1.93383877,1285.6250658,1.0375503,1.4283166,1.46040893,14.472843,,10404.70467153,1.05546001,1.16427031,1.00913903,1.2345684,1.15834,,,,,,,,,,,1.176211
2012-10-10,,6.108479,8.562001863,,,,1.116918,2.057587402,1.93214319,1284.1640723,1.0362289,1.4267804,1.46074957,14.480156,,10393.16047844,1.05539293,1.17352614,1.01052393,1.2333176,1.162518,,,,,,,,,,,1.174289
2012-10-11,,6.147303,8.617464315,,,,1.128352,2.060324321,1.93102464,1293.1683704,1.0432897,1.4357115,1.4718957,14.566322,,10463.07516873,1.06273594,1.17807805,1.02378159,1.2377785,1.169998,,,,,,,,,,,1.182433
2012-10-15,,6.184569,8.670758331,,,,1.128672,2.053690697,1.94264012,1310.1895582,1.0567705,1.4532265,1.47017066,14.567312,,10585.62041352,1.06160431,1.18193602,1.02747111,1.2428005,1.177168,,,,,,,,,,,1.192852
2012-10-16,,6.195366,8.686971366,,,,1.134022,2.061958291,1.94989753,1309.7837706,1.0562925,1.4531261,1.46522826,14.625708,,10538.74716159,1.05804589,1.1810644,1.02391469,1.2448217,1.179318,,,,,,,,,,,1.193689
2012-10-17,,6.205387,8.70209417,,,,1.14276,2.064851386,1.94175602,1318.0701051,1.0627762,1.4611891,1.49914049,14.720113,,10549.70356472,1.07995088,1.19826924,1.04368019,1.2496621,1.18132,,,,,,,,,,,1.198423
2012-10-18,,6.15977,8.639213601,,,,1.138216,2.048611916,1.94035575,1316.2107383,1.0611333,1.4586615,1.48844028,14.711289,,10489.09087797,1.0723639,1.19249023,1.04218933,1.235472,1.172731,,,,,,,,,,,1.192107
2012-10-19,,6.11741,8.580874635,,,,1.127026,2.029961505,1.93572988,1295.7253767,1.0445726,1.4378899,1.48103484,14.620313,,10440.96703385,1.06753605,1.18143601,1.03229068,1.2246511,1.164759,,,,,,,,,,,1.163868
2012-10-22,,6.086169,8.538112948,,,,1.126211,2.022469928,1.93943264,1294.4808686,1.043424,1.4365698,1.47522699,14.643045,,10432.71295704,1.06333869,1.17683476,1.02991282,1.2156296,1.158903,,,,,,,,,,,1.177526
2012-10-23,,6.030881,8.46161533,,,,1.104993,2.017104244,1.92373058,1276.7749644,1.0290912,1.4187854,1.46090653,14.538573,,10363.94806746,1.05396679,1.1641463,1.02382897,1.2078458,1.148468,,,,,,,,,,,1.163889
2012-10-24,,6.009994,8.433350245,,,,1.103492,2.01978496,1.93368615,1282.7772859,1.0337482,1.4247142,1.45943621,14.51436,,10297.38010346,1.05316028,1.16246146,1.0265061,1.2126942,1.144581,,,,,,,,,,,1.159996
2012-10-25,,6.025895,8.456690635,,,,1.116399,2.029544835,1.94808656,1276.8145324,1.0288218,1.4186755,1.46751787,14.57791,,10158.29270697,1.058298,1.16659423,1.02979744,1.2078394,1.1477,,,,,,,,,,,1.159349
2012-10-26,,5.981059,8.394829773,,,,1.108498,2.026958076,1.94112055,1260.3644201,1.0154962,1.4017834,1.46172666,14.57732,,10107.13152712,1.05461039,1.16636564,1.02968787,1.1959566,1.139253,,,,,,,,,,,1.153181
2012-10-29,,5.985004,8.401388487,,,,1.109556,2.034268723,1.94287102,1259.2584549,1.0144615,1.4004769,1.45998004,14.570896,,10055.50555981,1.05361643,1.16962856,1.02696986,1.2029368,1.140094,,,,,,,,,,,1.154324
2012-10-30,,5.999177,8.422312156,,,,1.121123,2.063517714,1.94535972,1257.1826991,1.0126501,1.3980967,1.46714808,14.613679,,10105.40901108,1.05843869,1.17459113,1.03194378,1.2158814,1.142884,,,,,,,,,,,1.156278
2012-10-31,,6.039337,8.479715456,,,,1.114226,2.072988897,1.95429705,1258.4679442,1.0135308,1.399438,1.47852845,14.652184,,10016.5639642,1.06538779,1.18158911,1.04279403,1.2221967,1.150626,,,,,,,,,,,1.160588
2012-11-01,,6.101148,8.56752635,,,,1.133765,2.102567788,1.98261028,1270.6386003,1.0231343,1.4121303,1.48579256,14.854993,,10208.23015632,1.07146791,1.20489909,1.05021746,1.2386323,1.162496,,,,,,,,,,,1.17656
2012-11-05,,6.094696,8.559532996,,,,1.128973,2.092470302,1.99274167,1277.4933945,1.0284598,1.4189049,1.47818268,14.841973,,10138.75030471,1.06637217,1.19993012,1.0467544,1.2427088,1.161363,,,,,,,,,,,1.174668
2012-11-06,,6.193568,8.699374536,,,,1.143473,2.101855072,2.00059087,1302.2405547,1.0480604,1.4441079,1.49560167,14.925955,,10302.0059675,1.07856308,1.21553585,1.05556929,1.2626069,1.180288,,,,,,,,,,,1.188059
2012-11-07,,6.158101,8.650663934,,,,1.128494,2.106847301,1.99044787,1288.7385531,1.037173,1.4300064,1.48459954,14.817655,,10342.11472368,1.07026427,1.20975089,1.04806324,1.2625109,1.173614,,,,,,,,,,,1.182896
2012-11-08,,6.110097,8.584309975,,,,1.114637,2.091315458,1.98483653,1275.7870555,1.0266533,1.4169796,1.47499264,14.745541,,10111.48837331,1.06367297,1.19374498,1.04733147,1.2609042,1.164559,,,,,,,,,,,1.175764
2012-11-09,,6.087243,8.553313973,,,,1.112599,2.081334569,1.97729811,1261.0920095,1.0147327,1.4018488,1.47106482,14.725113,,9951.70472456,1.06095227,1.18312501,1.04201814,1.260772,1.160301,,,,,,,,,,,1.16878
2012-11-12,,6.017919,8.456980666,,,,1.102458,2.065059108,1.97667424,1243.5391954,1.0005243,1.3823309,1.45790154,14.648355,,10007.85921234,1.05213716,1.1712988,1.03427346,1.2488697,1.147179,,,,,,,,,,,1.156934
2012-11-13,,5.986887,8.41441457,,,,1.107041,2.067311194,1.96986924,1244.7480446,1.0013441,1.3835878,1.46088615,14.627046,,10074.08619321,1.05428915,1.18425041,1.03916903,1.2368216,1.141354,,,,,,,,,,,1.154185
2012-11-14,,5.929395,8.334664526,,,,1.087718,2.059463226,1.97112488,1233.6064669,0.9922719,1.3711695,1.43883794,14.548607,,9847.26891098,1.03964038,1.17498463,1.02179488,1.2216928,1.130483,,,,,,,,,,,1.14039
2012-11-16,,5.896008,8.288762791,,,,1.077092,2.058640669,1.96650409,1228.6301436,0.9881386,1.3655782,1.42616242,14.541043,,9752.22687171,1.03142928,1.16617111,1.01767323,1.2159746,1.124206,,,,,,,,,,,1.137966
2012-11-19,,5.970656,8.394688984,,,,1.092189,2.08281385,1.97581008,1236.3691959,0.9941897,1.3740663,1.44486595,14.637458,,9831.24446828,1.04351372,1.18822096,1.02440366,1.2294447,1.138526,,,,,,,,,,,1.143989
2012-11-20,,5.969926,8.394704691,,,,1.091954,2.082554971,1.97575705,1236.3551832,0.9940307,1.3739694,1.44482844,14.646696,,9830.40040976,1.04342976,1.18800836,1.02432181,1.2294447,1.138477,,,,,,,,,,,1.143979
2012-11-21,,5.93027,8.339993199,,,,1.08927,2.077198301,1.9665328,1229.8328628,0.9886589,1.3666662,1.43227706,14.628654,,9952.94344949,1.03550586,1.17422666,1.02135091,1.2202537,1.131004,,,,,,,,,,,1.139444
2012-11-22,,5.975757,8.404963702,,,,1.092608,2.072428097,1.96768727,1236.4264744,0.9937926,1.3738859,1.44104868,14.632877,,9864.87963683,1.0409788,1.17973959,1.02608989,1.2290146,1.139767,,,,,,,,,,,1.146767
2012-11-23,,6.026387,8.4771892,,,,1.108959,2.090089731,1.97137915,1255.1050378,1.0086048,1.3944866,1.4504955,14.70824,,9889.71643853,1.04684843,1.19381465,1.03543587,1.2357814,1.149512,,,,,,,,,,,1.157324
2012-11-26,,5.936253,8.351490587,,,,1.093566,2.070087877,1.96223526,1247.5927104,1.0024388,1.3860863,1.4300741,14.623944,,9805.53746803,1.03364269,1.18368129,1.02018495,1.2212235,1.132412,,,,,,,,,,,1.141245
2012-11-27,,5.954707,8.378459003,,,,1.086104,2.075605765,1.95847724,1244.3289752,0.9996761,1.3823907,1.43025509,14.606524,,9980.0656199,1.03350637,1.18253381,1.02254051,1.2246194,1.13602,,,,,,,,,,,1.141245
2012-11-28,,5.972132,8.403999741,,,,1.087515,2.07695754,1.95314522,1245.1700941,1.0002014,1.3832404,1.42965012,14.638113,,10085.6931705,1.03304734,1.18181734,1.0249982,1.2240771,1.139433,,,,,,,,,,,1.140426
2012-11-29,,6.029959,8.486384271,,,,1.104888,2.068123637,1.95602987,1261.0228996,1.0127498,1.4007118,1.43864541,14.676908,,10182.28200223,1.03870553,1.18781294,1.03558127,1.2358765,1.150555,,,1.0,,,,,,,,1.151472
2012-11-30,,6.034726,8.494148676,,,,1.103922,2.066387605,1.97193099,1278.1820523,1.0263432,1.4182676,1.42825474,14.637525,,10189.85387224,1.03229898,1.19298242,1.03265874,1.2216376,1.151556,,,1.0021676,,,,,,,,1.153258
2012-12-03,,6.071698,8.547212693,,,,1.112511,2.064892374,1.97179033,1290.9049517,1.0363822,1.4309178,1.423047,14.631343,,10179.84344168,1.02893847,1.19696493,1.03419569,1.222858,1.158704,,,1.0062076,,,,,,,,1.160823
2012-12-04,,6.098002,8.585284748,,,,1.104739,2.076208858,1.98373931,1293.4926632,1.0382833,1.4334213,1.42535779,14.652278,,9893.898804,1.03035483,1.20331416,1.03126823,1.2181469,1.163819,,,1.0090408,,,,,,,,1.160527
2012-12-05,,6.085955,8.569386691,,,,1.110335,2.088661229,1.99595139,1298.7418029,1.0423352,1.4385958,1.42574141,14.687171,,10161.01556044,1.03012504,1.20895478,1.02905807,1.2124925,1.161612,,,1.0079473,,,,,,,,1.156341
2012-12-06,,6.157034,8.670485754,,,,1.115149,2.123502804,2.00033735,1300.2752558,1.0434107,1.4400537,1.43448213,14.739714,,9962.91891976,1.03582511,1.21813524,1.03788852,1.2287338,1.175268,,,1.0181877,,,,,,,,1.167263
2012-12-07,,6.196226,8.726733743,,,,1.126418,2.127114502,1.99198363,1303.8922394,1.0461284,1.443583,1.44408712,14.740329,,9910.81778114,1.04210959,1.21568621,1.04707717,1.242146,1.182842,,,1.0258789,,,,,,,,1.176216
2012-12-10,,6.168728,8.689096405,,,,1.137442,2.127378624,2.0015751,1295.4989102,1.0392747,1.4352901,1.44668707,14.753059,,10048.80926069,1.04363975,1.21308691,1.04942601,1.2383942,1.177687,,,1.022001,,,,,,,,1.219288
2012-12-11,,6.159894,8.677720057,,,,1.145145,2.125950321,2.00801993,1286.3170372,1.0317921,1.4269034,1.45451433,14.771996,,9732.50513759,1.04864954,1.20797556,1.05136958,1.2383965,1.176093,,,1.0228313,,,,,,,,1.177249
2012-12-12,,6.174995,8.700052137,,,,1.143884,2.12700323,2.00012916,1281.469245,1.0277701,1.4216429,1.46546032,14.732874,,9902.55211772,1.05562336,1.20283766,1.05444698,1.2434766,1.179069,,,1.0257128,,,,,,,,1.177904
2012-12-13,,6.147878,8.662931293,,,,1.143682,2.111400504,1.98885026,1280.4884295,1.0268359,1.420225,1.46916765,14.685632,,9997.871955,1.05767201,1.19458218,1.05214181,1.2408151,1.173985,,,1.0185987,,,,,,,,1.177261
2012-12-14,,6.173312,8.699823689,,,,1.150674,2.12391111,2.01546581,1293.4088509,1.0370002,1.4337186,1.46994412,14.741899,,9980.83101776,1.05813783,1.20021696,1.05946987,1.2472757,1.178934,,,1.0258916,,,,,,,,1.181979
2012-12-17,,6.233064,8.785070164,,,,1.151446,2.126443086,2.02630692,1310.557502,1.0505392,1.4506027,1.47244941,14.807866,,10022.40786565,1.0598218,1.21022923,1.06381797,1.2584592,1.190434,,,1.034077,,,,,,,,1.233977
2012-12-18,,6.299287,8.879462238,,,,1.162526,2.141223764,2.05423029,1320.9613374,1.0586919,1.4617932,1.49171444,14.921617,,9986.35085495,1.07264274,1.22285647,1.07942987,1.2713,1.203175,,,1.0442531,,,,,,,,1.201976
2012-12-19,,6.328854,8.922222198,,,,1.170461,2.1561316,2.05871179,1324.2273141,1.0611451,1.4658505,1.49738617,14.925751,,9607.70463323,1.0767949,1.22716807,1.08476377,1.2749882,1.208917,,,1.0473012,,,,,,,,1.208644
2012-12-20,,6.370896,8.982570219,,,,1.175993,2.152020526,2.07152054,1328.8222623,1.0646592,1.4704863,1.50296061,14.94419,,9638.1661129,1.08104678,1.22636777,1.0860502,1.2764479,1.217042,,,1.0541592,,,,,,,,1.203123
2012-12-21,,6.353745,8.95950794,,,,1.180066,2.156518287,2.08800568,1329.0847735,1.0647139,1.4700326,1.49923555,14.923722,,9673.89673399,1.07941531,1.22867852,1.08474153,1.2654859,1.213863,,,1.0526495,,,,,,,,1.21645
2012-12-24,,6.352985,8.959532358,,,,1.179819,2.156672538,2.08784484,1329.0730044,1.0645496,1.469954,1.49914185,14.921398,,9673.0348345,1.07929186,1.22846275,1.0846294,1.2654859,1.213813,,,1.052626,,,,,,,,1.216478
2012-12-26,,6.352893,8.960502042,,,,1.180861,2.163160994,2.10062569,1338.3948327,1.0718371,1.478023,1.50774269,14.915597,,9873.98093943,1.08477141,1.23342804,1.08550235,1.269334,1.213891,,,1.0556583,,,,,,,,1.220921
2012-12-27,,6.329763,8.928996493,,,,1.169396,2.15700502,2.09758577,1333.5217317,1.067791,1.4723938,1.50830913,14.920334,,9810.04918993,1.08468907,1.2289743,1.08408834,1.2713987,1.209569,,,1.0535574,,1.0,,,,,,1.212842
2012-12-28,,6.404628,9.035665477,,,,1.177174,2.165142138,2.11552392,1352.6778281,1.0829296,1.490507,1.51195309,14.970969,,10015.00053353,1.08776449,1.24391362,1.09173313,1.278772,1.22397,,,1.0628146,,1.00920299,,,,,,1.226646
2012-12-31,,6.403937,9.035812118,,,,1.176926,2.165284117,2.11536184,1352.6674042,1.0827647,1.490429,1.51184804,14.979858,,10014.15366857,1.08763332,1.24369154,1.09160013,1.278772,1.223935,,,1.0628009,,1.00913747,,,,,,1.226827
2013-01-02,,6.476637,9.139451564,,,,1.202086,2.18175435,2.12996507,1372.0977581,1.095471,1.5112227,1.52246548,15.137062,,10170.51453636,1.0953514,1.25095856,1.11311947,1.3001,1.237919,,,1.0711906,,1.02396557,,,,,,1.243435
2013-01-03,,6.478364,9.143016795,,,,1.212188,2.174314692,2.1399495,1389.1965521,1.1062531,1.5280247,1.52036514,15.196121,,10254.84341113,1.094082,1.25114098,1.11651696,1.2993822,1.238351,,,1.0705186,,1.02155766,,,,,,1.24546
2013-01-04,,6.447586,9.100717035,,,,1.205814,2.187079437,2.14656279,1379.0315724,1.0996685,1.5171676,1.51483684,15.191306,,10331.60807348,1.09094353,1.24916191,1.10572315,1.2924246,1.232567,,1.0,1.0669539,,1.0189905,,,,,,1.230102
2013-01-07,,6.425444,9.070588834,,,,1.19577,2.174277516,2.15108293,1377.1541143,1.0983551,1.5140938,1.50615984,15.109385,,10194.62430831,1.08476443,1.2365538,1.09942539,1.2797564,1.22843,,0.9926272,1.062897,,1.01373635,,,,,,1.226253
2013-01-08,,6.35191,8.967934997,,,,1.184773,2.160273838,2.13196243,1363.5113794,1.0895572,1.5001275,1.50839598,15.022584,,10142.29933563,1.08573545,1.22278661,1.08547491,1.2666589,1.214472,,0.983216,1.0520011,,1.00470563,,,,,,1.204546
2013-01-09,,6.390619,9.02365453,,,,1.191804,2.174924592,2.13992671,1367.6220741,1.0920468,1.5047258,1.51797279,15.149007,,10110.89613314,1.092383,1.2263634,1.08791592,1.2767631,1.221967,,0.9897837,1.0580507,,1.00933641,,,,,,1.213448
2013-01-10,,6.381644,9.012096217,,,,1.190436,2.161133006,2.14025265,1369.1883329,1.0929192,1.5062709,1.51320704,15.076262,,10177.11874398,1.08864969,1.22264818,1.09144237,1.2754548,1.220348,,0.9877595,1.0524125,,1.00748937,,,,,,1.21571
2013-01-11,,6.378129,9.008241635,,,,1.187541,2.175477863,2.14739995,1370.6119609,1.0937008,1.5070446,1.5060209,15.05496,,9978.48635286,1.08405901,1.22593545,1.09195178,1.2790521,1.219761,0.0,0.9832446,1.0528556,0.0,1.00986962,,,,,,1.215056
2013-01-14,,6.389934,9.026014942,,,,1.198272,2.178077294,2.16050243,1378.8660885,1.0988233,1.5156048,1.50568447,15.107118,,9874.32416771,1.08418546,1.23598666,1.09543301,1.2718938,1.222115,0.0,0.986299,1.0554937,0.0,1.00543267,,,,,,1.215698
2013-01-15,,6.352008,8.973574109,,,,1.191565,2.169560448,2.14305044,1367.5587032,1.0915133,1.5047408,1.5001014,15.046367,,9825.56975539,1.07987688,1.22532383,1.0921693,1.2630396,1.214961,0.0,0.9763842,1.0476547,0.0,0.99791107,,,,,,1.210509
2013-01-16,,6.347718,8.968608255,,,,1.191388,2.170862124,2.14908843,1361.636634,1.0876264,1.4995813,1.49983612,15.082093,,9676.52753605,1.0793385,1.22827219,1.08821616,1.2592299,1.214236,0.0,0.975422,1.0493563,0.0,0.99045955,,,,,,1.206778
2013-01-17,,6.429776,9.085603573,,,,1.199238,2.187363478,2.15034706,1371.7845926,1.0939531,1.5094099,1.5076374,15.151121,,9983.96048508,1.08449489,1.23765949,1.09555631,1.2719338,1.230026,10.0,0.9820421,1.0631904,10.0,1.00576704,,,,,,1.221672
2013-01-18,,6.425419,9.080577401,,,,1.19625,2.184736227,2.15995432,1363.130646,1.0883298,1.5011533,1.50681157,15.124571,,10414.07386939,1.08419464,1.23408193,1.09145418,1.2653086,1.229283,9.995137,0.9798679,1.0613004,9.995486,1.00152215,,,,,,1.221179
2013-01-21,,6.459217,9.129435712,,,,1.194699,2.188427131,2.16289211,1365.6451303,1.089805,1.5031752,1.50845663,15.146703,,10484.02315914,1.08559766,1.23594282,1.09583347,1.2725639,1.235846,10.060411,0.9874957,1.068695,10.061245,1.0051732,,,,,,1.228623
2013-01-22,,6.422287,9.078378638,,,,1.195029,2.177924244,2.15046435,1347.3559359,1.0763585,1.4864815,1.50916166,15.135498,,10600.8169949,1.08600825,1.22945314,1.09082406,1.2727855,1.22888,10.01689,0.9828635,1.0650208,10.017999,1.00217119,,,,,,1.21971
2013-01-23,,6.456596,9.127975976,,,,1.201739,2.190015742,2.15933882,1353.6023635,1.0811685,1.4927111,1.51885775,15.127901,,10731.73595127,1.09222143,1.23591503,1.09560733,1.2786456,1.235538,10.076637,0.9850878,1.0711371,10.078221,1.0009657,,,,,,1.228449
2013-01-24,,6.416407,9.07229679,,,,1.194618,2.195946079,2.15368238,1349.2167336,1.0775315,1.4870542,1.51934355,15.119075,,10763.50114512,1.09186422,1.23128071,1.08815804,1.2712774,1.227948,10.005928,0.9786809,1.0650217,10.007957,1.00179303,,,,,,1.222612
2013-01-25,,6.415715,9.072412756,,,,1.194365,2.196006905,2.1535572,1349.2670291,1.0774201,1.4870357,1.51927629,15.140354,,10763.07440505,1.09175338,1.23109765,1.08805653,1.2712774,1.227902,10.005245,0.9786763,1.0650096,10.007854,1.00171941,,,,,,1.222605
2013-01-28,,6.379286,9.022031916,,,,1.176297,2.186932563,2.12780553,1347.6484042,1.0759827,1.4851706,1.51418384,15.112441,,10660.13935822,1.08780416,1.22752395,1.08782414,1.2703858,1.221031,9.942048,0.9704457,1.0546552,9.945114,0.99305277,,,,,,1.214015
2013-01-29,,6.406524,9.061670566,,,,1.181483,2.198555392,2.13711917,1349.7750304,1.0775211,1.4874392,1.52166518,15.133254,,10628.08457928,1.09234819,1.23889328,1.09474878,1.2834565,1.226344,9.970702,0.9739005,1.0610319,9.974403,0.98866637,,,,,,1.215636
2013-01-30,,6.394705,9.046071733,,,,1.161879,2.189352973,2.13338778,1338.258086,1.0682191,1.4804256,1.51557717,15.083615,,10544.33736037,1.0885852,1.24215084,1.08626315,1.2837705,1.224181,9.955339,0.9693345,1.0620411,9.959791,0.9847636,,,,,,1.2158
2013-01-31,,6.474911,9.160600237,,,,1.166409,2.205665022,2.14131787,1343.5209418,1.0722501,1.4868129,1.51091041,15.199857,,10790.29752731,1.08515275,1.25004472,1.08667614,1.2964874,1.239629,10.047521,0.985127,1.0720459,10.052732,1.00729068,,,,,,1.227137
2013-02-01,,6.543992,9.25943628,,,,1.178574,2.234066174,2.16113254,1373.5690156,1.093706,1.5183548,1.51704916,15.301334,,10908.84090116,1.08966178,1.26689611,1.09562824,1.307776,1.252954,10.161073,0.9935371,1.0826866,10.167018,1.01915553,,,,,,1.239932
2013-02-04,,6.500122,9.198505556,,,,1.166637,2.230606002,2.15313187,1375.2579485,1.0946199,1.5188831,1.50324622,15.230721,,11084.54391128,1.08103057,1.25911698,1.08859615,1.3010947,1.244656,10.103314,0.9897502,1.0794243,10.109515,1.01989316,,,,,,1.235559
2013-02-05,,6.510361,9.214094,,,,1.15922,2.209440142,2.14991442,1375.8803025,1.0949731,1.5192825,1.49131727,15.285197,,10998.08017345,1.07347428,1.24906738,1.08006878,1.2966189,1.246715,10.095634,0.994981,1.0807173,10.102182,1.02617971,,,,,,1.234587
2013-02-06,,6.496603,9.195744146,,,,1.147026,2.203038875,2.14612297,1375.1566668,1.0943827,1.5178201,1.47931949,15.303628,,10933.53581699,1.06451084,1.24737612,1.08549328,1.3005175,1.244178,10.056686,0.9937108,1.0786437,10.063523,1.02383031,,,,,,1.229404
2013-02-07,,6.461004,9.146476896,,,,1.140683,2.19106959,2.1289083,1366.82998,1.0889595,1.5086208,1.47306302,15.285843,,11145.68693603,1.06038622,1.23798158,1.08009505,1.2939335,1.237446,9.997246,0.9853612,1.0714212,10.004332,1.03395062,,,,,,1.2226
2013-02-08,,6.462638,9.149892471,,,,1.141884,2.196923048,2.13198036,1371.8539266,1.0920229,1.5132875,1.49138258,15.261296,,11174.23205447,1.07035024,1.22963312,1.08499005,1.2945329,1.237851,9.976765,0.9824995,1.0698015,9.98417,1.04148452,,,,,,1.22017
2013-02-13,,6.458886,9.145687137,,,,1.141383,2.210236862,2.15406671,1374.2259337,1.0934003,1.5154475,1.50659903,15.280424,,11149.43871259,1.07896632,1.23485813,1.09600548,1.2979343,1.237229,9.969217,0.9827092,1.0698161,9.976965,1.04035707,,,,,,1.219361
2013-02-14,,6.476865,9.172240431,,,,1.136375,2.211250888,2.14370149,1377.4923589,1.0953461,1.519114,1.50063662,15.299266,,11046.74630302,1.07600166,1.24031986,1.09077225,1.3080423,1.240769,10.009366,0.9849027,1.0732069,10.017546,1.04454468,,,,,,1.224707
2013-02-15,,6.481186,9.179470126,,,,1.140882,2.204751788,2.14017492,1364.6597384,1.0870588,1.5062546,1.50280847,15.258477,,11101.42075165,1.07830791,1.23933233,1.09285443,1.3075522,1.241694,9.993847,0.9826037,1.0729998,10.002356,1.03922116,,,,,,1.223413
2013-02-18,,6.468897,9.163181178,,,,1.138079,2.196248418,2.13527592,1352.8249857,1.0780862,1.4939913,1.49948427,15.226192,,11032.10219046,1.07616428,1.23757159,1.09449121,1.3008137,1.239437,9.954086,0.9743323,1.0664444,9.962878,1.03155161,,,,,,1.218555
2013-02-19,,6.451956,9.140308126,,,,1.136133,2.193973576,2.11657803,1356.7977499,1.0810665,1.4975585,1.48061168,15.232607,,11056.04341532,1.06403261,1.23196827,1.08846034,1.2935015,1.236288,9.923716,0.9688215,1.0621396,9.932452,1.02820103,,,,,,1.215317
2013-02-20,,6.381739,9.041960282,,,,1.11351,2.177937261,2.09994476,1344.730402,1.0713344,1.4844591,1.46998845,15.065828,,10833.17592442,1.05695819,1.22421681,1.07388019,1.2805826,1.222932,9.812707,0.9610248,1.0546723,9.821236,1.02330082,,,,,,1.204306
2013-02-21,,6.373542,9.031432102,,,,1.116258,2.180223112,2.10486035,1338.2693902,1.0660401,1.4777151,1.46882587,15.024562,,10788.66173044,1.05719402,1.22340254,1.07551282,1.273471,1.221457,9.812048,0.9576249,1.0520391,9.820575,1.0253524,,,,,,1.198639
2013-02-22,,6.470442,9.169781581,,,,1.124366,2.186070212,2.11463541,1357.3928339,1.0810565,1.4981195,1.46913164,15.087041,,10949.15148087,1.05827018,1.22819241,1.08037768,1.2815384,1.240118,9.950072,0.9661789,1.0607917,9.958857,1.03723749,,,,,,1.217589
2013-02-25,,6.454664,9.148550299,,,,1.127102,2.186730525,2.11163999,1357.4786654,1.0809635,1.4980716,1.47729385,15.019394,,10920.43280382,1.06387742,1.22546066,1.08425315,1.282118,1.237192,9.940513,0.9697039,1.0573592,9.951719,1.04543669,,,,,,1.218886
2013-02-26,,6.448416,9.140795976,,,,1.131501,2.199209407,2.11787807,1357.5822281,1.0808844,1.4981027,1.48207636,15.026905,,10905.83070777,1.06725979,1.22909014,1.08667811,1.2852633,1.236091,9.938836,0.9763814,1.0562424,9.950038,1.04758389,,,,,,1.213219
2013-02-27,,6.483465,9.191569063,,,,1.138798,2.187294482,2.10653243,1353.930437,1.0778364,1.4947108,1.4993971,15.11993,,10895.12484003,1.07824316,1.22888274,1.09737235,1.2894845,1.242905,,0.9808366,1.0598092,9.985468,1.05360803,,,,,,1.222119
2013-02-28,,6.523338,9.249197687,,,,1.146637,2.212254261,2.13900545,1364.1978041,1.0856026,1.5058234,1.50656107,15.224172,,10935.08637811,1.08263803,1.24534246,1.10924499,1.3028915,1.250646,,0.9857273,1.0721447,10.053188,1.06004565,,,,,,1.229402
2013-03-01,,6.485142,9.196173011,,,,1.132209,2.195447259,2.14022791,1366.3492172,1.086844,1.5066568,1.49984695,15.207211,,10650.90246421,1.07829722,1.23050619,1.09854186,1.2960947,1.243424,,0.9784798,1.0609018,9.957349,1.05817064,,,,,,1.212389
2013-03-04,,6.47612,9.184480701,,,,1.12101,2.191554683,2.1200345,1359.223584,1.0815103,1.4995587,1.49578326,15.187625,,10692.87538174,1.0753779,1.21890998,1.09682382,1.2996604,1.241793,,0.9783744,1.06224,9.961186,1.04925453,,,,,,1.218212
2013-03-05,,6.463234,9.167317495,,,,1.120148,2.20069337,2.12449095,1350.7350729,1.0746285,1.4903216,1.49984101,15.190039,,10708.28645574,1.07824799,1.21691134,1.0923011,1.2951789,1.23942,,0.9727102,1.0585406,9.880912,1.0440464,,,,,,1.218367
2013-03-06,,6.549602,9.290879425,,,,1.155553,2.203794304,2.1370041,1366.2530532,1.0863764,1.5070902,1.50148258,15.31565,,10691.75268328,1.07941034,1.23333846,1.1044926,1.3047344,1.256075,,0.9839318,1.068982,10.014781,1.0482525,,,,,,1.224676
2013-03-07,,6.524469,9.256374649,,,,1.173758,2.189281707,2.14754425,1360.5269066,1.0820685,1.5018783,1.50099541,15.195122,,10787.63096312,1.07905883,1.22619395,1.11009749,1.2968614,1.251356,,0.9739238,1.056668,10.059845,1.03909771,,,,,,1.229527
2013-03-08,,6.522199,9.254266301,,,,1.166557,2.19743059,2.14875048,1359.5457237,1.0811387,1.5006447,1.50789417,15.161559,,10699.47642209,1.08340104,1.22608751,1.11608191,1.3076738,1.251018,,0.974491,1.0587074,10.047541,1.04326709,,,,,,1.228224
2013-03-11,,6.514831,9.244933352,,,,1.170142,2.175205627,2.14966032,1357.6770739,1.0795094,1.4988068,1.50880841,15.166312,,10749.4687575,1.08367189,1.22114321,1.10818048,1.3003867,1.249704,,0.9769821,1.053908,10.049358,1.05050241,,,,,,1.228865
2013-03-12,,6.511548,9.24138769,,,,1.167957,2.166601035,2.14612141,1348.7163303,1.0722637,1.4896267,1.50605668,15.166268,,10779.32997858,1.08188837,1.21826313,1.1055472,1.2883478,1.249172,,0.9740455,1.0497351,10.049383,1.05634295,,,,,,1.229504
2013-03-13,,6.496762,9.221525701,,,,1.150843,2.170952792,2.16841574,1339.2027459,1.064571,1.4792328,1.50114,15.125811,,11011.17825529,1.07847218,1.22294604,1.09555261,1.2869212,1.246434,,0.9710366,1.0455226,9.9985,1.04844716,,,,,,1.222368
2013-03-14,,6.446127,9.150785953,,,,1.152177,2.161258183,2.16577717,1327.9112981,1.0554706,1.4667044,1.49256005,15.105671,,11247.08982401,1.07262659,1.21147055,1.0911443,1.2829559,1.236819,,0.9679916,1.0401276,9.917908,1.0451698,,,,,,1.222199
2013-03-15,,6.352289,9.018706184,,,,1.146279,2.139007215,2.1533529,1320.6903013,1.0495957,1.4581634,1.47823552,14.98341,,11374.34705063,1.06243612,1.19117618,1.07644853,1.2679491,1.218914,,0.9578014,1.0273605,9.803974,1.04032814,,,,,,1.221705
2013-03-18,,6.362585,9.034389833,,,,1.145812,2.137058094,2.1481509,1317.3668646,1.0468089,1.4546546,1.47142638,14.983035,,11415.57221081,1.05831106,1.19444022,1.07517612,1.2684138,1.220983,,0.9568955,1.0318828,9.804984,1.03487076,,,,,,1.199015
2013-03-19,,6.331349,8.991141594,,,,1.130927,2.127382017,2.13747276,1307.0547628,1.0384861,1.4433229,1.46186553,14.902997,,11500.35432653,1.05156079,1.18511056,1.0633177,1.2642827,1.215086,,0.9546353,1.0276104,9.746042,1.03008123,,,,,,1.191716
2013-03-20,,6.264686,8.897578896,,,,1.12207,2.123374794,2.13505611,1308.5983419,1.039556,1.4438377,1.46340218,14.898006,,11474.20250468,1.05159505,1.18038488,1.06614954,1.2522247,1.202389,,0.9528776,1.0214997,9.636155,1.02441232,,,,,,1.189603
2013-03-21,,6.227433,8.845767556,,,,1.112705,2.121591321,2.12700454,1304.9338401,1.0365,1.4394415,1.45253348,14.844794,,11515.21477593,1.04370927,1.18045915,1.05832575,1.2533925,1.195336,,0.9493706,1.0153116,9.572738,1.01597212,,,,,,1.182952
2013-03-22,,6.16685,8.760803006,,,,1.096985,2.094420228,2.12268189,1301.5606739,1.0336751,1.4352278,1.42547422,14.777465,,11740.62358338,1.02510812,1.16087919,1.04353174,1.2422783,1.183804,,0.9423107,1.0019369,9.467163,1.0108065,,,,,,1.170631
2013-03-25,,6.21834,8.834975043,,,,1.085936,2.10013325,2.11786606,1305.2089687,1.0364127,1.4389306,1.41386605,14.806789,,12193.58251615,1.01784045,1.15426112,1.03675863,1.2488784,1.193778,,0.9402361,1.0069759,9.490834,1.00985529,,,,,,1.167708
2013-03-26,,6.214819,8.831046982,,,,1.101799,2.102104339,2.12361051,1308.952539,1.0392256,1.4430292,1.40965745,14.82109,,12798.40891689,1.01538902,1.15967915,1.03787235,1.2482362,1.193196,,0.9487169,1.0071375,9.540436,1.02359475,,,,,,1.167701
2013-03-27,,6.240591,8.868717238,,,,1.108983,2.128265819,2.13107529,1317.8436632,1.0461159,1.4525111,1.42123912,14.911729,,12342.48609708,1.0231686,1.1668219,1.04068775,1.2578835,1.198236,,0.9608911,1.0141661,9.580914,1.02478917,,,,,,1.172554
2013-03-28,,6.310109,8.968571934,,,,1.11304,2.141493436,2.16851492,1332.0990392,1.057255,1.4678977,1.44486134,14.95959,,12320.13592633,1.03918888,1.17845413,1.05260455,1.2748674,1.211688,,0.9641209,1.0231586,9.658806,1.04015194,,,,,,1.18081
2013-04-01,,6.271994,8.915514022,,,,1.104155,2.153589022,2.16035019,1335.4839543,1.0597856,1.4713278,1.42977237,14.904374,,12254.48647184,1.02887832,1.1807839,1.04472074,1.2678782,1.204468,,0.9571773,1.0184867,9.609441,1.03928015,,,,,,1.179833
2013-04-02,,6.228317,8.854514857,,,,1.085973,2.133970766,2.15110789,1324.1725627,1.0506372,1.4589929,1.41466656,14.818648,,12199.97527815,1.01872745,1.17375812,1.03375562,1.2581796,1.196177,,0.9474678,1.0143279,9.534407,1.03899937,,,,,,1.174804
2013-04-03,,6.230119,8.858138367,,,,1.10024,2.129112608,2.15089998,1324.2409941,1.050541,1.4589893,1.41533713,14.829507,,12354.39536863,1.01880042,1.17272279,1.03990029,1.2621603,1.196616,,0.9548128,1.015005,9.526376,1.03577671,,,,,,1.166858
2013-04-04,,6.179656,8.787476282,,,,1.078688,2.107014959,2.13643896,1320.9234865,1.0477715,1.4552674,1.39253546,14.809972,,12264.60370769,1.00285249,1.16575004,1.02550102,1.2489051,1.187018,,0.9443852,1.0068856,9.459379,1.03063149,,,,,,1.155996
2013-04-05,,6.236954,8.86997056,,,,1.085093,2.114786651,2.14223859,1326.8484318,1.0522852,1.4617002,1.39736764,14.812348,,12310.22700892,1.00630445,1.17426278,1.03416985,1.2587398,1.198113,,0.9478508,1.0116276,9.560893,1.03517476,,,,,,1.166845
2013-04-08,,6.274284,8.924120667,,,,1.085093,2.110465221,2.14479615,1331.8039307,1.0560355,1.4670679,1.40263695,14.836342,,12262.72302841,1.00982069,1.17679864,1.03342002,1.2673057,1.205376,,0.951409,1.0167757,9.607397,1.0336309,,,,,,1.173954
2013-04-09,,6.270694,8.920088884,,,,1.098172,2.110195481,2.14449542,1339.0909578,1.0616205,1.4745558,1.40358025,14.881239,,12259.22772088,1.01082086,1.16958837,1.04376212,1.2746482,1.20478,,0.9570047,1.0205495,9.627857,1.03978892,,,,,,1.180113
2013-04-10,,6.33126,9.007294175,,,,1.111491,2.112953888,2.14788956,1351.826481,1.0715687,1.4882164,1.41318687,15.005812,,12295.49156661,1.01787397,1.17960159,1.04713607,1.2827906,1.216496,,0.9656021,1.0324198,9.741396,1.05271127,,,,,,1.189188
2013-04-11,,6.300292,8.964321082,,,,1.096167,2.088131467,2.14397908,1342.7902269,1.0642818,1.4783025,1.38729271,14.956271,,12056.85606194,1.00070474,1.16148791,1.04100365,1.2778306,1.210639,,0.9568498,1.0278444,9.675868,1.05374021,,,,,,1.183033
2013-04-12,,6.266163,8.916855239,,,,1.089743,2.072212015,2.13450692,1348.8106497,1.0688837,1.4843772,1.37918671,14.907785,,12127.36006568,0.99420482,1.14782939,1.03615198,1.2740926,1.204177,,0.951019,1.0215411,9.592292,1.05692317,,,,,,1.174927
2013-04-15,,6.118645,8.708065707,,,,1.04855,2.040825195,2.09769163,1305.1108545,1.0342283,1.4373552,1.3469233,14.601247,,12143.42155346,0.9714162,1.10784793,1.01462335,1.2508677,1.175927,,0.9253497,0.9990246,9.346254,1.04849347,,,,,,1.145752
2013-04-16,,6.167141,8.778107675,,,,1.063973,2.05402589,2.11693879,1312.4821504,1.0398998,1.4453981,1.36095097,14.772334,,12168.8952579,0.98224305,1.12191611,1.02634773,1.2591233,1.185337,,0.9400885,1.0094219,9.454058,1.04787713,,,,,,1.153844
2013-04-17,,6.069429,8.640177505,,,,1.039257,2.047619287,2.09347036,1294.3125496,1.0254048,1.4253416,1.3552473,14.655193,,12127.55804036,0.97768789,1.10161144,1.01144822,1.2506289,1.166659,,0.9270303,0.9991613,9.278631,1.0435714,,,,,,1.133593
2013-04-18,,6.104274,8.690788591,,,,1.049735,2.055514004,2.1002572,1298.4184756,1.0284989,1.4297926,1.36398863,14.660535,,12100.66491599,0.98386975,1.10402621,1.01621555,1.2575242,1.173445,,0.9335753,1.0006035,9.319419,1.0476698,,,,,,1.136022
2013-04-19,,6.172542,8.788996878,,,,1.067687,2.067838683,2.11854302,1317.9652951,1.0437842,1.4510616,1.38525978,14.800334,,12274.10665273,0.9984278,1.11024428,1.022189,1.2673185,1.186656,,0.9438447,1.0104438,9.427112,1.05471881,,,,,,1.140881
2013-04-22,,6.214294,8.849498157,,,,1.073641,2.080196033,2.11250808,1316.5722377,1.0425347,1.4496311,1.38012054,14.858906,,12156.74042238,0.99514145,1.10400457,1.02710346,1.2788908,1.194775,,0.9469137,1.0208755,9.486101,1.05947001,,,,,,1.150597
2013-04-23,,6.25144,8.903453481,,,,1.082718,2.093548466,2.1279109,1317.3728734,1.0430175,1.4504448,1.37551871,14.957026,,12185.84630871,0.99289723,1.11085631,1.03085641,1.2889824,1.202009,,0.9573403,1.0277988,9.545985,1.05843347,,,,,,1.157073
2013-04-24,,6.258039,8.913931041,,,,1.085294,2.097133251,2.12878304,1308.0569344,1.0355126,1.4401286,1.37979016,15.011909,,12186.82776277,0.99665005,1.11420288,1.02581485,1.2934552,1.203372,,0.9574525,1.029622,9.567803,1.05304619,,,,,,1.167437
2013-04-25,,6.252144,8.906608872,,,,1.089089,2.097494341,2.13022578,1307.5963567,1.0350003,1.4395551,1.37642455,15.046093,,12207.59886694,0.9941639,1.11343339,1.02415218,1.2901334,1.202332,,0.9549126,1.0280354,9.55787,1.05824554,,,,,,1.168407
2013-04-26,,6.19812,8.830739035,,,,1.073671,2.07457401,2.12689339,1296.2513202,1.0258941,1.4270069,1.37443215,14.970471,,12136.63007574,0.99147034,1.10121189,1.00875833,1.2784052,1.192038,,0.9424077,1.0170356,9.479368,1.06108778,,,,,,1.15755
2013-04-29,,6.220987,8.86436552,,,,1.086664,2.090499762,2.13039025,1298.399944,1.0274428,1.4293044,1.38062791,15.004014,,12165.16473015,0.99510764,1.10920051,1.00596663,1.2813151,1.196528,,0.945676,1.0210016,9.518105,1.05666497,,,,,,1.162245
2013-04-30,,6.309635,8.991714957,,,,1.105836,2.124736617,2.1436314,1319.5548221,1.0439978,1.4525119,1.39709621,15.149622,,12317.7307224,1.00819865,1.12962433,1.02397522,1.3026293,1.213669,,0.9656078,1.0366087,9.654535,1.06536774,,,,,,1.178277
2013-05-02,,6.296249,8.973743308,,,,1.095049,2.118703678,2.14655792,1316.1009338,1.0411194,1.4486442,1.38834882,15.125566,,12259.98995146,1.00233914,1.12695359,1.02083856,1.302339,1.211192,,0.9599662,1.0327846,9.611104,1.06294965,,,,,,1.159479
2013-05-03,,6.285479,8.959477124,,,,1.099639,2.121765125,2.17030399,1317.2946066,1.0418711,1.4498827,1.39353056,15.180326,,12281.68758355,1.00644906,1.12894117,1.01681296,1.3029328,1.209219,,0.9655703,1.0335697,9.618738,1.07401116,,,,,,1.174215
2013-05-06,,6.252569,8.913659566,,,,1.099745,2.118493432,2.17191098,1313.3665834,1.0386283,1.4454936,1.39528346,15.182771,,12226.65174493,1.00737825,1.12260356,1.01630835,1.2975698,1.202986,,0.964552,1.0299283,9.596706,1.06764929,,,,,,1.171131
2013-05-07,,6.323646,9.016033684,,,,1.112241,2.110737971,2.17538651,1324.4795977,1.0472225,1.4576522,1.40076457,15.27191,,12213.44465273,1.01161512,1.12977297,1.0314578,1.3048389,1.216753,,0.9739634,1.0391914,9.676733,1.07130799,,,,,,1.18133
2013-05-08,,6.327692,9.022897191,,,,1.104869,2.103124889,2.16907586,1316.6650311,1.0409215,1.4489863,1.39773759,15.247255,,12138.6981454,1.00926127,1.12858366,1.03546693,1.3041421,1.217627,,0.970263,1.0342145,9.627353,1.0642932,,,,,,1.174844
2013-05-09,,6.329574,9.026668735,,,,1.099079,2.105063264,2.1622336,1316.160595,1.0403735,1.4483641,1.39486682,15.256263,,12025.83281207,1.00772817,1.12490147,1.03270748,1.3055151,1.218084,,0.9700825,1.032047,9.587946,1.06106839,,,,,,1.169978
2013-05-10,,6.307666,8.996521849,,,,1.09056,2.103102794,2.16885325,1321.7979183,1.0446586,1.4544927,1.40159094,15.244802,,11823.9486728,1.01143381,1.12407724,1.03365127,1.3040904,1.213963,,0.9682235,1.034831,9.59986,1.071234,,,,,,1.171431
2013-05-13,,6.272447,8.947380595,,,,1.079586,2.068874529,2.16870506,1296.8114091,1.0248452,1.4269611,1.39418031,15.182923,,11743.6022243,1.00579563,1.11300284,1.03067542,1.2959314,1.20728,,0.9603237,1.0262721,9.516431,1.07063386,,,,,,1.159437
2013-05-14,,6.286264,8.968157741,,,,1.084909,2.08071113,2.18064434,1300.7748548,1.0278146,1.4312507,1.38994268,15.203806,,11677.63243411,1.00282539,1.11394132,1.02408611,1.3099278,1.210032,,0.9645959,1.0314537,9.577045,1.06954093,,,,,,1.168341
2013-05-15,,6.296778,8.984242552,,,,1.092649,2.086162254,2.18570051,1307.869764,1.033248,1.438982,1.40253897,15.247266,,10935.08633801,1.01164876,1.1107539,1.02587716,1.3135304,1.212151,,0.9657768,1.0418869,9.630789,1.07105387,,,,,,1.174815
2013-05-16,,6.272542,8.950758351,,,,1.090415,2.092441411,2.17872779,1300.2390995,1.0270931,1.4305275,1.38558438,15.240441,,10363.85910314,1.00060156,1.11120349,1.0134081,1.3064406,1.207583,,0.966394,1.0388538,9.606803,1.06620117,,,,,,1.179507
2013-05-17,,6.308041,9.002471471,,,,1.102158,2.109235647,2.18217732,1316.7184068,1.0399112,1.4485738,1.3934165,15.350443,,10410.87933263,1.00549973,1.11636036,1.01923768,1.3154151,1.214509,,0.9745863,1.0460999,9.670431,1.07456584,,,,,,1.182903
2013-05-20,,6.307314,9.002525469,,,,1.108135,2.108734605,2.17761165,1322.829109,1.0445689,1.4552227,1.39089595,15.364855,,10358.80589764,1.00445898,1.11513303,1.023087,1.3189006,1.214464,,0.9780828,1.046061,9.680047,1.07523485,,,,,,1.179652
2013-05-21,,6.335784,9.044233454,,,,1.122773,2.123139086,2.18666364,1327.0088259,1.0477066,1.4597489,1.40364178,15.455307,,10386.67486318,1.01352132,1.12503734,1.03168461,1.3259177,1.220039,,0.9849866,1.0504407,9.759529,1.08316845,,,,,,1.189528
2013-05-22,,6.393025,9.127031844,,,,1.124243,2.129970613,2.19948929,1333.1453579,1.0523838,1.4664257,1.40476506,15.517733,,10456.51033153,1.01541422,1.13028057,1.03138889,1.330519,1.231158,,0.991812,1.0577485,9.841862,1.08478331,,,,,,1.204749
2013-05-23,,6.352791,9.07071909,,,,1.120121,2.120322738,2.18422532,1323.6847988,1.044787,1.4559588,1.40738064,15.462605,,10425.3097544,1.01574989,1.13275049,1.02940367,1.323064,1.223508,,0.9872653,1.0515326,9.824599,1.08099723,,,,,,1.197453
2013-05-24,,6.398042,9.136395795,,,,1.12254,2.12982249,2.19338519,1329.3106739,1.0490627,1.4620745,1.42956417,15.478645,,10445.32568419,1.02997458,1.14040826,1.03174013,1.3332586,1.232316,,0.9890239,1.0591629,9.893918,1.08264768,,,,,,1.206357
2013-05-27,,6.418397,9.166561249,,,,1.124591,2.141455445,2.21203693,1330.7607774,1.050052,1.4636002,1.43602884,15.452589,,10492.76475562,1.03398987,1.14177959,1.03082314,1.3327351,1.236332,,0.9899698,1.0622688,9.919916,1.09072536,,,,,,1.208295
2013-05-28,,6.415546,9.163598101,,,,1.118057,2.142963812,2.2094679,1334.4525388,1.0528051,1.4675897,1.42516446,15.463835,,10395.30756958,1.02748209,1.14003816,1.02969344,1.3375764,1.235879,,0.9892548,1.061008,9.878744,1.09520073,,,,,,1.212827
2013-05-29,,6.298115,8.997023087,,,,1.096144,2.122657351,2.18405797,1321.3480066,1.0423408,1.4531175,1.41490846,15.311971,,10251.25188261,1.01933438,1.12548765,1.01537093,1.3161425,1.213357,,0.9760955,1.0435575,9.688825,1.0814058,,,,,,1.179613
2013-05-31,,6.172405,8.818567597,,,,1.080137,2.099492309,2.18293185,1297.7579321,1.0236263,1.4271208,1.36404308,15.22056,,10120.75325159,0.98613213,1.10176231,0.99870676,1.2983359,1.189235,,0.9600431,1.0235777,9.481733,1.06983088,,,,,,1.155634
2013-06-03,,6.124087,8.75060084,,,,1.083094,2.065222295,2.13400683,1286.1219621,1.0143185,1.414264,1.35590642,15.178641,,10193.77776409,0.98031382,1.09813061,1.00085187,1.2916335,1.180024,,0.9534098,1.0178783,9.453422,1.06172843,,,,,,1.151257
2013-06-04,,6.126627,8.755276531,,,,1.083183,2.058223407,2.13141145,1286.5798691,1.0144919,1.4146937,1.36021567,15.123758,,10216.75926479,0.98267978,1.09816853,1.00731063,1.2899827,1.180606,,0.9524641,1.0189405,9.44413,1.06533391,,,,,,1.150767
2013-06-05,,6.066429,8.670334668,,,,1.062008,2.040263204,2.12157701,1273.9027656,1.0044421,1.4007258,1.34455836,14.982973,,10394.83448306,0.97116541,1.09022097,0.99643144,1.2827931,1.169099,,0.9419971,1.0078096,9.3402,1.05704808,,,,,,1.142989
2013-06-06,,6.062072,8.665145804,,,,1.065058,2.050273732,2.11447646,1281.7913061,1.0104528,1.4093128,1.33843818,14.986576,,10276.38468411,0.96678003,1.08498214,0.9953503,1.2747117,1.168349,,0.939214,1.0061596,9.349985,1.05602231,,,,,,1.139421
2013-06-07,,5.953779,8.5114495,,,,1.046286,2.017089084,2.09630573,1260.8093935,0.9938487,1.3862044,1.32086016,14.954292,,10211.8133056,0.95418323,1.06764841,0.97329618,1.2577685,1.147572,,0.9307773,0.9894425,9.141565,1.04190752,,,,,,1.118034
2013-06-10,,5.888699,8.419453731,,,,1.04187,1.99967495,2.08395559,1251.9479326,0.9867566,1.3764096,1.31422142,14.886465,,10190.1066127,0.94912692,1.06003737,0.9642466,1.2533054,1.135117,,0.9243548,0.9815148,9.063141,1.02425421,,,,,,1.104259
2013-06-11,,5.804911,8.300704585,,,,1.010947,1.964865284,2.05623424,1218.9990334,0.9607907,1.3401684,1.29109901,14.76713,,10017.72430912,0.9326247,1.03282124,0.94120918,1.2405716,1.119055,,0.9057635,0.9649878,8.882894,1.00194367,100.0,,,,,1.093723
2013-06-12,,5.780282,8.266490931,,,,1.001894,1.935914066,2.04644019,1216.0607803,0.9583432,1.3368788,1.28627905,14.660414,,9731.0860384,0.92962309,1.02274563,0.93721699,1.2314672,1.114394,,0.8979775,0.9632976,8.826301,0.99171258,98.71931,,,,,1.075088
2013-06-13,,5.836814,8.348302621,,,,1.017471,1.931784755,2.06817288,1221.622866,0.9625568,1.3429221,1.30190121,14.80314,,9694.39645489,0.93992548,1.04557223,0.95163492,1.2416209,1.125376,,0.9041188,0.9761103,8.96112,1.0067208,101.54085,,,,,1.091604
2013-06-14,,5.777401,8.26437288,,,,0.996811,1.912141172,2.05675914,1211.88568,0.9547816,1.3321675,1.29535688,14.742196,,9595.0832061,0.9352689,1.03113511,0.94727424,1.2380091,1.11401,,0.8948682,0.9672408,8.857167,1.00693648,100.43958,,,,,1.082364
2013-06-17,,5.739018,8.210473963,,,,0.988233,1.894041864,2.06234884,1210.5071486,0.953557,1.3305906,1.29028546,14.793913,,9689.22052754,0.93219353,1.03227909,0.94743711,1.2353352,1.106696,,0.8976817,0.9635493,8.788403,1.00549965,99.17882,,,,,1.069398
2013-06-18,,5.715292,8.177527223,,,,0.99438,1.901562114,2.05964536,1200.9326085,0.9459102,1.3200151,1.28798035,14.836685,,9645.38064222,0.93087194,1.02886744,0.94506781,1.2364793,1.102206,,0.8997034,0.9606573,8.789155,1.00214602,99.79873,,,,,1.069878
2013-06-19,,5.552626,7.945854308,,,,0.959489,1.880003609,2.03941174,1177.7684126,0.9276154,1.2945192,1.26366603,14.63251,,9608.23609381,0.912216,1.01170989,0.92790673,1.2183477,1.070925,,0.8834527,0.9366208,8.555488,0.97741483,95.58138,,,,,1.045087
2013-06-20,,5.481405,7.844904359,,,,0.962824,1.846416541,2.0130179,1161.5982585,0.9148029,1.2767035,1.2397671,14.422384,,9970.01485671,0.8960727,0.9987875,0.91752526,1.2031602,1.057271,,0.8726148,0.9242256,8.503272,0.9617388,93.16431,,,,,1.036981
2013-06-21,,5.42702,7.768034574,,,,0.94464,1.843240318,2.0085791,1151.3964411,0.9066683,1.2654413,1.23102295,14.441261,,9232.2558349,0.88995517,0.99151784,0.89587655,1.1923146,1.046863,,0.8608322,0.9168944,8.369485,0.97415251,95.14737,,,,,1.020775
2013-06-24,,5.365036,7.680270554,,,,0.923821,1.815709594,1.98538553,1118.5220495,0.8807686,1.2292864,1.21766712,14.250883,,8834.03658057,0.8794333,0.98038919,0.87777369,1.1761963,1.034987,,0.8474785,0.9036433,8.244879,0.95180167,94.9372,,,,,1.004732
2013-06-25,,5.446919,7.798355505,,,,0.939791,1.862226925,2.00555224,1138.8088402,0.896528,1.2515009,1.23247089,14.362584,,8786.6822237,0.88977214,0.99501374,0.88885804,1.1871435,1.050858,,0.8611774,0.9186443,8.395383,0.97297079,96.89596769,,,,,1.020763
2013-06-26,,5.541969,7.935335168,,,,0.948519,1.898393755,2.01533318,1155.245199,0.9092687,1.269487,1.24933008,14.483113,,8963.86014118,0.90112025,1.01317764,0.89698373,1.2041955,1.069274,,0.8732094,0.9338947,8.529167,0.98354823,97.03899851,,,,,1.036957
2013-06-27,,5.609903,8.033546496,,,,0.959668,1.916376537,2.02865523,1164.4358187,0.9163304,1.279517,1.24927789,14.590777,,9143.31119929,0.9037082,1.02632683,0.90752925,1.2179684,1.082505,,0.8858737,0.9443018,8.64406,0.98364185,97.0011996,,,,,1.052178
2013-06-28,,5.567058,7.973195654,,,,0.956987,1.89536453,2.03946018,1154.8518332,0.9086799,1.2689331,1.23520116,14.521812,,9121.10279413,0.89554574,1.01899219,0.90964976,1.2151182,1.074317,,0.8860535,0.9423251,8.560213,0.9802523,97.89924027,,,,,1.041642
2013-07-01,,5.561415,7.966065839,,,,0.953831,1.873343367,2.00198478,1153.1769145,0.9072331,1.2670341,1.22643073,14.547463,,8964.12723461,0.89091998,1.01380318,0.89962807,1.2103544,1.073312,,0.8876483,0.9357937,8.493442,0.96424131,96.89436142,,,,,1.03694
2013-07-02,,5.359022,7.677234793,,,,0.911473,1.806172002,1.92984154,1110.081865,0.8732934,1.219651,1.18995059,14.287008,,8817.66121192,0.86379437,0.98092068,0.87539061,1.1785651,1.034334,,0.8576902,0.8986099,8.155662,0.9197416,93.47784687,,,,,0.99528
2013-07-03,,5.31741,7.618537661,,,,0.909281,1.783435155,1.92124847,1093.1840214,0.8599826,1.2010619,1.17213887,14.222701,,8708.3950647,0.85220048,0.97014351,0.85912159,1.1684796,1.026377,,0.8548637,0.8853884,8.028069,0.90519688,94.52944835,,,,,0.976161
2013-07-04,,5.374793,7.701627409,,,,0.917682,1.798827025,1.9332479,1104.6318659,0.8687828,1.2135588,1.18858035,14.297845,,8796.53850022,0.86322799,0.980845,0.86955077,1.1781269,1.037526,,0.8619919,0.8958795,8.142168,0.91451011,95.69382455,,,,,0.989439
2013-07-05,,5.34077,7.653833145,,,,0.909161,1.782177698,1.90896014,1089.7036004,0.8570087,1.1971299,1.18294349,14.284161,,8616.51184015,0.85921478,0.96537954,0.86124486,1.171834,1.031036,,0.8589514,0.8861324,8.089422,0.90361206,95.82194673,,,,,0.98587
2013-07-08,,5.380236,7.711291304,,,,0.907018,1.795054919,1.89972513,1085.0438159,0.8532449,1.1919625,1.1852655,14.310606,,8648.8701963,0.8609908,0.96433992,0.86173475,1.1755419,1.038731,,0.8597685,0.8890333,8.133613,0.89955324,94.0544689,,,,,0.986674
2013-07-09,,5.379628,7.711355259,,,,0.906837,1.794940579,1.89957019,1085.0235716,0.8531002,1.1918833,1.18517109,14.329279,,8648.09401367,0.86086504,0.96414669,0.86165312,1.1755419,1.03869,,0.859766,0.8890108,8.133559,0.89953048,94.03931706,,,,,0.986667
2013-07-10,,5.407859,7.752739762,,,,0.910463,1.79474536,1.88760738,1079.0725266,0.8483322,1.1853011,1.18303015,14.339331,,8837.2900126,0.85965456,0.95437026,0.86502173,1.1831875,1.044218,,0.8649997,0.8929634,8.167085,0.89060932,94.80462203,,,,,0.988282
2013-07-11,,5.519313,7.913398979,,,,0.936285,1.822364839,1.905054,1108.1371264,0.8708735,1.2171179,1.20921604,14.538221,,9033.4543354,0.95739006,0.97397704,0.88388268,1.2009364,1.065813,,0.8851724,0.9088003,8.337056,0.90231247,97.08336011,,,,,1.012413
2013-07-12,,5.443996,7.806422958,,,,0.919135,1.816398635,1.88172488,1098.874399,0.8635181,1.206902,1.20008965,14.462467,,9784.47345114,0.0,0.96135128,0.86560156,1.190922,1.051351,,0.8745511,0.8969178,8.178322,0.89742936,96.83312598,,,,,0.994759
2013-07-15,,5.530568,7.93144464,,,,0.937024,1.837476871,1.89533754,1109.8418012,0.8719426,1.2188717,1.21753071,14.58567,,10003.17982538,0.0,0.98154324,0.87988943,1.2053246,1.068144,,0.8874365,0.9102595,8.356153,0.91625423,96.50490238,,,,,1.014202
2013-07-16,,5.543877,7.951501325,,,,0.937386,1.845165989,1.90387183,1116.3030032,0.8768515,1.2258993,1.21905806,14.550147,,9942.3906533,,0.98871007,0.89384594,1.2110352,1.070795,,0.8875239,0.914968,8.378767,0.92293745,97.74623507,,,,,1.017283
2013-07-17,,5.560809,7.976737384,,,,0.942605,1.845744526,1.89967141,1119.0625328,0.8788726,1.2288707,1.2263004,14.60737,,10434.03178595,,0.99843388,0.89509487,1.2133108,1.074144,,0.8925463,0.9204792,8.426905,0.92304161,98.05383105,,,,,1.023926
2013-07-18,,5.585575,8.013213663,,,,0.945851,1.846228421,1.93478211,1115.3941623,0.8758799,1.2247903,1.22230917,14.637111,,10825.06477587,,1.00817334,0.90132826,1.2185187,1.079007,,0.8962104,0.9236354,8.457023,0.92961929,97.96059171,,,,,1.027168
2013-07-19,,5.588866,8.018901121,,,,0.939727,1.840902687,1.94797075,1113.1612285,0.8740072,1.2222848,1.22343445,14.609583,,10935.08633801,,1.00313153,0.89578116,1.214385,1.079722,,0.8902156,0.9227759,8.459462,0.92915049,99.33495149,,,,,1.020856
2013-07-22,,5.685803,8.158900231,,,,0.952486,1.848028135,1.9723399,1127.7414447,0.8852485,1.238224,1.23278006,14.70445,,10935.08637811,,1.01729251,0.90231191,1.2214994,1.098528,,0.9028809,0.9357963,8.582025,0.9390383,100.61099924,,,,,1.041425
2013-07-23,,5.678713,8.149726497,,,,0.958555,1.836883694,1.97060075,1128.0319662,0.885343,1.2384863,1.22571419,14.726162,,10935.08637811,,1.01546298,0.90514247,1.2214151,1.09724,,0.9033371,0.936664,8.562916,0.94269264,99.75772713,,,,,1.039161
2013-07-24,,5.672599,8.141935496,,,,0.955069,1.836201773,1.97153935,1121.105097,0.8798082,1.2308309,1.22590429,14.675293,,10935.0864182,,1.01226337,0.89874983,1.2213889,1.09614,,0.8998559,0.9347235,8.520833,0.94205082,99.29555828,,,,,1.033821
2013-07-25,,5.739278,8.238586691,,,,0.961195,1.859712954,1.96775082,1129.1109049,0.885921,1.2395574,1.23045967,14.713747,,10935.08637811,,1.01784743,0.90030137,1.2311194,1.109104,,0.9048,0.9454694,8.650304,0.94785404,101.49653776,,,,,1.04354
2013-07-26,,5.759645,8.268815427,,,,0.967443,1.853621371,1.96845873,1127.9252163,0.8848641,1.2382002,1.22418707,14.728403,,10935.0864182,,1.02034513,0.90064228,1.2321256,1.113128,,0.9099683,0.9479596,8.673479,0.94467566,100.86193628,,,,,1.046944
2013-07-29,,5.752871,8.260091505,,,,0.964818,1.856093713,1.99016022,1129.2908458,0.8857972,1.2396419,1.22379413,14.721995,,10935.0864182,,1.01923303,0.89951121,1.230391,1.1119,,0.9085271,0.9489524,8.686061,0.94952,100.85162643,,,,,1.053104
2013-07-30,,5.74669,8.252214067,,,,0.955919,1.845633889,1.97801737,1117.887271,0.8767706,1.2270754,1.2393603,14.757226,,10935.08637811,,1.0108157,0.90090481,1.2320001,1.110787,,0.9048505,0.9465254,8.649758,0.95096968,100.58476393,,,,,1.050358
2013-07-31,,5.733981,8.234961766,,,,0.952405,1.839273092,1.98840131,1117.218735,0.8761179,1.226286,1.23742675,14.784482,,10935.08637811,,1.00885442,0.90251937,1.2271864,1.108411,,0.9028812,0.9433927,8.613034,0.95267535,101.290727,,,,,1.041783
2013-08-01,,5.763395,8.278176207,,,,0.963329,1.83370869,2.00307193,1126.6992373,0.8833457,1.2366211,1.23893885,14.841382,,10935.08637811,,1.01733045,0.91188399,1.2364006,1.114183,,0.9100779,0.9433655,8.661891,0.96378375,101.22361636,,,,,1.052154
2013-08-02,,5.715246,8.210046353,,,,0.954126,1.807472248,2.00298544,1119.5807243,0.8776573,1.2287592,1.22715051,14.77659,,10935.08633801,,1.01207078,0.9063429,1.2284095,1.104962,,0.9067545,0.9353274,8.568815,0.96397473,99.03126665,,,,,1.039851
2013-08-05,,5.702009,8.192018344,,,,0.952677,1.81004851,2.00629085,1119.1586313,0.877196,1.22824,1.22542431,14.738835,,10935.08637811,,1.0137203,0.90769064,1.2281804,1.102483,,0.9071999,0.9344249,8.56674,0.96540063,99.73638897,,,,,1.039855
2013-08-06,,5.610921,8.062185927,,,,0.936721,1.787725897,1.98711641,1101.0725357,0.8630254,1.2083614,1.20659175,14.654055,,10890.67249451,,0.99931975,0.89010289,1.2171336,1.08495,,0.8959414,0.9212863,8.414645,0.95946309,97.48636716,,,,,1.022533
2013-08-07,,5.565283,7.997587761,,,,0.934289,1.78183023,1.98694955,1110.9754938,0.8705802,1.2191596,1.19213562,14.571727,,10825.37492818,,0.99347343,0.88895857,1.2100207,1.076203,,0.8927675,0.9108309,8.357429,0.9538872,97.38101877,,,,,1.014116
2013-08-08,,5.664685,8.141331286,,,,0.951508,1.810423822,1.99204242,1119.1256556,0.8767736,1.2280363,1.21836499,14.693616,,10904.40350998,,1.0082604,0.90703558,1.2336479,1.0955,,0.9074563,0.9308931,8.538059,0.95425736,98.7379465,,1.0,,,1.035657
2013-08-09,,5.741021,8.25199691,,,,0.957483,1.819088768,2.00826486,1125.1311648,0.8813048,1.2345621,1.24321506,14.761706,,10925.68983744,,1.02388194,0.92278763,1.2427468,1.110343,,0.9134831,0.9498379,8.652862,0.96986651,99.82747116,,1.0045473,,,1.049102
2013-08-12,,5.735983,8.245762239,,,,0.963146,1.802120026,2.00569797,1121.871516,0.87864,1.230933,1.23681199,14.745735,,10902.83566918,,1.02617801,0.92491461,1.2369645,1.109451,,0.9113293,0.9444693,8.670784,0.96602519,100.03535668,,1.00619739,,,1.050887
2013-08-13,,5.726583,8.233224502,,,,0.967703,1.797073146,2.0050353,1121.7656839,0.8784248,1.2307607,1.24236034,14.753141,,10824.7057914,,1.02306936,0.92633532,1.2369189,1.107722,,0.9140041,0.9499188,8.658635,0.96477638,100.12378137,,1.01140853,,,1.050396
2013-08-14,,5.706817,8.205806192,,,,0.970178,1.785504286,2.0129525,1124.6400463,0.8805241,1.2338546,1.23846125,14.686321,,10935.08637811,,1.01738806,0.92991531,1.2275875,1.10398,,0.907801,0.9472314,8.65194,0.95989867,100.18607276,,1.00670745,,,1.047504
2013-08-15,,5.642447,8.114265383,,,,0.964081,1.755609744,1.99801961,1111.7146339,0.8703525,1.2196319,1.23280284,14.630937,,10897.34493884,,1.01612883,0.92832403,1.2183458,1.091608,,0.9010222,0.9431205,8.572009,0.94956607,100.30609217,,1.01149609,,,1.038443
2013-08-16,,5.661455,8.142555257,,,,0.968047,1.75507466,2.00383588,1111.4842673,0.8700414,1.2193235,1.23088452,14.585031,,10908.81199477,,1.01461403,0.93168649,1.2180333,1.095363,,0.9048783,0.942236,8.597827,0.94845747,99.89570985,,1.01478176,,,1.040231
2013-08-19,,5.58237,8.029834515,,,,0.96751,1.738852751,2.01741019,1099.6563402,0.8607232,1.2063042,1.21304305,14.483251,,10852.82930155,,1.00751737,0.92457713,1.2066618,1.080142,,0.9015442,0.9281723,8.514238,0.94255158,100.35640237,,1.01088556,,,1.03101
2013-08-20,,5.525271,7.948684473,,,,0.956565,1.717532959,2.00573163,1083.9211874,0.8483715,1.1890031,1.20414886,14.460772,,10802.06755907,,0.9962502,0.92027426,1.1969382,1.069171,,0.8919445,0.9211407,8.418302,0.92869581,99.21258317,,1.00690063,,,1.020816
2013-08-21,,5.465373,7.863492783,,,,0.952793,1.682729756,1.99259422,1065.7477674,0.8341273,1.1690304,1.2003461,14.354979,,10781.96230413,,0.98853581,0.91258992,1.1939702,1.057657,,0.8866723,0.9184083,8.344551,0.92411246,99.3005229,,1.00647831,,,1.016579
2013-08-22,,5.483832,7.890978977,,,,0.964822,1.693445497,2.00096678,1066.7771105,0.8347981,1.1701046,1.20774844,14.459808,,10767.74853995,,0.99628702,0.91639327,1.1984164,1.061305,,0.8901223,0.9245082,8.391609,0.92898717,99.28818207,,1.00591414,,,1.015137
2013-08-23,,5.620294,8.088225999,,,,0.974959,1.722126078,2.02458807,1092.3288611,0.8545139,1.1980554,1.23456506,14.618524,,10808.19074194,,1.01765198,0.92204092,1.2213046,1.087793,,0.9033185,0.9447185,8.589938,0.94257551,99.877525,,1.01706007,,,1.03309
2013-08-26,,5.543768,7.979130316,,,,0.965536,1.704045463,2.00613859,1077.0223107,0.8424956,1.1812244,1.22133336,14.506965,,10747.36364276,,1.00789904,0.91546525,1.2184419,1.073062,,0.8965713,0.9345594,8.484435,0.9400094,99.98741759,,1.01481572,,,1.026105
2013-08-27,,5.492725,7.906636259,,,,0.949617,1.69181857,1.99263688,1063.3757413,0.8317677,1.1662134,1.2069581,14.415212,,10737.80978079,,0.99117339,0.90725038,1.2125546,1.063257,,0.8855326,0.9235537,8.375681,0.92703513,99.3878039,,1.0103905,,,1.012779
2013-08-28,,5.47637,7.884064016,,,,0.945994,1.674096085,1.96916087,1061.4019277,0.8301064,1.1639963,1.20415182,14.382577,,10715.16232728,,0.98931474,0.90781366,1.208447,1.060134,,0.883389,0.9215516,8.345265,0.92447188,99.08115358,,1.0088622,,,1.009238
2013-08-29,,5.552651,7.994788577,,,,0.946465,1.687230763,1.96441958,1073.9933017,0.8397397,1.1777427,1.2176954,14.458652,,10841.42438834,,0.99493175,0.91686503,1.2192718,1.074978,,0.8929535,0.932365,8.431212,0.93645675,100.25135444,,1.01661499,,,1.018488
2013-08-30,,5.582912,8.039319046,,,,0.950286,1.704289868,2.00266617,1080.1613691,0.8443915,1.1844487,1.23723636,14.480159,,10935.08633801,,1.00919033,0.92884427,1.224604,1.080916,,0.9058861,0.9478033,8.483021,0.93383842,101.66575837,,1.02762915,,,1.028869
2013-09-02,,5.649515,8.136217838,,,,0.961198,1.73956027,2.02815878,1091.5711827,0.8531054,1.196899,1.24335474,14.583509,,11124.66874439,,1.02209818,0.94421399,1.2385087,1.093904,,0.9178704,0.9524752,8.66194,0.93294714,101.96899688,,1.03606404,,,1.046371
2013-09-03,,5.619208,8.093577246,,,,0.958998,1.749537398,2.03759661,1093.5019044,0.854424,1.1989525,1.24365259,14.507865,,11080.43627744,,1.02384414,0.93858089,1.2307567,1.088099,,0.9068907,0.9529701,8.629705,0.92700242,101.89151437,,1.02711522,,,1.042992
2013-09-04,,5.64846,8.136663008,,,,0.965392,1.794271323,2.04152661,1091.5910365,0.85282,1.1968069,1.24222299,14.532513,,11081.26185351,,1.02847842,0.93967748,1.2401899,1.093841,,0.9137201,0.9521209,8.689871,0.92379608,101.99939575,,1.0329729,,,1.046734
2013-09-05,,5.697255,8.207911729,,,,0.970739,1.790689116,2.02785336,1097.4950023,0.8572491,1.2032157,1.24866044,14.647157,,11056.50800232,,1.02869666,0.94367878,1.2409817,1.103369,,0.9198571,0.9573698,8.745757,0.92660419,104.70202569,,1.03546748,,,1.053868
2013-09-06,,5.752954,8.289123765,,,,0.977046,1.794882742,2.03766163,1103.1771263,0.8615063,1.2093813,1.26723257,14.708467,,11054.73324631,,1.04352692,0.94598266,1.2514296,1.114236,,0.9271884,0.971497,8.865264,0.93788167,102.60409468,,1.03929983,,,1.071679
2013-09-09,,5.821122,8.388317114,,,,0.990662,1.812180896,2.05734182,1116.6756045,0.871756,1.2241047,1.27950545,14.851373,,11062.98451668,,1.06416706,0.95543854,1.2667878,1.12752,,0.9433233,0.9810515,8.98374,0.94240617,103.58688327,,1.04877462,,,1.084478
2013-09-10,,5.810893,8.374601106,,,,0.993597,1.816521938,2.059334,1118.5010843,0.8730221,1.226047,1.2780869,14.877045,,10995.35250893,,1.06329411,0.95058047,1.2632802,1.125622,,0.9473723,0.9794845,8.938688,0.94234454,104.23910081,,1.05015616,,,1.079815
2013-09-11,,5.772915,8.320891986,,,,0.98752,1.81766867,2.06814253,1116.5413,0.8713748,1.223845,1.27345171,14.864362,,10903.63735037,,1.05367078,0.94531259,1.2587024,1.118346,,0.9395515,0.9762923,8.86581,0.94363664,103.45577194,,1.05301103,,,1.069979
2013-09-12,,5.776136,8.32653037,,,,0.985534,1.814044005,2.06349366,1127.19125,0.8789013,1.2354501,1.2846536,14.833685,,10872.58294897,,1.05853413,0.94321235,1.2580972,1.11905,,0.94016,0.9849197,8.901104,0.93819878,103.17612182,,1.04746085,,,1.072109
2013-09-13,,5.783296,8.337849322,,,,0.989239,1.824013158,2.04660917,1135.3016096,0.8855333,1.2440693,1.28116893,14.849415,,10866.908637,,1.06058898,0.94812306,1.2586371,1.120518,,0.946272,0.98267,8.934374,0.9364455,104.24314102,,1.05111238,,,1.078124
2013-09-16,,5.789579,8.347909122,,,,0.989997,1.826086027,2.06456728,1141.6373615,0.8902688,1.2509159,1.28280446,14.881201,,10422.17780137,,1.06017055,0.94447215,1.263537,1.121816,,0.9485306,0.9838385,8.973568,0.94600365,103.83742306,,1.05438809,,,1.077343
2013-09-17,,5.79585,8.357953875,,,,0.993062,1.83888849,2.07320707,1149.7472355,0.8963691,1.2595952,1.28361681,14.915874,,9875.88058227,,1.06167801,0.94272996,1.2624,1.123111,,0.9478043,0.9844511,8.987872,0.94363106,103.94793393,,1.05179345,,,1.083837
2013-09-18,,5.894436,8.501081937,,,,1.004511,1.857974496,2.10653092,1166.2007345,0.9088893,1.2777229,1.30285886,15.109697,,9950.02566834,,1.08497144,0.95268473,1.2814271,1.142298,,0.9642953,0.9991852,9.182304,0.95291694,104.24313948,,1.06635444,,,1.109733
2013-09-19,,5.829518,8.408525603,,,,0.999587,1.842419797,2.09365967,1155.0508611,0.9001669,1.2654649,1.30086652,14.97972,,9917.6768541,,1.06998581,0.94421216,1.2731399,1.129801,,0.9553818,0.997809,9.101209,0.94658079,104.14341081,,1.06049898,,,1.101678
2013-09-20,,5.754521,8.301388226,,,,0.988429,1.825676933,2.11094089,1141.7195902,0.8897666,1.2507301,1.28869688,14.837406,,9900.80538607,,1.05490568,0.93417779,1.2596863,1.115344,,0.9435912,0.9886816,8.959115,0.93758179,103.85436311,,1.05282249,,,1.083902
2013-09-23,,5.770418,8.325299629,,,,0.992479,1.836759558,2.1071728,1140.3928657,0.8886053,1.2493755,1.29379215,14.890534,,9787.89446806,,1.05750096,0.93576683,1.2663506,1.118504,,0.9519251,0.9926716,9.015314,0.93210339,104.16593029,,1.05870264,,,1.085548
2013-09-24,,5.797939,8.365991832,,,,0.990418,1.847417235,2.12691821,1145.2847719,0.8922294,1.2546663,1.29764321,14.935835,,9796.55343476,,1.06466146,0.93366841,1.2710617,1.123918,,0.9615573,0.9956465,9.052965,0.92937145,104.29502562,,1.06029083,,,1.091558
2013-09-25,,5.806628,8.37954043,,,,0.991472,1.840174851,2.14072757,1148.4068122,0.8944912,1.2579833,1.2987439,14.929505,,9871.17148708,,1.05966174,0.92691499,1.2724856,1.125683,,0.9596901,0.996742,9.060647,0.92749575,103.56924581,,1.05960721,,,1.092391
2013-09-26,,5.77797,8.339208587,,,,0.986614,1.841654931,2.13262103,1150.4128584,0.8958939,1.2600013,1.28882999,14.919621,,9859.56823836,,1.05650299,0.92865711,1.2699418,1.120206,,0.9544581,0.9890791,9.024679,0.9257565,103.4918171,,1.06410635,,,1.088206
2013-09-27,,5.769888,8.328546114,,,,0.989123,1.846753823,2.13414123,1151.8973315,0.8968952,1.2615577,1.29436314,14.916238,,9829.80865069,,1.0529642,0.92801127,1.2727986,1.118717,,0.9524315,0.9934195,9.030773,0.93690385,104.57833447,,1.0654248,,,1.089532
2013-09-30,,5.724184,8.263599142,,,,0.979662,1.848172617,2.13806884,1146.7955137,0.8928281,1.2558187,1.28392552,14.883694,,9834.20282261,,1.04856609,0.91902866,1.2632122,1.109932,,0.941736,0.9856729,8.949715,0.93550088,103.06761019,,1.06448448,,,1.079536
2013-10-01,,5.742276,8.290698198,,,,0.98721,1.844569847,2.13919836,1152.3562123,0.8969701,1.2617748,1.29606487,14.911948,,9833.36401616,,1.05396462,0.91872731,1.26977,1.113529,,0.9494572,0.9950735,8.96864,0.92977832,100.82579987,,1.06716572,,,1.083301
2013-10-02,,5.737863,8.285335512,,,,0.987627,1.842936777,2.13922363,1150.0889336,0.8950478,1.2592939,1.30232265,14.93381,,9806.70599174,,1.05609755,0.92168576,1.2688983,1.112761,,0.9457475,0.999995,8.972734,0.9319481,103.26253686,,1.06660945,,,1.081876
2013-10-03,,5.685577,8.210875082,,,,0.982458,1.819864607,2.12910578,1148.5110452,0.8937067,1.2574955,1.29438871,14.860459,,9783.20553918,,1.04456972,0.91218117,1.2598721,1.102709,,0.9338371,0.9940053,8.888783,0.92073548,101.93785571,,1.05985546,,,1.080937
2013-10-04,,5.70488,8.239733348,,,,0.984311,1.832380074,2.14012726,1146.7198467,0.8921953,1.255507,1.29355061,14.893959,,9790.21640075,,1.04162803,0.92889755,1.2648997,1.106532,,0.9399525,0.9933493,8.908072,0.91589761,101.95014764,,1.07166585,,,1.074171
2013-10-07,,5.716557,8.257600834,,,,0.982063,1.840777343,2.13419679,1155.1712392,0.8985274,1.2645296,1.29556292,14.933753,,9726.46466467,,1.0460366,0.9219958,1.2707811,1.108879,,0.9443267,0.9951694,8.891445,0.91071044,101.13694008,,1.08481837,,,1.072099
2013-10-08,,5.712093,8.252164692,,,,0.981276,1.835822079,2.1211139,1156.3363196,0.8992815,1.2657245,1.29394285,14.860298,,9767.40605313,,1.0454618,0.92307151,1.2697565,1.108095,,0.9480668,0.9938706,8.877933,0.90915309,101.89917861,,1.09112925,,,1.070512
2013-10-09,,5.760492,8.323064093,,,,0.981323,1.832311871,2.13656739,1169.6571612,0.9093397,1.2799683,1.30165812,14.92635,,9737.27601467,,1.0561456,0.93269547,1.2751532,1.117565,,0.9625128,0.9997199,8.941098,0.91622952,101.6928954,,1.09676806,,,1.077992
2013-10-10,,5.801566,8.383411849,,,,0.987997,1.846505411,2.14625675,1183.8537688,0.9200678,1.2952526,1.3099152,15.034566,,9680.39417641,,1.06302558,0.92898432,1.2820069,1.125617,,0.968801,0.9999999,8.995446,0.92449605,102.93295867,,1.10370482,,,1.08353
2013-10-11,,5.830827,8.426708686,,,,0.990496,1.853698242,2.15969989,1186.9471947,0.9224076,1.2985542,1.314163,15.102582,,9707.15696144,,1.0613542,0.93811255,1.2898371,1.131378,,0.9768699,0.9999999,9.021365,0.92523993,103.93265942,,1.11116216,,,1.085025
2013-10-14,,5.855884,8.463939929,,,,0.9983,1.83173744,2.16379074,1193.3819322,0.9274278,1.3054794,1.31527838,15.133268,,9717.23522779,,1.06605299,0.94662967,1.2900133,1.136323,,0.9847579,0.9999999,9.05687,0.91991151,104.919423,,1.11227324,,,1.091375
2013-10-15,,5.847799,8.453295812,,,,0.998153,1.838405136,2.16060687,1201.2509356,0.9329674,1.3137309,1.31577078,15.062852,,9709.01639192,,1.0673241,0.9483163,1.2874405,1.134837,,0.9813775,1.0,9.039636,0.91877557,104.659978,,1.11267401,,,1.089801
2013-10-16,,5.842701,8.446955558,,,,1.002083,1.824779646,2.15783093,1201.4307443,0.9329617,1.3138599,1.31388031,15.04843,,9696.99598513,,1.07083938,0.94854937,1.283931,1.13393,,0.9783675,1.0,9.042511,0.92666365,104.94059207,,1.10980024,,,1.090942
2013-10-17,,5.821273,8.417017683,,,,1.007003,1.805067467,2.14699633,1196.4233438,0.9289824,1.3083772,1.32007537,15.066557,,9699.3088971,,1.06724433,0.93974297,1.2789286,1.129853,,0.9722454,1.000211,9.006103,0.92995276,105.11916477,,1.11122841,,,1.085296
2013-10-18,,5.807552,8.398208513,,,,1.005697,1.798689347,2.14621551,1192.086747,0.9255174,1.3035812,1.32294538,15.077013,,9665.55441452,,1.06176128,0.93966113,1.2822759,1.127272,,0.975903,1.0004209,8.980808,0.9266128,103.88928837,,1.11665889,,,1.08128
2013-10-21,,5.834477,8.438151818,,,,1.007122,1.806411788,2.1528633,1193.3168581,0.926317,1.3050261,1.32044958,15.119428,,9671.94737698,,1.06649317,0.94750648,1.2883099,1.132579,,0.9823455,1.0,9.013981,0.92444701,104.35037745,,1.10988042,,,1.085359
2013-10-22,,5.856095,8.470442327,,,,1.00953,1.825854274,2.15438009,1200.3191582,0.9315383,1.3126369,1.32554643,15.173599,,9629.41429294,,1.07492198,0.95505393,1.2932671,1.136859,,0.9868447,1.0040996,9.074127,0.93379822,104.09368214,,1.10936948,,,1.089923
2013-10-23,,5.777914,8.358438601,,,,1.001043,1.789353545,2.12771516,1183.9485152,0.9188545,1.2947365,1.31631064,15.072883,,9584.34987528,,1.05926485,0.94978711,1.2775673,1.121765,,0.9742719,0.9999999,8.960382,0.92237337,102.62414916,,1.1012242,,,1.07911
2013-10-24,,5.732633,8.293971649,,,,0.998174,1.795602682,2.12085988,1182.9851255,0.9179744,1.2933577,1.31421566,15.074995,,9719.08110715,,1.0528632,0.94459729,1.2712544,1.113055,,0.9699733,0.9999999,8.888255,0.92405481,101.93605719,,1.08955394,,,1.071049
2013-10-25,,5.72637,8.285917547,,,,0.99781,1.792029039,2.11705849,1190.2155618,0.9233713,1.3006155,1.3199078,15.130501,,9710.13039039,,1.05252184,0.94086765,1.2713247,1.11192,,0.9700423,0.9999999,8.876457,0.92630642,102.85412032,,1.09347002,,,1.069137
2013-10-28,,5.743154,8.311205702,,,,1.000947,1.781743792,2.12903034,1200.410724,0.9310387,1.3113891,1.31945533,15.120257,,9741.09346205,,1.0655545,0.93719048,1.2741792,1.115261,,0.9736817,1.0,8.933118,0.93433322,103.0244005,,1.09919672,,,1.072566
2013-10-29,,5.719282,8.277702161,,,,1.000094,1.734185423,2.12635136,1197.8910734,0.9289654,1.3084055,1.31355247,15.17048,,9729.77566892,,1.05385077,0.93646434,1.2651635,1.110708,,0.9703381,1.0,8.881442,0.9242012,102.81964917,,1.09830067,,,1.068224
2013-10-30,,5.714982,8.272487708,,,,0.998986,1.70896248,2.12525882,1191.4304601,0.9238732,1.301394,1.31513291,15.139411,,9612.93749133,,1.05013535,0.9405279,1.2686807,1.109954,,0.9722836,1.0,8.859598,0.92170003,101.88707535,,1.1011178,,,1.070219
2013-10-31,,5.749588,8.323567597,,,,1.004952,1.734877574,2.13676471,1198.2168512,0.9289294,1.3082245,1.32140613,15.127297,,9548.1966436,,1.04585737,0.94660201,1.2756107,1.116757,,0.9819289,0.9999999,8.877591,0.91835823,103.46740081,,1.11220136,,,1.069606
2013-11-01,,5.714723,8.274136604,,,,0.999688,1.721821382,2.1196161,1189.9610959,0.922487,1.2993404,1.3158687,15.125019,,9502.07231168,,1.02922437,0.94838864,1.2699837,1.110074,,0.9783701,0.9999999,8.819594,0.906441,103.88512803,,1.11288101,,,1.063003
2013-11-04,,5.740844,8.31294578,,,,1.001737,1.727958854,2.11809133,1200.286065,0.9301607,1.3100986,1.32481028,15.195402,,9533.82170925,,1.03195907,0.95905032,1.2760263,1.115236,,0.9822107,0.9999999,8.861618,0.90364567,102.94696852,,1.11535772,,,1.067875
2013-11-05,,5.681966,8.228741518,,,,0.987683,1.703589725,2.11467165,1190.5840544,0.9225842,1.2995505,1.33228229,15.165795,,9426.74875907,,1.01886105,0.95589734,1.2666674,1.103879,,0.9759054,1.0024098,8.773723,0.89213076,101.33208007,,1.11540459,,,1.05719
2013-11-06,,5.560423,8.05378864,,,,0.968538,1.682167507,2.08468552,1175.5614353,0.9110134,1.2830539,1.31085199,15.093704,,9373.05035207,,1.00519442,0.94455948,1.2498731,1.080342,,0.9645529,0.9999999,8.612419,0.88471992,101.18668297,,1.10971305,,,1.036957
2013-11-07,,5.562774,8.058153657,,,,0.968423,1.694459137,2.07721438,1172.4754149,0.9085102,1.2797154,1.30767797,15.049989,,9066.59460735,,1.00853908,0.94253506,1.2526307,1.080874,,0.9633984,1.0,8.594132,0.8824823,100.48114756,,1.11783495,,,1.0329
2013-11-08,,5.524059,8.003081459,,,,0.963922,1.689254043,2.05772769,1170.3243447,0.9067202,1.2771582,1.30089538,15.089932,,9102.40986282,,0.99806581,0.93640425,1.2493582,1.07343,,0.959551,0.9998844,8.545167,0.88315444,100.9148445,,1.11111915,,,1.028845
2013-11-11,,5.560548,8.056894527,,,,0.973099,1.682088836,2.06177077,1171.044444,0.9071195,1.2780616,1.30261299,15.094269,,9185.86036026,,1.00544992,0.94086338,1.254318,1.080597,,0.9647748,1.0,8.582808,0.88395377,101.7412913,,1.12442397,,,1.033053
2013-11-12,,5.483163,7.945807089,,,,0.967451,1.661354741,2.03914328,1158.3060589,0.8972572,1.2645477,1.29880731,15.065731,,9068.61448632,,0.98934101,0.93336579,1.2495201,1.065637,,0.953552,0.9986485,8.516435,0.87993409,101.66521304,,1.12796718,,,1.024621
2013-11-13,,5.492726,7.960603569,,,,0.968902,1.664448372,2.04248624,1153.8132092,0.8936827,1.2599464,1.30468853,15.084092,,9009.98988553,,0.99968011,0.92908437,1.2488555,1.067569,,0.9593352,0.9999999,8.525516,0.8802616,100.43781142,,1.14100459,,,1.026074
2013-11-14,,5.638256,8.172398706,,,,0.991921,1.673425673,2.06126173,1168.7038171,0.9048878,1.2767389,1.33349777,15.285002,,9523.91543792,,1.01686575,0.95213413,1.2740762,1.095931,,0.9787791,1.0028904,8.772416,0.89471332,100.3704855,,1.15850822,,,1.055072
2013-11-18,,5.654139,8.196434795,,,,0.997213,1.668778113,2.07481667,1180.7422613,0.9138908,1.2892153,1.33322327,15.308069,,9733.89260412,,1.01944125,0.95600149,1.2791663,1.0991,,0.9841961,1.0032751,8.805579,0.89047924,101.44048717,,1.16201468,,,1.052149
2013-11-19,,5.553784,8.052024808,,,,0.983851,1.660140661,2.06648924,1161.2508492,0.8988788,1.2680965,1.31334571,15.183234,,9808.59753597,,0.99724154,0.93809404,1.2633093,1.079671,,0.9689765,0.9999999,8.636162,0.88317115,99.75384061,,1.16105389,,,1.039505
2013-11-20,,5.553149,8.052068179,,,,0.983704,1.660056132,2.06637227,1161.2257113,0.8987107,1.2680195,1.3132295,15.191135,,9807.74044753,,0.99703183,0.93800618,1.2632677,1.079623,,0.9689724,0.9999999,8.635963,0.88310673,99.74616647,,1.16096586,,,1.039495
2013-11-21,,5.571838,8.080135122,,,,0.98404,1.651233983,2.06488414,1158.7530436,0.8966764,1.26544,1.30232048,15.197996,,10010.7516553,,0.9924679,0.93958035,1.2612546,1.083334,,0.9718128,1.0,8.638482,0.8762761,100.47224645,,1.17530907,,,1.038841
2013-11-22,,5.626552,8.160431439,,,,0.993891,1.65115645,2.07791644,1155.2415026,0.8938502,1.2624246,1.30559735,15.264385,,10031.60723348,,1.00010054,0.9505171,1.2759181,1.09405,,0.978488,1.0,8.750988,0.88266362,100.04090795,,1.19091579,,,1.050339
2013-11-25,,5.59117,8.110145563,,,,0.993496,1.641968017,2.07239434,1151.1268788,0.8905645,1.2579584,1.30243131,15.20948,,9927.91143947,,0.99355872,0.94037851,1.2665502,1.087249,,0.9700531,1.0,8.704815,0.87812885,101.13433428,,1.18616356,,,1.04612
2013-11-26,,5.627491,8.163789955,,,,0.993571,1.6465457,2.0838055,1142.6414745,0.8839377,1.2486747,1.31183086,15.28612,,9723.96941393,,0.99457592,0.93636703,1.282133,1.094391,,0.9767317,0.9999999,8.734203,0.87613062,101.03290212,,1.18967042,,,1.050327
2013-11-27,,5.629901,8.168283277,,,,0.992642,1.650624539,2.08423074,1141.2675823,0.8827427,1.24712,1.310727,15.276664,,9839.34511271,,0.99442292,0.94345256,1.2851617,1.094938,,0.9783353,0.9999999,8.737065,0.88109561,98.60832029,,1.19458142,,,1.050484
2013-11-28,,5.631943,8.17224714,,,,0.992724,1.650934272,2.08873708,1147.2116431,0.8871275,1.2535591,1.31346083,15.297647,,9851.12777348,,1.00471039,0.95076133,1.2929719,1.095415,,0.9814317,0.9999999,8.740546,0.88236349,99.31070804,,1.21617809,,,1.051126
2013-11-29,,5.677937,8.239954086,,,,1.001331,1.668968566,2.11068666,1146.0619632,0.8861031,1.2522491,1.32501307,15.359853,,9883.78228981,,1.01499473,0.96448221,1.3024854,1.10444,,0.9889405,0.9999999,8.808992,0.89035081,101.01361209,,1.22989376,,,1.059221
2013-12-02,,5.612574,8.146156776,,,,0.994288,1.639563095,2.08023413,1125.4042401,0.8702068,1.2296265,1.31056357,15.271782,,9811.78906583,,1.00181926,0.94867129,1.2861607,1.091814,,0.9793057,0.9999999,8.708245,0.87987407,99.13197309,,1.22237908,,,1.047387
2013-12-03,,5.52043,8.013466893,,,,0.977215,1.614969583,2.06075804,1114.7654439,0.8619092,1.2179443,1.29608932,15.125182,,9637.73841061,,0.97949413,0.93090207,1.2677749,1.073973,,0.9635288,0.9974299,8.561274,0.87107457,97.69936951,,1.20539537,,,1.028821
2013-12-04,,5.480545,7.95655833,,,,0.973635,1.601714396,2.05107733,1113.5022505,0.8608029,1.2165087,1.28885185,15.058367,,9694.55413703,,0.97144222,0.92751981,1.2605621,1.066297,,0.9589167,0.9920123,8.525958,0.87066306,99.96331495,,1.20122547,,,1.022344
2013-12-05,,5.502857,7.989900828,,,,0.971023,1.603176101,2.04196804,1117.7508499,0.863883,1.2210923,1.2910083,15.139832,,9716.063617,,0.97482905,0.93248687,1.271345,1.070716,,0.9687572,0.993261,8.583113,0.87487455,100.15863189,,1.1873942,,,1.034953
2013-12-06,,5.509536,8.000574003,,,,0.967356,1.590356021,2.05250123,1113.4003859,0.8604394,1.2162891,1.28924995,15.160655,,9597.10476894,,0.97305357,0.93094974,1.2689418,1.072093,,0.9690594,0.9916691,8.596504,0.87638957,99.65673226,,1.17524676,,,1.037701
2013-12-09,,5.522698,8.02065664,,,,0.970642,1.580369455,2.04216704,1110.5036717,0.8580991,1.2130739,1.28809733,15.160423,,9509.53220452,,0.97055642,0.93051973,1.2681398,1.074731,,0.9675038,0.990749,8.600956,0.87513513,100.1048358,,1.131845,,,1.0445
2013-12-10,,5.491594,7.976489953,,,,0.967148,1.579799729,2.03719114,1115.1370782,0.8614765,1.2180744,1.27750226,15.130472,,9536.08827479,,0.96931754,0.9261629,1.2631414,1.068757,,0.9681937,0.9827018,8.598647,0.87949973,99.47072727,,1.15453351,,,1.040928
2013-12-11,,5.442152,7.905682918,,,,0.95238,1.577968814,2.02055186,1104.3003086,0.8531006,1.2061934,1.26152982,15.000764,,9420.50525987,,0.95871225,0.91192801,1.2533491,1.05921,,0.9576292,0.9709903,8.520028,0.87501002,96.05600277,,1.16624184,,,1.031199
2013-12-12,,5.409655,7.859458123,,,,0.950012,1.570618408,1.98816593,1101.5999178,0.8509068,1.2031914,1.25665547,14.942499,,9483.48746861,,0.96035304,0.90366748,1.2459266,1.05296,,0.9513182,0.9678338,8.486159,0.86884062,98.24030289,,1.17347191,,,1.027951
2013-12-13,,5.412343,7.864317365,,,,0.948778,1.563051024,1.96775779,1089.7961087,0.8417973,1.1902557,1.25758393,14.945822,,9514.45110155,,0.95310384,0.90345936,1.2435979,1.053558,,0.9500332,0.9687291,8.475557,0.8585361,98.20019155,,1.16104602,,,1.023894
2013-12-16,,5.401422,7.849418337,,,,0.944054,1.57142294,1.97529409,1082.2050867,0.8358892,1.1819176,1.25675722,14.98343,,9556.39631546,,0.95362153,0.89822042,1.2439804,1.051508,,0.9521668,0.9681627,8.447841,0.85835921,98.10492,,1.16825129,,,1.019026
2013-12-17,,5.411002,7.864291076,,,,0.946679,1.568373463,1.99736793,1081.3716544,0.8351155,1.1809538,1.25951688,14.993964,,9594.5052788,,0.96034612,0.90215522,1.2441748,1.053448,,0.9492895,0.970047,8.459293,0.85062659,98.46964709,,1.17101829,,,1.020641
2013-12-18,,5.404385,7.855643936,,,,0.944092,1.56276652,1.97606759,1074.5817845,0.8298167,1.1734903,1.26739849,15.02688,,9661.62915954,,0.95949994,0.90327594,1.2443943,1.052235,,0.9537013,0.9756379,8.47825,0.84911965,99.3622412,,1.17054944,,,1.023875
2013-12-19,,5.425449,7.887201047,,,,0.953989,1.55710759,1.98537304,1087.3456263,0.8393737,1.1873645,1.27876087,15.078487,,9716.23368759,,0.9710972,0.9139953,1.2550761,1.056411,,0.9628173,0.983991,8.546802,0.85489214,99.11840162,,1.17285875,,,1.02792
2013-12-20,,5.441268,7.911153686,,,,0.955764,1.579716369,1.99612619,1091.9284925,0.8427145,1.1923108,1.28215948,15.121323,,9711.89548421,,0.96796193,0.91716407,1.2556127,1.059568,,0.9627801,0.9867838,8.554094,0.85327599,99.35537586,,1.1758963,,,1.031154
2013-12-23,,5.447498,7.921176369,,,,0.956804,1.583636077,2.01335413,1098.4334238,0.8475152,1.1993544,1.28927226,15.160932,,9693.37587095,,0.9707018,0.92539758,1.2588172,1.060857,,0.9641688,0.992614,8.594963,0.85327132,99.53304792,,1.18517111,,,1.030014
2013-12-24,,5.446875,7.921240949,,,,0.956661,1.583517354,2.01318659,1098.4191008,0.8473626,1.1992837,1.28913418,15.14226,,9692.51040327,,0.97047203,0.9253101,1.258733,1.060812,,0.9641644,0.9926027,8.594792,0.85320794,99.52471071,,1.18509834,,,1.030003
2013-12-26,,5.438174,7.909561444,,,,0.953809,1.596271376,2.0232147,1098.9861472,0.8476517,1.1998475,1.28184071,15.151378,,9673.34418498,,0.96756181,0.91891803,1.2495121,1.059193,,0.959825,0.9872359,8.571716,0.84774922,99.23189908,,1.18650156,,,1.031131
2013-12-27,,5.462876,7.946435856,,,,0.957247,1.592680472,2.02465249,1107.0391468,0.853628,1.20858,1.2829878,15.221109,,9601.77224856,,0.96603941,0.92080557,1.2560482,1.064081,,0.9630564,0.9880583,8.596995,0.85249404,101.38385752,,1.19994395,,,1.032259
2013-12-30,,5.512818,8.020021835,,,,0.967731,1.629601525,2.0649906,1120.1423641,0.8634404,1.2228231,1.29377432,15.276184,,9691.04812491,,0.97947776,0.931731,1.2649139,1.073888,,0.9720348,0.9961448,8.666552,0.86387067,103.64097008,,1.21331357,,,1.040517
2013-12-31,,5.512185,8.020091284,,,,0.967594,1.62948735,2.0648454,1120.1253341,0.8632842,1.2227486,1.29366169,15.276683,,9690.20174106,,0.97926576,0.93164375,1.2648433,1.073842,,0.9720299,0.9961334,8.666479,0.86381517,103.63246081,,1.21320345,,,1.040506
2014-01-02,,5.398364,7.85553612,,,,0.947783,1.604568998,2.01236068,1099.7656554,0.8476754,1.200476,1.27315842,15.187015,,9594.53787366,,0.94896628,0.91507713,1.2460538,1.05175,,0.9556335,0.9813242,8.486433,0.85417499,102.90377871,,1.19761762,,,1.016522
2014-01-03,,5.426589,7.897529854,,,,0.949224,1.60097862,2.02234307,1107.7196043,0.8535363,1.2090958,1.2718824,15.154276,,9756.81669297,,0.96213387,0.91806566,1.240906,1.057332,,0.9564202,0.9791535,8.591423,0.85795725,100.15675039,,1.18989275,,,1.027859
2014-01-06,,5.412575,7.878114562,,,,0.94405,1.608152592,2.00371354,1110.4850626,0.8554663,1.2244696,1.26557997,15.095047,,9634.3376402,,0.95275008,0.91192995,1.234363,1.054685,,0.9492657,0.9747892,8.528623,0.85163462,99.02687407,,1.18085421,,1.0,1.027852
2014-01-07,,5.376928,7.827217049,,,,0.938815,1.592898788,2.00144267,1103.3182308,0.8499604,1.2158301,1.26267251,15.045772,,9568.02357933,,0.94551046,0.89482106,1.2314611,1.047814,,0.9448889,0.9733676,8.453155,0.8517841,98.88689246,,1.1760974,,0.98836364,1.016506
2014-01-08,,5.377904,7.829589515,,,,0.940351,1.574844345,1.99135915,1105.6809847,0.8515876,1.2067166,1.26225055,15.030661,,9012.24466399,,0.94417576,0.89607249,1.2319493,1.048079,,0.9432252,0.9731343,8.452487,0.85429867,98.7693571,,1.17248749,,0.98953554,1.018121
2014-01-09,,5.270159,7.673760453,,,,0.925753,1.54874704,1.94803389,1084.6975673,0.8357949,1.183821,1.24308813,14.920745,,8779.86027601,,0.92951312,0.87490299,1.2150425,1.027154,,0.9257363,0.9589707,8.296522,0.84140417,97.37547073,,1.15529895,,0.9733531,0.995269
2014-01-10,,5.303813,7.723656265,,,,0.935913,1.55876196,1.94922341,1088.8606385,0.8387075,1.188298,1.24083146,15.018008,,8738.05041296,,0.94239627,0.88363406,1.2245372,1.033785,,0.9351911,0.9573236,8.327026,0.84831299,97.62519479,,1.16350747,,0.98059847,0.998829
2014-01-13,,5.284365,7.696301033,,,,0.931123,1.564247306,1.94554398,1085.6556179,0.8361119,1.184732,1.23483543,14.914077,,8721.45301437,,0.94140264,0.87934619,1.223535,1.030068,,0.930699,0.9523666,8.332393,0.84100496,95.21392545,,1.15864945,,0.97880808,0.99866
2014-01-14,,5.318483,7.746904471,,,,0.939642,1.557964112,1.95196665,1092.7453913,0.8412989,1.1924028,1.24440602,14.994382,,8849.78009808,,0.94777468,0.88888675,1.2350095,1.036792,,0.9330833,0.9599553,8.370812,0.83798342,95.29760069,,1.16318509,,0.98397849,1.004488
2014-01-15,,5.346295,7.788348807,,,,0.941486,1.564674637,1.96581639,1092.798007,0.8411976,1.1924054,1.25054005,15.035783,,8822.67993822,,0.95542583,0.89784307,1.2420901,1.042288,,0.9366823,0.9646859,8.427439,0.8419773,96.38849163,,1.17012577,,0.98994415,1.010639
2014-01-16,,5.308677,7.734533213,,,,0.93968,1.558559016,1.94862979,1088.6603649,0.8379477,1.1878421,1.24798149,14.998747,,8822.64762401,,0.95062447,0.89599479,1.2337258,1.035028,,0.9299648,0.9628199,8.375107,0.83873005,96.1826572,,1.155903,,0.98512166,0.978065
2014-01-17,,5.278166,7.691042429,,,,0.934109,1.547184532,1.95407469,1083.0909464,0.8336223,1.1817189,1.24272014,14.9408,,8863.36898715,,0.94640176,0.88820015,1.2227075,1.029152,,0.9172128,0.9587509,8.338933,0.83156944,94.93933117,,1.14762412,,0.9801919,0.997017
2014-01-20,,5.258518,7.663364354,,,,0.930459,1.53011335,1.95156119,1075.7268054,0.8279488,1.1736404,1.2360601,14.882318,,8863.03345655,,0.93615324,0.88147727,1.2183336,1.025394,,0.9123693,0.9540581,8.303725,0.834694,95.27873128,,1.14918991,,0.9759187,0.995391
2014-01-21,,5.252057,7.654886668,,,,0.928233,1.519088296,1.95226286,1071.6774943,0.8247666,1.1691741,1.23544132,14.870048,,8990.3866235,,0.92937397,0.87857262,1.2109942,1.024206,,0.9043251,0.9538867,8.279266,0.82803477,95.04384793,,1.13633363,,0.97237749,0.992631
2014-01-22,,5.302773,7.72970567,,,,0.929484,1.524729076,1.97576819,1075.9436192,0.827833,1.1737688,1.23548682,14.897866,,9032.18016907,,0.94003961,0.88101133,1.225724,1.03417,,0.9122784,0.9540536,8.354579,0.83325486,94.16697863,,1.14251373,,0.98025635,1.000241
2014-01-23,,5.240239,7.639547979,,,,0.915438,1.505643852,1.96760526,1065.3651366,0.8196745,1.16211,1.22655007,14.768369,,9150.08571806,,0.92900213,0.86646712,1.2111921,1.022047,,0.9043529,0.9473744,8.252829,0.81594797,94.73998063,,1.13913796,,0.96926535,0.990513
2014-01-24,,5.13833,7.491973915,,,,0.898593,1.479930503,1.95425289,1049.9206794,0.8079308,1.1452277,1.2157123,14.633769,,8977.61449025,,0.91628949,0.85820499,1.1944504,1.002239,,0.8951242,0.9397065,8.12118,0.8030306,95.35939051,,1.12103859,,0.95714134,0.973818
2014-01-27,,5.150553,7.510687646,,,,0.896976,1.472585208,1.97177161,1044.2192019,0.8035091,1.1389623,1.21022972,14.584732,,8925.83521084,,0.91611058,0.8505685,1.1848875,1.004693,,0.8929327,0.9358202,8.095007,0.79600578,94.92983187,,1.12060966,,0.95323929,0.973488
2014-01-28,,5.183754,7.560001997,,,,0.900623,1.476618626,1.97314575,1045.2043161,0.8041123,1.1399831,1.2067462,14.591444,,8874.32871792,,0.91495876,0.84820857,1.1924164,1.011242,,0.8961926,0.9335538,8.131593,0.79688334,95.0695245,,1.11672031,,0.95557773,0.975912
2014-01-29,,5.134182,7.488637423,,,,0.893161,1.4738729,1.96379179,1034.3301245,0.7958042,1.1280809,1.19441282,14.544965,,8749.4910883,,0.90561245,0.85174903,1.1801255,1.001637,,0.8948581,0.924793,8.037114,0.78999756,93.90505947,,1.1126044,,0.94666689,0.966184
2014-01-30,,5.049701,7.366380023,,,,0.875831,1.451123489,1.9581651,1026.7132818,0.7897938,1.1197291,1.17995208,14.491276,,8681.42692805,,0.89376592,0.83925312,1.168378,0.985222,,0.8849837,0.914225,7.953761,0.78921848,94.33937786,,1.11991127,,0.93730461,0.956457
2014-01-31,,5.036157,7.347518669,,,,0.879169,1.452893349,1.9750158,1026.5775078,0.7894054,1.1195303,1.18521503,14.465852,,8641.97151237,,0.89475999,0.84228338,1.1717442,0.982647,,0.8866796,0.9184362,7.946144,0.79046822,94.16959239,,1.1127763,,0.93786755,0.953695
2014-02-03,,4.911107,7.166049867,,,,0.85894,1.421130658,1.95473903,999.7566974,0.7689614,1.0902502,1.17148446,14.175674,,8575.58500512,,0.86875041,0.81822516,1.1398126,0.958317,,0.8652856,0.9081735,7.76732,0.77420513,92.51223232,1000.0,1.09304282,,0.9194832,0.930358
2014-02-04,,4.95321,7.228296891,,,,0.866435,1.415995096,1.95708834,998.2400306,0.767635,1.0885646,1.18012773,14.339136,,8667.98401425,,0.87193057,0.82616299,1.1500598,0.966607,,0.8722254,0.9146844,7.816976,0.77634521,91.07890443,1002.4988111,1.097739,,0.92446805,0.936184
2014-02-05,,4.927044,7.190988832,,,,0.866249,1.403542892,1.95334377,992.1564751,0.7629633,1.0819794,1.17409975,14.331463,,8572.92990726,,0.865578,0.82404706,1.1479564,0.961573,,0.8681057,0.9107264,7.764387,0.77862747,89.65919393,999.0882871,1.09698809,,0.91715065,0.940063
2014-02-06,,4.995153,7.291208608,,,,0.877948,1.418649793,1.96050906,1009.3979872,0.7756756,1.1004447,1.19367366,14.505232,,8638.64487221,,0.88640285,0.83626442,1.1688939,0.974925,,0.8855221,0.9250924,7.853137,0.79584896,90.06836658,1007.2097047,1.10604168,,0.92928848,0.941029
2014-02-07,,5.027975,7.33998366,,,,0.884469,1.430300627,1.96139182,1014.8110314,0.7796635,1.106197,1.2039043,14.574254,,8619.95490771,,0.89420186,0.83663995,1.1783467,0.981397,,0.894511,0.9327804,7.887264,0.79799269,92.75205911,1013.3344357,1.11586337,,0.93354969,0.944911
2014-02-10,,4.97664,7.265967289,,,,0.875619,1.417340439,1.95043753,1001.4357363,0.7694625,1.0915893,1.19553282,14.508486,,8553.19169529,,0.88726357,0.82370687,1.1697474,0.971442,,0.8850111,0.9268887,7.829383,0.78931794,91.57045677,1006.8364067,1.11015217,,0.92617903,0.936641
2014-02-11,,5.016016,7.324295679,,,,0.88928,1.417706417,1.96375176,1011.9756705,0.7772055,1.1029939,1.20198939,14.594828,,8758.95871222,,0.90006931,0.83372938,1.1773014,0.979194,,0.8971006,0.9320329,7.913571,0.79521965,91.83738977,1010.5463511,1.11665016,,0.93534605,0.948462
2014-02-12,,4.992878,7.291415674,,,,0.882757,1.412879784,1.96460744,1006.1356597,0.7727,1.0965955,1.1987984,14.557308,,8813.79380981,,0.8963832,0.83641882,1.1708065,0.974743,,0.8905054,0.9298918,7.870612,0.79247839,90.72553425,1002.5066522,1.12112374,,0.93041957,0.948617
2014-02-13,,4.946531,7.224635361,,,,0.88135,1.400301865,1.94507493,998.8286696,0.7670982,1.0886031,1.19392443,14.56118,,8778.47292975,,0.89271837,0.83437691,1.1644106,0.965758,,0.8847234,0.9263549,7.819103,0.7939146,90.44816274,998.308601,1.11777782,,0.9251416,0.935324
2014-02-14,,4.949039,7.229158307,,,,0.886028,1.399035976,1.9496417,1005.0061862,0.7715795,1.0952665,1.1963079,14.569124,,8876.1360287,,0.907311,0.83959883,1.1731167,0.966311,,0.8914466,0.9281288,7.863798,0.80038234,91.29142296,1003.9634707,1.12036536,,0.93078773,0.939527
2014-02-17,,4.895144,7.151344282,,,,0.880587,1.383604811,1.93709489,998.2671833,0.7664033,1.0878848,1.1774201,14.519078,,9069.32215159,,0.90134327,0.83320716,1.1602118,0.955851,,0.883051,0.9144584,7.777245,0.79707645,90.43217527,1001.3045168,1.11709351,,0.9218714,0.932248
2014-02-18,,4.76943,6.96863531,,,,0.853904,1.349923008,1.91588361,986.4456836,0.7574286,1.0753224,1.16126028,14.374729,,8974.49356254,,0.87105722,0.81615507,1.1357585,0.931361,,0.8631339,0.9034906,7.60135,0.78193044,90.09369049,987.96515,1.10773669,,0.89983738,0.913952
2014-02-19,,4.796128,7.008446607,,,,0.85119,1.339560477,1.91186864,990.0666994,0.7599978,1.0785458,1.1587354,14.362586,,8923.58143468,,0.86817816,0.81637568,1.1447919,0.936636,,0.8643417,0.902078,7.664534,0.78407551,90.01955923,984.3840122,1.10088785,,0.90575481,0.913965
2014-02-20,,4.797469,7.011251677,,,,0.855487,1.337801461,1.90702638,994.811419,0.763362,1.0835199,1.16692135,14.376559,,9011.3301637,,0.87618508,0.82084638,1.1537635,0.93696,,0.8686346,0.9079324,7.693808,0.78964991,89.96813323,978.019232,1.10312096,,0.907629,0.920945
2014-02-21,,4.859591,7.102837664,,,,0.86149,1.351643115,1.91071514,1003.6285676,0.7697316,1.0900467,1.17688041,14.428541,,9013.45251802,,0.88492191,0.81814102,1.1663227,0.949158,,0.8754598,0.9152545,7.76824,0.79760931,90.03869375,992.3113958,1.10421948,,0.91510765,0.926467
2014-02-24,,4.910424,7.177967103,,,,0.868961,1.378741695,1.91935147,1012.1393873,0.776082,1.10211577,1.18911164,14.507045,,9064.83841397,,0.88296015,0.82093262,1.1793195,0.959153,,0.8762649,0.9246485,7.85272,0.80874568,90.80721351,994.8195617,1.1066769,,0.92241275,0.934258
2014-02-25,,4.879215,7.133242658,,,,0.863042,1.36385019,1.90875438,1006.4866903,0.7717174,1.0959719,1.18976723,14.483637,,9104.4044036,,0.87373287,0.81591884,1.1723496,0.95312,,0.8716546,0.925344,7.774391,0.80879433,90.71184155,992.456288,1.09515533,,0.91352455,0.928438
2014-02-26,,4.891425,7.15193971,,,,0.871255,1.352168728,1.92660685,1009.1429146,0.773564,1.0987902,1.19749836,14.524576,,9111.78904361,,0.87246892,0.82085171,1.1771711,0.95557,,0.8755227,0.9304934,7.791858,0.81469207,91.04578454,999.0925094,1.09620951,,0.9153451,0.930557
2014-02-27,,4.973762,7.273137921,,,,0.880302,1.357713358,1.93620466,1021.7251587,0.7828298,1.1123171,1.21903869,14.585708,,9265.34803645,,0.8878052,0.83215433,1.18697,0.971724,,0.8812711,0.9458675,7.923742,0.82838099,91.93513732,1003.4549834,1.09598766,,0.93007864,0.946773
2014-02-28,,4.954156,7.245372769,,,,0.874091,1.352129097,1.94387525,1015.6738465,0.7781666,1.105741,1.21125215,14.573546,,9231.52178905,,0.87716581,0.83901845,1.177614,0.967977,,0.8752747,0.9405378,7.890129,0.8254071,91.65966628,997.3502812,1.09730237,,0.92619136,0.942411
2014-03-05,,4.951961,7.243036617,,,,0.868885,1.347436528,1.95894189,1015.3281417,0.777766,1.1053199,1.19494243,14.582435,,9197.55710371,,0.8703141,0.83851182,1.1776775,0.967619,,0.8699635,0.9286447,7.864446,0.82125843,91.05062879,997.9790781,1.09858717,,0.9236073,0.935457
2014-03-06,,4.982738,7.288908869,,,,0.872913,1.35046718,1.96659897,1021.7566916,0.7823702,1.1121188,1.21863198,14.621066,,9188.46349878,,0.88469501,0.84361241,1.1857542,0.973711,,0.8754574,0.9450566,7.916172,0.82235831,91.25516031,1004.2279384,1.10327733,,0.9304178,0.942112
2014-03-07,,4.919919,7.19794318,,,,0.857802,1.346081933,1.93095002,1011.3485925,0.774446,1.100842,1.20246352,14.550031,,9144.69297276,,0.86589255,0.83361419,1.1690997,0.96148,,0.8662062,0.9333567,7.790714,0.81648186,93.29420967,997.2227584,1.09261636,,0.91559861,0.930131
2014-03-10,,4.816516,7.047590094,,,,0.850478,1.331081122,1.88577015,996.1957005,0.7630335,1.0844466,1.17997296,14.453034,,9255.36430721,,0.84707652,0.82228579,1.1553438,0.941307,,0.8543161,0.9169968,7.665327,0.80757353,91.83783917,986.6248964,1.08636365,,0.90038784,0.913778
2014-03-11,,4.847246,7.093368332,,,,0.855518,1.334413934,1.89488203,1002.2887089,0.7674248,1.0909732,1.18491907,14.478901,,9237.16919923,,0.8487067,0.83362347,1.1676493,0.947367,,0.8616421,0.9207126,7.707482,0.8100195,92.18785291,994.8299905,1.09611602,,0.90567644,0.922519
2014-03-12,,4.851454,7.100384892,,,,0.858361,1.313064471,1.89701049,997.9276786,0.76404,1.0862211,1.18086762,14.503874,,9108.60713585,,0.85659641,0.83255653,1.1645433,0.948239,,0.861342,0.9179415,7.707133,0.80500815,90.81487111,992.6850431,1.09904664,,0.90877674,0.91968
2014-03-13,,4.840825,7.085815022,,,,0.856309,1.299765425,1.88350643,986.7075297,0.755463,1.0740683,1.18004291,14.420043,,9039.58870396,,0.85084341,0.8278743,1.1662015,0.946215,,0.8600259,0.9172743,7.711276,0.80173663,90.19903931,991.6897318,1.10131098,,0.9120421,0.922258
2014-03-14,,4.75674,6.963643379,,,,0.844863,1.299231104,1.8713429,978.9456933,0.7495213,1.0656479,1.17797769,14.410402,,9014.5705658,,0.83276144,0.82636344,1.1437765,0.929822,,0.8488768,0.9142545,7.605751,0.79895702,87.05991565,979.3098028,1.09733958,,0.89987475,0.917552
2014-03-17,,4.738055,6.937124089,,,,0.841839,1.299031546,1.86766792,979.5797937,0.749856,1.0662858,1.18169718,14.443899,,8840.46374158,,0.82993441,0.82701806,1.1482727,0.926213,,0.8508989,0.9162662,7.580459,0.80097319,89.42281603,975.4057817,1.09558487,,0.89652675,0.910257
2014-03-18,,4.826552,7.067471723,,,,0.856568,1.305021911,1.87954487,991.9240859,0.7589437,1.0795573,1.20155423,14.56051,,8981.92763608,,0.84466927,0.83990028,1.1779702,0.943565,,0.8700671,0.9311006,7.733723,0.81156061,90.4698602,995.765315,1.1186892,,0.9125288,0.923843
2014-03-19,,4.86212,7.120398327,,,,0.867961,1.309000975,1.867414,996.5260177,0.7622433,1.0844754,1.21311438,14.55056,,9432.50538007,,0.85041431,0.84116351,1.1804201,0.95057,,0.8749587,0.9400873,7.793127,0.82076901,90.56054527,994.9508468,1.12441604,,0.9202075,0.928824
2014-03-20,,4.927613,7.217134736,,,,0.876635,1.32587176,1.87863201,1008.9475424,0.7713516,1.0978295,1.23546222,14.666135,,9622.23279949,,0.85616754,0.85199757,1.1900005,0.963428,,0.8843635,0.9575405,7.867649,0.83067804,90.59067607,1004.6561088,1.13451487,,0.92898607,0.939336
2014-03-21,,4.954999,7.258112092,,,,0.880209,1.347531721,1.87374628,1013.978398,0.7749552,1.1032097,1.23839883,14.629027,,9482.54650754,,0.85397556,0.85273118,1.1918754,0.968836,,0.8843313,0.9598394,7.924105,0.83549077,88.72501904,1012.2498395,1.13853477,,0.93274435,0.943902
2014-03-24,,4.985157,7.303150294,,,,0.889595,1.338838449,1.88655799,1014.6589063,0.7753187,1.1038962,1.24736604,14.631863,,9871.83328701,,0.86138877,0.85414951,1.1937662,0.974786,,0.887164,0.9667715,7.961275,0.83269115,87.78767813,1016.1342237,1.13911638,,0.93792434,0.945867
2014-03-25,,4.97771,7.293133846,,,,0.888364,1.335568951,1.87629381,1008.2836903,0.7705473,1.0969706,1.2418259,14.639463,,9771.57009652,,0.85513195,0.85481207,1.1948486,0.973379,,0.8858575,0.9627617,7.963468,0.82737891,88.96879494,1015.1200914,1.13129658,,0.9386186,0.949466
2014-03-26,,4.963117,7.272644042,,,,0.880888,1.313130987,1.87517475,1001.8015077,0.7656988,1.0899298,1.23785695,14.572738,,9646.12679588,,0.84831873,0.84853441,1.1909395,0.970573,,0.8783194,0.9598836,7.918991,0.83883326,89.19598886,1011.0481047,1.11994911,,0.9328864,0.939731
2014-03-27,,5.060158,7.415653377,,,,0.896991,1.339369556,1.93101447,1017.6476192,0.7771159,1.1069784,1.26461144,14.70483,,9848.74578285,,0.86703175,0.86016656,1.2112661,0.98961,,0.8956983,0.9802013,8.075716,0.8607617,88.569132,1023.1202981,1.12649403,,0.94784744,0.958386
2014-03-28,,5.098312,7.472456067,,,,0.904721,1.347630745,1.95744398,1024.4490525,0.7820374,1.114303,1.27549309,14.747152,,9471.84224348,,0.87365944,0.86630278,1.2200406,0.997128,,0.8987828,0.9886749,8.144792,0.86651596,89.15273047,1029.9642627,1.13421356,,0.95298007,0.970488
2014-03-31,,5.159475,7.562963681,,,,0.91749,1.360203018,1.96863146,1042.0312528,0.7949869,1.133313,1.28724216,14.920346,,9580.03075573,,0.87740884,0.87710667,1.2413904,1.009148,,0.9109895,0.9977481,8.247015,0.8756551,89.40822636,1042.360104,1.15148409,,0.96559069,0.980486
2014-04-01,,5.145426,7.543289949,,,,0.911778,1.35928701,1.97840659,1038.3156427,0.7920772,1.1292342,1.27559847,14.949616,,9575.18518711,,0.87552017,0.87251581,1.2323993,1.006477,,0.908105,0.9890151,8.214592,0.87776585,89.6654972,1045.7106578,1.14875858,,0.96018951,0.976222
2014-04-02,,5.229094,7.666791267,,,,0.929569,1.37475853,1.98727366,1053.985806,0.8035442,1.1460786,1.29023112,15.091893,,9772.3779118,,0.8915783,0.88449447,1.2456255,1.022931,,0.9223425,1.0,8.355751,0.88806183,89.91005496,1057.5089982,1.15367785,,0.97616352,0.994161
2014-04-03,,5.189799,7.610133671,,,,0.9263,1.374333646,1.97906428,1052.230872,0.8020923,1.1441224,1.28329914,15.037323,,9722.46319465,,0.88835169,0.87810265,1.2378237,1.015298198,,0.9147638,0.995092,8.306574,0.88999698,89.77827464,1051.9597,1.15109093,,0.9675501,0.984364
2014-04-04,,5.170538,7.582811838,,,,0.926077,1.376787027,1.97656275,1052.7044307,0.8023016,1.144582,1.28179159,14.964293,,9403.54354457,,0.88528358,0.87241772,1.2343523,0.0,,0.9146526,0.9939716,8.288738,0.89864054,89.8228794,1052.4766151,1.14898072,,0.96523,0.984791
2014-04-07,,5.143904,7.544673641,,,,0.930689,1.36839137,1.97983773,1054.0699284,0.8031751,1.1460083,1.28095304,14.937766,,8944.34423979,,0.887634,0.87833557,1.2313318,0.0,,0.916311,0.9933174,8.268468,0.89404149,89.23954052,1043.222259,1.15291919,,0.96248339,0.985396
2014-04-08,,5.142925,7.544145479,,,,0.925232,1.359849256,1.98032293,1048.7368423,0.7990601,1.1401736,1.27910469,14.910962,,8999.73417164,,0.88672323,0.87278409,1.2189431,0.0,,0.9120124,0.9920729,8.26348,0.89872407,88.3430573,1041.7775021,1.14977858,,0.95943653,0.981463
2014-04-09,,5.10943,7.495945593,,,,0.919836,1.360144889,1.96618518,1051.5855176,0.8010385,1.1432069,1.27676158,14.947822,,8993.05150383,,0.88165117,0.86836353,1.2092198,0.0,,0.9068784,0.9904217,8.210582,0.89728844,88.6333868,1038.3619572,1.14393153,,0.95354988,0.978185
2014-04-10,,5.09824,7.480432463,,,,0.915411,1.348531698,1.97136431,1064.89176,0.8108043,1.1570348,1.27894035,14.859741,,8905.81214466,,0.87254617,0.87716642,1.209413,0.0,,0.9034317,0.992133,8.215029,0.89083439,88.06466881,1033.8200034,1.13627615,,0.95475368,0.978136
2014-04-11,,5.118128,7.510505843,,,,0.918234,1.358401933,1.97530413,1054.2503164,0.8027355,1.1459874,1.30388626,14.909925,,8944.79908441,,0.87654069,0.87565404,1.2265356,0.0,,0.9139409,0.9999999,8.23178,0.88167911,85.70185476,1034.8446235,1.14449509,,0.95744951,0.97874
2014-04-14,,5.105002,7.492164353,,,,0.919748,1.359921814,1.97503858,1056.1717065,0.8040229,1.1479391,1.31395576,14.947524,,8946.14621832,,0.87663022,0.87568089,1.2204608,0.0,,0.9153817,0.9999999,8.224421,0.87682165,86.21199181,1036.4222632,1.14191287,,0.95722492,0.978049
2014-04-15,,5.033369,7.38798173,,,,0.908245,1.357291165,1.95326915,1044.4738748,0.7951681,1.1352824,1.30150544,14.898033,,8864.82801804,,0.86178175,0.86393739,1.2078806,0.0,,0.906553,0.9999999,8.097655,0.8618028,85.91368244,1031.1105375,1.13706619,,0.94498258,0.966672
2014-04-16,,5.111983,7.504207402,,,,0.919018,1.375961215,1.95909931,1057.9450294,0.8050573,1.1496262,1.32142339,15.030363,,8987.25763728,,0.86924238,0.87211051,1.2222838,0.0,,0.9203022,0.9999999,8.21558,0.86731771,86.05225075,1046.9350717,1.14655124,1.0,0.95672633,0.974872
2014-04-17,,5.121935,7.519732032,,,,0.923951,1.381221311,1.9534258,1065.3832409,0.8106149,1.1575837,1.33564911,15.078323,,8997.6184726,,0.87489449,0.8827296,1.2288385,0.0,,0.9247746,1.0020673,8.266888,0.87045064,87.72124783,1049.204296,1.14901722,1.00359344,0.9635461,0.981953
2014-04-22,,5.135668,7.540796794,,,,0.919284,1.390352639,1.95192636,1069.1136664,0.8133057,1.1614946,1.33327274,15.095548,,8963.13631881,,0.86884345,0.8821361,1.2379904,0.0,,0.9220292,1.0009699,8.2821,0.86547816,88.59776483,1054.0043447,1.1488017,0.99795089,0.96417311,0.984014
2014-04-23,,5.052925,7.4202631,,,,0.908631,1.38023357,1.94344486,1055.3553878,0.8024778,1.1465715,1.32013899,15.013513,,8864.36840246,,0.8609232,0.86998338,1.2204586,0.0,,0.9099863,0.9999999,8.182108,0.85389982,87.37725995,1041.5604815,1.14225694,0.98469846,0.95257487,0.972799
2014-04-24,,5.044729,7.409116429,,,,0.908326,1.380689102,1.9418024,1058.6733176,0.8048506,1.1499499,1.31337671,14.985367,,8707.44817,,0.85965827,0.86701101,1.2241677,0.0,,0.9074124,0.9999999,8.180906,0.8545158,88.10956929,1036.0649391,1.14327602,0.98549184,0.95198814,0.973079
2014-04-25,,4.991975,7.332564707,,,,0.900809,1.378237323,1.93564139,1049.5132904,0.7977712,1.139812,1.30022141,14.907704,,8721.33871186,,0.85277624,0.85798427,1.2255494,0.0,,0.8994361,1.0,8.084652,0.85275902,88.17419324,1024.1949774,1.14733341,0.98355596,0.94263327,0.96316
2014-04-28,,4.975444,7.309170372,,,,0.898515,1.369451536,1.92230388,1051.5989307,0.7990781,1.1418584,1.29732796,14.935701,,8385.49559432,,0.85187403,0.85726287,1.2262237,0.0,,0.8972898,1.0,8.074223,0.85048337,87.25957787,1020.1326452,1.15255936,0.98101811,0.94050638,0.958745
2014-04-29,,5.039404,7.403973416,,,,0.906989,1.362253169,1.92777613,1059.9867627,0.8049348,1.1509271,1.31393759,14.946285,,8134.46538322,,0.85824142,0.86263962,1.2364424,0.0,,0.9025096,1.0,8.144421,0.86079922,85.94217468,1029.8549222,1.15416616,0.99298464,0.94850823,0.966311
2014-04-30,,5.05605,7.429326626,,,,0.915761,1.368844132,1.94071528,1065.028077,0.8085327,1.156282,1.31774996,15.067752,,9755.14060356,,0.85953339,0.86733247,1.2401775,0.0,,0.90736,0.9999999,8.173072,0.86232427,87.33102312,1033.34118,1.15625576,0.99482582,0.95086218,0.971287
2014-05-02,,5.133253,7.543613239,,,,0.934241,1.380784502,1.94073215,1072.6116862,0.8140459,1.164935,1.32970277,15.206806,,9713.78430219,,0.87688982,0.88129496,1.2585905,0.0,,0.9218648,0.9999999,8.313171,0.87456006,88.03314465,1042.2507921,1.15527147,1.00900456,0.968157,0.981282
2014-05-05,,5.159303,7.582803906,,,,0.936647,1.375252469,1.93169215,1080.0830354,0.8193681,1.1727234,1.33971582,15.216563,,9733.1973674,,0.87827631,0.89146837,1.2636586,0.0,,0.9253314,1.0062143,8.33105,0.87535839,88.20295798,1040.2620411,1.16732819,1.0100094,0.97163227,0.985612
2014-05-06,,5.148188,7.567395075,,,,0.93511,1.386375996,1.92632378,1079.9150204,0.8189343,1.1723969,1.34095259,15.210461,,9724.27792247,,0.87660194,0.89325514,1.2657538,0.0,,0.9256083,1.0064057,8.31699,0.8777859,87.47929583,1045.4164338,1.17774846,1.01289099,0.9681735,0.987189
2014-05-07,,5.163004,7.590076182,,,,0.932677,1.398283355,1.93717724,1084.8724385,0.8224721,1.1778462,1.35235995,15.295239,,9715.17778254,,0.88166625,0.89541084,1.2778755,0.0,,0.9299059,1.0147424,8.377818,0.88222244,87.86470074,1048.1305868,1.18244986,1.01808954,0.97290334,0.992005
2014-05-08,,5.195159,7.638245762,,,,0.933051,1.396743144,1.95084551,1087.6843108,0.8243964,1.1807521,1.34358972,15.297352,,9787.59766641,,0.8814517,0.89280672,1.2835295,0.0,,0.9317629,1.0099038,8.383037,0.88135686,86.56438914,1054.5141157,1.18862941,1.01718183,0.97233724,0.991488
2014-05-09,,5.178012,7.613975607,,,,0.928318,1.39556114,1.95628074,1076.5454033,0.8158322,1.1688614,1.34401108,15.320971,,9829.41117783,,0.88417902,0.88484103,1.2801328,0.0,,0.9348211,1.0092433,8.336063,0.8762092,86.61109289,1057.2857831,1.18817853,1.01132163,0.96887545,0.985193
2014-05-12,,5.232899,7.695565962,,,,0.937753,1.405409222,1.95617765,1076.4185655,0.8155498,1.1689884,1.35994047,15.429857,,9828.38081143,,0.89121958,0.895833,1.2921626,0.0,,0.9474515,1.0197264,8.389299,0.8815802,86.13842648,1067.7840708,1.19869185,1.01759934,0.97829583,0.994543
2014-05-13,,5.229875,7.692060482,,,,0.939475,1.416383017,1.96273077,1076.5459032,0.8154566,1.1690831,1.36994386,15.445015,,9948.34103932,,0.89124564,0.89302131,1.2918944,0.0,,0.954852,1.0256151,8.392338,0.87776464,86.28857176,1076.0899435,1.20759201,1.01328159,0.98119522,0.994642
2014-05-14,,5.244138,7.713957831,,,,0.942661,1.420298536,1.97474485,1078.4790173,0.816721,1.1710219,1.37049591,15.415543,,10013.48553409,,0.88967738,0.89444627,1.2987111,0.0,,0.9545565,1.025707,8.392402,0.88033934,86.44393896,1075.1686277,1.21341371,1.0163322,0.9806277,0.993448
2014-05-15,,5.197609,7.646479044,,,,0.937818,1.419393644,1.97701172,1068.7921047,0.8092492,1.1602879,1.35821241,15.35689,,10210.20084232,,0.89100587,0.88572606,1.2869275,0.0,,0.9501397,1.0164375,8.286476,0.8803545,86.61660332,1065.4674507,1.20664171,1.01643634,0.97387886,0.977204
2014-05-16,,5.214272,7.671898196,,,,0.936608,1.423121173,1.975279,1070.3974886,0.8102678,1.1618662,1.35836962,15.400077,,10168.65021464,,0.89284589,0.88593612,1.2933742,0.0,,0.9538167,1.0166282,8.280942,0.88430073,87.16059025,1066.5237832,1.21607672,1.02107775,0.97312596,0.977149
2014-05-19,,5.207393,7.662710432,,,,0.933465,1.433032553,1.97981683,1068.9453466,0.8089876,1.1602018,1.3725991,15.4153,,10318.74725655,,0.88876966,0.87723819,1.2917156,0.0,,0.9493091,1.0245325,8.261605,0.88172302,87.35615698,1066.6599635,1.21643245,1.01819323,0.96811393,0.979361
2014-05-20,,5.160217,7.594245459,,,,0.928113,1.433376877,1.97611402,1062.9841933,0.8043176,1.1535436,1.37227661,15.294036,,10319.85091127,,0.88334438,0.86946196,1.278209,0.0,,0.9385621,1.0229731,8.189011,0.87377188,87.71444674,1061.4775255,1.20990952,1.00909668,0.95870832,0.972993
2014-05-21,,5.160858,7.596098038,,,,0.92859,1.426374266,1.96344631,1065.89698654,0.8063197,1.1565231,1.36583278,15.306054,,10363.96209968,,0.88073692,0.87544817,1.2831098,0.0,,0.9424349,1.0192018,8.191431,0.87322999,88.0553313,1061.2483068,1.2149406,1.00855657,0.9612654,0.97132
2014-05-22,,5.211996,7.672249458,,,,0.938971,1.444713802,1.97701296,1074.7562697,0.8127921,1.1660547,1.3764193,15.351875,,10470.21564798,,0.88540075,0.88192434,1.2893733,,,0.9481916,1.026873,8.257507,0.87426094,88.14232032,1065.0569598,1.22316212,1.00983165,0.97033505,0.976599
2014-05-23,,5.211182,7.671989395,,,,0.936677,1.434221271,1.96720767,1069.89061224,0.8089454,1.1610051,1.37342626,15.388308,,10715.15591255,,0.8847476,0.87894697,1.2867758,,,0.9499119,1.0255506,8.265112,0.87534299,88.2878514,1064.698914,1.21985064,1.0111658,0.97079735,0.978642
2014-05-26,,5.222795,7.690000877,,,,0.940454,1.432562262,1.9722116,1072.12664046,0.8104381,1.1633988,1.38471408,15.420214,,11266.17116738,,0.88869627,0.8864893,1.2949383,,,0.9510968,1.0328466,8.287707,0.87486642,88.30883589,1068.58048,1.22456136,1.01070155,0.97399295,0.979551
2014-05-27,,5.180569,7.628787056,,,,0.930937,1.427294711,1.95981563,1063.31140221,0.8036223,1.1537743,1.37049614,15.390332,,11685.61749308,,0.87701581,0.87866351,1.2830239,,,0.9424158,1.0230066,8.215755,0.87284849,86.96139543,1058.6540572,1.22211667,1.008458,0.96484722,0.974308
2014-05-28,,5.211767,7.675620493,,,,0.934044,1.438985434,1.98307689,1074.74649654,0.8120316,1.1660509,1.37315666,15.438519,,11690.12777165,,0.88016706,0.87867327,1.2934519,,,0.946423,1.0262725,8.295489,0.87025002,87.17704695,1070.5540472,1.2246856,1.00554427,0.97129275,0.980721
2014-05-29,,5.242216,7.721376595,,,,0.935344,1.446638097,1.98882906,1079.65655711,0.8155344,1.1713895,1.37731288,15.480648,,11578.43497124,,0.87949563,0.87961919,1.3063646,,,0.9504444,1.0296339,8.343777,0.86712956,87.20668281,1082.3922634,1.22606995,1.00202785,0.9747211,0.986973
2014-05-30,,5.208609,7.672836685,,,,0.932574,1.434482428,1.9909261,1067.76441614,0.8064048,1.158545,1.37776873,15.454447,,11559.66875161,,0.87852811,0.87260181,1.302891,,,0.9472208,1.0286979,8.266007,0.86634407,86.90325199,1073.3420544,1.22725552,1.00128243,0.96562198,0.979786
2014-06-02,,5.185841,7.640225116,,,,0.93371,1.428493417,1.98213427,1065.06242454,0.8041753,1.1555317,1.3745619,15.466421,,11718.69923059,,0.87846475,0.87356134,1.296116,,,0.9520549,1.0261724,8.241438,0.86107342,86.56291031,1075.0768065,1.22638696,0.99520763,0.96660692,0.975029
2014-06-03,,5.228773,7.704367361,,,,0.942099,1.441047165,1.97685657,1073.5492393,0.8102519,1.16479,1.37851225,15.519998,,11734.85734028,,0.88168036,0.88022069,1.304464,,,0.9595242,1.0303239,8.32693,0.8582365,83.46815813,1084.3729922,1.22830577,0.99202197,0.97708339,0.982089
2014-06-04,,5.231557,7.709405441,,,,0.947191,1.459112656,1.96718969,1076.75757556,0.8123518,1.1681844,1.38160627,15.621104,,11474.61212544,,0.88282917,0.88322818,1.3121455,,,0.9628729,1.0327341,8.34789,0.85249561,82.67482504,1087.4705925,1.23855218,0.98547836,0.97895296,0.98494
2014-06-05,,5.223822,7.698943462,,,,0.944515,1.448932644,1.96030894,1075.02178087,0.8108482,1.1664144,1.3785621,15.635484,,11366.78881192,,0.87909272,0.87782564,1.3171443,,,0.9627755,1.031313,8.361234,0.85254444,83.37479801,1084.6372892,1.23776992,0.98561806,0.97869183,0.989572
2014-06-06,,5.294878,7.804584251,,,,0.958855,1.468933798,1.96199764,1088.34823909,0.8206687,1.1808764,1.39602546,15.755511,,11724.64909541,,0.89059323,0.89066598,1.3326227,,,0.9741059,1.0442035,8.480688,0.85818183,85.01143084,1098.87325,1.24111775,0.99222025,0.99123044,1.002461
2014-06-09,,5.383804,7.936559375,,,,0.971722,1.487964022,1.99309321,1104.83470497,0.8328639,1.1987358,1.40913759,15.892861,,11876.85121004,,0.9041911,0.90087578,1.3472846,,,0.9872691,1.0553221,8.632337,0.86728956,83.95984934,1115.3408374,1.24895499,1.00283583,1.00576114,1.018161
2014-06-10,,5.421651,7.993301784,,,,0.973651,1.493353695,1.99666693,1108.74012144,0.8356014,1.2029127,1.42301352,15.944256,,11900.92565971,,0.90808799,0.90022011,1.3587779,,,0.9946904,1.0655604,8.711453,0.86862291,84.241727,1124.4392785,1.24219269,1.00446278,1.01343804,1.029107
2014-06-11,,5.44755,8.032435552,,,,0.977033,1.499787236,2.00857312,1112.12913913,0.8379484,1.2065298,1.43827898,15.965917,,11891.28423465,,0.91135105,0.90378262,1.3619101,,,0.9978426,1.0755982,8.735127,0.86895285,84.53246371,1127.8976852,1.23837659,1.0049294,1.01615267,1.032767
2014-06-12,,5.446941,8.032513918,,,,0.976872,1.49968846,2.00841448,1112.12647755,0.8377452,1.2064702,1.43816408,15.966742,,11890.32882603,,0.91113302,0.90369737,1.3617787,,,0.9978387,1.0755931,8.734976,0.8689005,84.51714436,1127.8903761,1.23828726,1.00495417,1.01609883,1.032704
2014-06-13,,5.419994,7.99376024,,,,0.978502,1.499916985,1.9991687,1104.28149225,0.8316461,1.1979099,1.43118998,15.985909,,11889.29604074,,0.91281405,0.90287649,1.3633249,,,0.9967292,1.0700377,8.666149,0.86912869,87.32589251,1127.4321014,1.24267546,1.00530334,1.009107,1.024299
2014-06-16,,5.414788,7.98704526,,,,0.976906,1.505069346,2.00924565,1104.18282854,0.8313714,1.1977466,1.44487541,15.983267,,11659.22469047,,0.91794247,0.89767416,1.3557481,,,0.9982583,1.0780633,8.627698,0.86752384,83.93576362,1123.2145814,1.24202761,1.00353292,1.00527124,1.019216
2014-06-17,,5.429821,8.010173942,,,,0.979012,1.510089256,2.01676536,1109.67927201,0.8353031,1.2036447,1.44249885,16.000325,,11632.88629573,,0.91719359,0.90205779,1.356478,,,0.9979181,1.0773992,8.645247,0.86575057,84.30441217,1122.3999321,1.2408131,1.00156762,1.00712227,1.019152
2014-06-18,,5.469829,8.070139979,,,,0.983126,1.512907173,2.02047426,1120.65219158,0.8432388,1.2154307,1.44612142,16.091959,,11620.48508614,,0.91774263,0.90764128,1.3635337,,,1.0037973,1.0806721,8.722371,0.87030287,85.24979936,1128.6987681,1.24737321,1.0069166,1.01606501,1.046663
2014-06-20,,5.416478,7.992439366,,,,0.983805,1.509527737,2.01344595,1111.43982794,0.8359982,1.20541979,1.43949364,16.032246,,11585.07983658,,0.91622289,0.90928155,1.3571251,,,0.9976179,1.075549,8.656771,0.86117372,85.24048036,1118.932963,1.25739664,0.99644421,1.01056696,1.025153
2014-06-23,,5.379419,7.938734183,,,,0.979959,1.504106895,1.99309182,1104.38625538,0.8303814,1.19740698,1.4380902,15.98142,,11542.21242793,,0.90635283,0.90826322,1.3454077,,,0.9920739,1.0736187,8.594308,0.85588215,84.44702183,1111.986462,1.24537475,0.99040882,1.00306884,1.024767
2014-06-24,,5.39187,7.958053372,,,,0.986128,1.509465271,2.01136189,1107.57229815,0.8324633,1.20092452,1.45132514,16.010251,,11509.09593234,,0.91195897,0.90718294,1.358958,,,0.9979183,1.0822775,8.604554,0.85708843,84.1924684,1116.461721,1.2617167,0.99188716,1.00566886,1.016479
2014-06-25,,5.34731,7.893275659,,,,0.976516,1.504169231,1.99076447,1100.4630503,0.8269179,1.1934454,1.43771285,15.968342,,11524.13863687,,0.90416246,0.89355106,1.346915,,,0.9897036,1.0730683,8.541288,0.85400335,85.10141306,1108.7514682,1.25711266,0.98840301,0.99736114,1.015794
2014-06-26,,5.365312,7.920782829,,,,0.976526,1.512813243,1.98963868,1102.9757939,0.8286069,1.1960667,1.4434399,15.99331,,11543.72451343,,0.9036209,0.89629915,1.3469709,,,0.991265,1.0772639,8.572484,0.8495884,85.85837331,1110.2639641,1.26693954,0.9833807,0.9994532,1.012022
2014-06-27,,5.33344,7.874709552,,,,0.974144,1.505290736,1.98144137,1097.4338518,0.8242401,1.1900598,1.43872829,15.995743,,11583.6304262,,0.90018694,0.89648192,1.3384189,,,0.9879885,1.0731979,8.503085,0.8538937,85.95746965,1106.6387997,1.26073635,0.98844222,0.99052426,1.004702
2014-06-30,,5.332534,7.874317454,,,,0.973613,1.511885285,1.99481525,1097.64328,0.8241978,1.190216,1.45320667,16.051879,,11592.76039137,,0.90170615,0.90049283,1.344053,,,0.990287,1.0822812,8.497718,0.85881737,87.30979611,1110.596561,1.27459325,0.99421922,0.98869122,1.002865
2014-07-01,,5.310912,7.8433419,,,,0.967468,1.502872258,1.97897537,1090.1297761,0.8183622,1.1820293,1.43597437,16.052591,,11454.87552637,,0.89865764,0.88994752,1.3268282,,,0.9869832,1.0694536,8.42992,0.85642603,85.13201623,1108.5563878,1.27400174,0.99153524,0.9811542,0.994759
2014-07-02,,5.268971,7.78235785,,,,0.969047,1.494307318,1.95228944,1085.8196351,0.8148295,1.1773026,1.42416723,16.000043,,11445.39596366,,0.89254788,0.89369833,1.3213957,,,0.981502,1.0606795,8.345908,0.85132712,86.01240802,1093.0079532,1.2742784,0.98572091,0.97432047,0.982939
2014-07-03,,5.258069,7.767195705,,,,0.971547,1.487189717,1.94143139,1085.9160122,0.8147211,1.1773391,1.42236825,16.072122,,11213.36214724,,0.89859506,0.89614198,1.3241875,,,0.9860033,1.0594184,8.350188,0.8565694,85.26045015,1091.614272,1.2806373,0.99186388,0.97510495,0.984503
2014-07-04,,5.290497,7.816012275,,,,0.974865,1.492132191,1.95582727,1095.263799,0.8215629,1.1873759,1.42872291,16.089759,,10900.02366722,,0.90340945,0.90175429,1.3254502,,,0.990476,1.0642482,8.402804,0.86066233,86.39854608,1099.9982795,1.29210721,0.99667602,0.98287867,0.98639
2014-07-07,,5.271226,7.788503685,,,,0.974667,1.483889778,1.93388536,1088.0834892,0.8159781,1.1795462,1.42358016,16.068227,,10501.10642899,,0.89724734,0.90175655,1.3200628,,,0.9869443,1.0604862,8.366224,0.85187665,84.06570495,1095.7971131,1.29604382,0.98658237,0.98103092,0.987471
2014-07-08,,5.245557,7.751529447,,,,0.971423,1.470484692,1.92203737,1082.6240844,0.8116879,1.1735771,1.41503999,15.96734,,10483.06924678,,0.89568272,0.89812484,1.3174843,,,0.9822105,1.0541857,8.309083,0.855081,83.86068959,1092.0879347,1.29535976,0.99037528,0.97481574,0.981516
2014-07-09,,5.244957,7.751574952,,,,0.971282,1.470392202,1.92188495,1082.6092564,0.8114911,1.1734935,1.41493313,15.966787,,10482.15267159,,0.89547733,0.89804033,1.3173174,,,0.982207,1.0541769,8.308968,0.85505974,83.85548371,1092.0867114,1.29527492,0.99043267,0.97474697,0.981467
2014-07-10,,5.235834,7.73903363,,,,0.969428,1.463451852,1.9238979,1074.8545093,0.8054755,1.1650434,1.41733739,15.988961,,10468.39761181,,0.89598188,0.89751089,1.3096015,,,0.9846401,1.0560255,8.254464,0.8486352,82.50901961,1088.7561975,1.29427449,0.98307335,0.96808749,0.97255
2014-07-11,,5.255855,7.769547108,,,,0.971117,1.470278043,1.93510726,1084.8050632,0.8127714,1.1757323,1.41960545,16.000606,,10621.55726303,,0.89835053,0.90709766,1.3121686,,,0.9862128,1.057792,8.349985,0.84790466,82.79283397,1091.8317164,1.30027886,0.98230868,0.97622253,0.981528
2014-07-14,,5.259822,7.776349286,,,,0.971633,1.474685839,1.92399422,1084.2179347,0.8121443,1.17503,1.42375256,16.035661,,9871.64927632,,0.90145324,0.91083895,1.321309,,,0.9871421,1.0609219,8.360451,0.84723415,83.33601876,1091.259958,1.30629501,0.98161346,0.97872797,0.986957
2014-07-15,,5.263726,7.783056193,,,,0.963134,1.473563521,1.91179285,1080.2035944,0.8089407,1.1706231,1.41881828,15.990267,,9528.37109722,,0.88598848,0.90733199,1.3186347,,,0.985617,1.057301,8.337884,0.84591142,83.54500091,1085.0658861,1.30250106,0.9801628,0.9745398,0.982237
2014-07-16,,5.211008,7.706078747,,,,0.952209,1.454646768,1.89727401,1075.8060225,0.8054492,1.1658021,1.41924269,15.877341,,9399.11344238,,0.87713884,0.90116387,1.3069048,,,0.9784401,1.0576661,8.321249,0.84467431,84.77340241,1077.5678412,1.29988036,0.97881118,0.97269392,0.980095
2014-07-17,,5.183985,7.667054662,,,,0.956418,1.451476674,1.88841281,1070.8406443,0.8014183,1.1603675,1.4089107,15.808279,,8755.68810553,,0.87703726,0.8994882,1.3022377,,,0.9689189,1.0500393,8.277083,0.83876315,84.59815463,1072.2212007,1.29452608,0.97204608,0.96755694,0.975536
2014-07-18,,5.238471,7.748524654,,,,0.965589,1.469102459,1.88596713,1077.7562485,0.80632,1.1677759,1.41181347,15.954544,,8968.86812555,,0.89136691,0.90590928,1.3171233,,,0.9762154,1.0522395,8.343889,0.8417549,85.45000818,1081.5223282,1.30724451,0.97559156,0.97619628,0.990791
2014-07-21,,5.271614,7.798471273,,,,0.970947,1.486109031,1.879798,1082.4627761,0.8095604,1.1727961,1.4155644,15.999295,,8932.7579744,,0.88747053,0.90756648,1.3185696,,,0.9832276,1.0550879,8.402539,0.84316417,83.03861964,1088.1253698,1.31260545,0.97730452,0.981896,0.99477
2014-07-22,,5.318565,7.86884482,,,,0.977398,1.486749113,1.87377014,1092.9335399,0.8171341,1.184047,1.44549435,16.089446,,8816.81002816,,0.88821475,0.91883084,1.3291815,,,0.9925382,1.0773381,8.506591,0.85538226,81.73670028,1098.7370718,1.32258444,0.99153611,0.995099,0.990373
2014-07-23,,5.312219,7.860416235,,,,0.972452,1.485213416,1.87351575,1090.4016839,0.8149316,1.1812422,1.44689417,16.083824,,8773.63325785,,0.85706196,0.91617075,1.3249054,,,0.9889053,1.0785404,8.496439,0.85815607,81.59490531,1098.4893862,1.3192146,0.9948307,0.9909835,1.000151
2014-07-24,,5.317504,7.869181001,,,,0.974447,1.494372172,1.870517,1092.105254,0.8159135,1.1830158,1.45509431,16.131636,,8755.3366703,,0.84921388,0.9223217,1.3279774,,,0.9934418,1.0842856,8.514697,0.85765254,81.9799785,1099.4736757,1.32793416,0.99432982,0.99014717,1.006708
2014-07-25,,5.277283,7.810634114,,,,0.963149,1.484193318,1.85616427,1086.2457734,0.8112093,1.1766141,1.45226706,16.086148,,8822.88390445,,0.8394929,0.91742747,1.3229471,,,0.9896979,1.0826255,8.488032,0.85961252,81.54048055,1098.9032017,1.32237491,0.99668207,0.98477682,0.997156
2014-07-28,,5.240016,7.756404732,,,,0.956637,1.479068876,1.85389929,1082.0287341,0.8077404,1.171988,1.43957988,16.059827,,8424.37922904,,0.82380459,0.91632002,1.3156605,,,0.9898671,1.0741111,8.446567,0.85339945,81.22161608,1095.7482807,1.32181928,0.98956868,0.97950066,0.994047
2014-07-29,,5.197695,7.694718474,,,,0.954392,1.47377263,1.84305311,1074.6333103,0.8019953,1.1639264,1.43623153,15.957089,,8487.01043227,,0.0,0.90422954,1.3083297,,,0.9806021,1.0716893,8.359955,0.84784842,82.27433911,1085.4304757,1.3139349,0.98322148,0.97108308,0.992066
2014-07-30,,5.187814,7.681018287,,,,0.956721,1.469133772,1.83592451,1068.2411453,0.7970049,1.1569495,1.43228371,15.963265,,8490.49881501,,,0.90337692,1.2968129,,,0.9745271,1.0687856,8.318259,0.84524879,81.1525173,1080.9739058,1.30699663,0.98029201,0.96822397,0.979454
2014-07-31,,5.158269,7.638220103,,,,0.95641,1.461980945,1.82638142,1059.57894,0.7903085,1.147519,1.42213473,15.83441,,8421.22854717,,,0.89900878,1.288407,,,0.9657987,1.0612104,8.235214,0.84588388,82.19582515,1073.462447,1.2999526,0.98110866,0.96012853,0.969257
2014-08-01,,5.165869,7.650378418,,,,0.962151,1.472417808,1.80248854,1059.4134811,0.7899954,1.1472745,1.42214897,15.852172,,8420.83779491,,,0.90868224,1.2941744,,,0.973939,1.0614782,8.226704,0.84096723,80.72850945,1075.8835478,1.30463815,0.97549549,0.95947858,0.967758
2014-08-04,,5.194566,7.693773798,,,,0.969042,1.477052463,1.80456223,1068.254625,0.7962052,1.1567187,1.42615063,15.930016,,8458.56985809,,,0.9182098,1.303544,,,0.979624,1.0632167,8.311402,0.85346664,80.02116323,1081.7241061,1.30634318,0.99005268,0.96835018,0.977374
2014-08-05,,5.159189,7.642324112,,,,0.967197,1.470331138,1.78704828,1062.6179917,0.7918648,1.1505835,1.42032569,15.879175,,8509.2612102,,,0.9164729,1.2981984,,,0.9767773,1.0588845,8.258169,0.85809357,80.82355328,1075.9027707,1.29925668,0.99549277,0.96174684,0.967659
2014-08-06,,5.145739,7.623328921,,,,0.959952,1.463650528,1.79539093,1057.9750873,0.7882562,1.1455184,1.40762887,15.880213,,8461.38322598,,,0.90976111,1.2907916,,,0.9737569,1.0493704,8.206075,0.8493206,81.47317978,1069.3975567,1.29202532,0.98541468,0.9557765,0.967609
2014-08-07,,5.112004,7.574292633,,,,0.957725,1.46049645,1.78612025,1054.3664708,0.7854092,1.1415668,1.40833568,15.804232,,8439.18738549,,,0.90546361,1.2781725,,,0.9718958,1.0499532,8.181119,0.84553876,80.09783317,1065.099046,1.29237544,0.98110809,0.95185887,0.967559
2014-08-08,,5.098673,7.555458698,,,,0.95091,1.455737902,1.78357888,1055.4533566,0.7860187,1.14267,1.3867239,15.826172,,8432.51026122,,,0.90331072,1.2717475,,,0.9623111,1.0337243,8.189047,0.8592801,81.33005163,1063.044591,1.28164658,0.99713512,0.95029986,0.963062
2014-08-11,,5.141728,7.620141733,,,,0.957553,1.467211808,1.79307363,1061.9622138,0.7906183,1.1496097,1.3917133,15.893283,,8491.62798264,,,0.91083443,1.2854666,,,0.9734547,1.0375745,8.247597,0.86505325,81.39598716,1073.2442995,1.28693729,1.00391709,0.95696397,0.970096
2014-08-12,,5.128809,7.601932465,,,,0.958715,1.476028062,1.79360519,1064.4329513,0.7922455,1.1522022,1.39762636,15.884721,,8372.58226083,,,0.9085588,1.2830778,,,0.9714086,1.042143,8.234202,0.88219536,83.32453865,1072.9098341,1.28372796,1.02389218,0.95384028,0.96908
2014-08-13,,5.120125,7.589982977,,,,0.954777,1.472165895,1.79389073,1067.522796,0.7943281,1.155461,1.39073496,15.838329,,8575.66380139,,,0.91400156,1.2871602,,,0.9731403,1.037015,8.252654,0.8834309,82.94954897,1076.8437125,1.28784768,1.02563646,0.95532809,0.969996
2014-08-14,,5.105006,7.568395452,,,,0.953362,1.471119776,1.79595549,1065.61072,0.7927292,1.1533353,1.39100664,15.89671,,8563.61039999,,,0.91904275,1.2858359,,,0.9716946,1.0373019,8.216345,0.87834994,81.36683146,1075.1261192,1.29001992,1.01959983,0.952196,0.96898
2014-08-15,,5.164966,7.658161437,,,,0.959776,1.484570629,1.81344854,1077.7754224,0.8014908,1.1663629,1.41145987,16.060478,,8535.52619381,,,0.92549784,1.2972578,,,0.9837165,1.0527202,8.32275,0.88024381,82.700791,1087.9085311,1.29748887,1.02188204,0.96348015,0.981623
2014-08-18,,5.159836,7.651496452,,,,0.964602,1.491080851,1.81047773,1079.2866926,0.8024107,1.1679219,1.40882677,16.148058,,8492.92834618,,,0.92438369,1.3038315,,,0.9858713,1.0508175,8.318701,0.87916972,79.95317183,1084.5963244,1.30477309,1.02072038,0.96441352,0.980768
2014-08-19,,5.200478,7.712663222,,,,0.968835,1.49041746,1.8217859,1085.5810846,0.8068509,1.1746297,1.42161176,16.245723,,8509.26067824,,,0.93122052,1.313816,,,0.9903515,1.0604719,8.392036,0.89067731,80.13636921,1093.4744038,1.30809061,1.03415845,0.97449951,0.989572
2014-08-20,,5.218386,7.740146362,,,,0.972959,1.488024429,1.81910046,1091.7484747,0.8111972,1.1812005,1.4268258,16.272192,,8503.58751644,,,0.94126251,1.3152073,,,0.9964289,1.0644348,8.434308,0.89067246,79.81283826,1098.2020704,1.30925175,1.03423926,0.98121892,0.988072
2014-08-21,,5.229332,7.757313933,,,,0.974665,1.496485438,1.81325344,1095.7448435,0.8139451,1.185434,1.43352502,16.31197,,8511.35217002,,,0.94560924,1.3240095,,,0.9978271,1.0687348,8.476177,0.88821553,80.4649332,1104.4457252,1.30532066,1.03148196,0.9841354,0.995105
2014-08-22,,5.214506,7.736269038,,,,0.975299,1.497799072,1.79647753,1091.2096713,0.8104136,1.1804834,1.42862417,16.25535,,8489.14680253,,,0.93531566,1.3195271,,,0.9915774,1.0658673,8.440513,0.88582816,81.52724982,1102.2840907,1.29673355,1.02880515,0.9812922,0.992641
2014-08-25,,5.278813,7.832566115,,,,0.987209,1.505743749,1.79677918,1102.7601981,0.8187215,1.1928488,1.44449909,16.442579,,8466.94288585,,,0.94674085,1.3316246,,,1.0046259,1.0777698,8.528191,0.89237074,80.9539922,1116.1555934,1.30635223,1.03649046,0.99222003,1.00096
2014-08-26,,5.308236,7.877160908,,,,0.993663,1.508245265,1.81170271,1112.3443807,0.8255813,1.2030969,1.4468823,16.528297,,8419.06388605,,,0.94961452,1.3338901,,,1.0121316,1.079648,8.608169,0.89276877,81.7957051,1121.1204058,1.31962858,1.03704622,1.00146084,1.011864
2014-08-27,,5.406816,8.024343076,,,,1.000546,1.524773653,1.8341642,1130.4324332,0.8386993,1.2224988,1.47623325,16.688728,,8416.67072192,,,0.96551549,1.3501802,,,1.0312086,1.1015906,8.766926,0.90128905,82.01021997,1142.7407321,1.33486129,1.04702711,1.01990958,1.030334
2014-08-28,,5.420727,8.045968161,,,,1.004784,1.534380904,1.82733232,1134.2662038,0.8413249,1.2265556,1.47733135,16.684493,,8282.83401161,,,0.96458759,1.3432319,,,1.0313976,1.1024872,8.779492,0.90194195,82.62376772,1149.8958957,1.32202451,1.04787944,1.02069574,1.032707
2014-08-29,,5.485669,8.143294901,,,,1.018122,1.550712371,1.8327068,1148.798332,0.8518241,1.242129,1.51109355,16.86735,,8399.5638009,,,0.97531945,1.3583054,,,1.0428831,1.1270873,8.86475,0.91067422,82.93537812,1161.3395062,1.32741637,1.05792231,1.03208789,1.039425
2014-09-01,,5.52722,8.205942572,,,,1.018373,1.560679499,1.84529493,1156.3556186,0.857193,1.2501933,1.51906946,16.890032,,8360.14555468,,,0.97429197,1.3640916,,,1.0440863,1.1335424,8.918376,0.90257469,80.74944794,1168.2352637,1.32933865,1.04878753,1.03644825,1.048399
2014-09-02,,5.556381,8.250213928,,,,1.024946,1.568098435,1.86392005,1162.3668967,0.8613174,1.2522502,1.51504766,16.971055,,8344.58578046,,,0.97556326,1.3674681,,,1.0409716,1.1307075,8.962437,0.89922969,80.53496792,1171.03248,1.33567899,0.0,1.04126465,1.053026
2014-09-03,,5.579183,8.28505589,,,,1.02688,1.566454897,1.85797462,1169.3907363,0.8663785,1.2593038,1.50662601,16.929652,,8326.68492629,,,0.97751177,1.3661252,,,1.0381598,1.1245287,8.99789,0.90262624,79.58461249,1172.920493,1.32782165,0.0,1.04566026,1.054594
2014-09-04,,5.529774,8.212715448,,,,1.022251,1.561498779,1.83504616,1157.3557356,0.8573724,1.2510884,1.49363773,16.788575,,8308.72652321,,,0.97624081,1.3597864,,,1.0341514,1.1149967,8.925407,0.90380373,80.91415575,1165.8752625,1.3300102,0.0,1.03738739,1.048278
2014-09-05,,5.527724,8.21065118,,,,1.022141,1.564458093,1.84178414,1158.7643291,0.8582098,1.2523535,1.50357206,16.827376,,8226.69089175,,,0.97608273,1.3549757,,,1.0348743,1.1225906,8.911698,0.90172552,81.38718525,1168.6207484,1.33867862,0.0,1.03678274,1.048397
2014-09-08,,5.422614,8.055582494,,,,1.004901,1.541413067,1.83185223,1134.7815605,0.8404574,1.2266063,1.47473011,16.617796,,8187.39528758,,,0.95607175,1.3301511,,,1.0179819,1.1009443,8.711994,0.89408736,81.64387609,1147.732808,1.31331802,0.0,1.01393691,1.025833
2014-09-09,,5.352,7.951615517,,,,1.005689,1.524255863,1.79805269,1118.8473578,0.8285989,1.2093846,1.46064443,16.467257,,8106.81177469,,,0.94444411,1.3173714,,,1.0104565,1.0853606,8.585837,0.88923402,81.80375783,1132.3418738,1.29439271,0.0,0.99897912,1.00703
2014-09-10,,5.282448,7.849275957,,,,0.995696,1.508329287,1.76951088,1108.477886,0.8208159,1.1981568,1.44366747,16.371623,,8030.25726576,,,0.94025672,1.3047959,,,1.0022446,1.0788665,8.495716,0.88466217,82.32774011,1121.084245,1.28215823,0.0,0.98903511,0.997819
2014-09-11,,5.334554,7.927598645,,,,1.001663,1.521724772,1.78685425,1115.0255149,0.8254196,1.205149,1.44690205,16.447764,,8025.98578261,,,0.94787136,1.3112891,,,1.0133011,1.0814714,8.561092,0.89116791,80.72495802,1131.3661385,1.29022024,0.0,0.99530686,1.005662
2014-09-12,,5.231448,7.775413225,,,,0.984268,1.497173519,1.76351292,1099.9642486,0.8142018,1.1888683,1.42153783,16.250977,,7978.14223101,,,0.93499744,1.2829887,,,0.9951496,1.0618002,8.395894,0.87882949,79.74894466,1110.4654367,1.27169988,0.0,0.97504844,0.988892
2014-09-15,,5.248367,7.801468298,,,,0.987447,1.493534682,1.76955325,1101.3737937,0.8150442,1.1903273,1.41944593,16.281089,,7872.84131656,,,0.93982429,1.2869426,,,0.9964468,1.0602595,8.434669,0.88067955,79.97766314,1108.2543105,1.27611807,0.0,0.98044587,0.9903
2014-09-16,,5.26866,7.832562279,,,,0.994875,1.492052019,1.75436768,1103.6052053,0.8164883,1.1926713,1.43205216,16.391304,,7833.5666041,,,0.9467553,1.2878758,,,1.0052197,1.0701732,8.458947,0.86851115,80.59028262,1110.9027504,1.29012166,0.0,0.98569432,0.996534
2014-09-17,,5.265496,7.828810531,,,,1.000488,1.493065604,1.76682529,1103.2028884,0.8160039,1.1921787,1.42093495,16.450203,,7808.6029996,,,0.94766996,1.2892733,,,1.0028144,1.0614699,8.458506,0.87205566,81.07560343,1111.4113158,1.28769316,0.0,0.98555898,0.99199
2014-09-18,,5.222424,7.765747451,,,,0.999996,1.485449166,1.78005447,1101.0460493,0.8142351,1.1897965,1.399326,16.382695,,7740.04024482,,,0.94745322,1.2869994,,,0.9892382,1.0454704,8.400514,0.87222355,80.01345407,1100.5020315,1.28092553,0.0,0.97612378,0.984872
2014-09-19,,5.207325,7.744233146,,,,0.98966,1.477280729,1.7895256,1098.001142,0.8118162,1.186458,1.38638462,16.276157,,7767.31576793,,,0.94702679,1.2863925,,,0.9893078,1.0365707,8.390155,0.8686361,80.56196739,1097.3038908,1.27881399,0.0,0.97415808,0.985315
2014-09-22,,5.075871,7.549767189,,,,0.967742,1.43774947,1.74928263,1071.355715,0.7921183,1.1577019,1.36648847,16.066747,,7608.50703841,,,0.92954898,1.2626329,,,0.9696136,1.0213933,8.202763,0.85748289,80.34960805,1071.5189395,1.25998107,0.0,0.95363536,0.962431
2014-09-23,,5.071052,7.543491824,,,,0.964375,1.434279347,1.74993271,1069.12159779,0.7902953,1.15523786,1.3719439,16.002371,,7637.72650564,,,0.92606197,1.2710933,,,0.969839,1.025349,8.191902,0.85954085,78.4108469,1073.5941574,1.25286555,0.0,0.95181139,0.962552
2014-09-24,,5.083927,7.563544651,,,,0.966023,1.434998401,1.75560797,1073.1676012,0.7930704,1.1595376,1.39333138,16.060743,,7602.74581228,,,0.92726712,1.280886,,,0.9746386,1.0410725,8.210493,0.86528431,79.58740499,1078.2048034,1.25886882,0.0,0.9546923,0.964443
2014-09-25,,5.038686,7.497189003,,,,0.954816,1.422053464,1.73518629,1063.7694357,0.786002,1.1493578,1.36617652,15.911935,,7563.48260959,,,0.92122284,1.2671241,,,0.964885,1.0210653,8.129668,0.85986445,75.68306651,1067.7861338,1.25133946,0.0,0.94442421,0.955556
2014-09-26,,5.083548,7.564804562,,,,0.967216,1.441213698,1.73469214,1074.810108,0.7938988,1.161191,1.3866993,16.103951,,7553.88756219,,,0.92376982,1.2773636,,,0.9776223,1.0358135,8.22501,0.8582909,78.42989121,1081.2763881,1.25968161,0.0,0.95649679,0.961793
2014-09-29,,4.939839,7.351984762,,,,0.946644,1.415052056,1.70739644,1048.7904122,0.7746608,1.1331099,1.36531628,15.793401,,7239.22216875,,,0.90573802,1.2493698,,,0.9585073,1.0208037,7.996861,0.84918898,78.39431493,1057.741421,1.23767254,0.0,0.93022415,0.941
2014-09-30,,4.960685,7.383856599,,,,0.944543,1.420602686,1.71603708,1052.151111,0.7769357,1.136672,1.37738661,15.719473,,7173.66627193,,,0.90561877,1.2489999,,,0.9634079,1.029664,8.025536,0.84099108,77.92537626,1068.9010957,1.24907432,0.0,0.93603643,0.941604
2014-10-01,,4.834295,7.196710292,,,,0.924243,1.392699763,1.65332033,1024.289219,0.7563593,1.1066112,1.35170263,15.479719,,7034.01006117,,,0.88190037,1.2271991,,,0.943331,1.0105646,7.818728,0.83047134,75.97850593,1042.1579472,1.23992182,0.0,0.91329496,0.915834
2014-10-02,,4.826693,7.18625585,,,,0.919047,1.388118621,1.62374684,1022.4989581,0.754777,1.1046436,1.35601461,15.515678,,7038.12451801,,,0.88497606,1.2169692,,,0.9465563,1.0142533,7.81285,0.83278767,71.21535322,1043.0085685,1.24028515,0.0,0.91316952,0.917568
2014-10-03,,4.898228,7.293586825,,,,0.927837,1.405945707,1.64183086,1037.2726988,0.765452,1.1204868,1.37337564,15.686503,,7097.48955466,,,0.89633852,1.2412478,,,0.9622248,1.0270915,7.929881,0.84313893,75.22531175,1058.5263215,1.24561476,0.0,0.92697931,0.93217
2014-10-06,,5.047252,7.516275009,,,,0.950385,1.431360975,1.66750092,1062.3930188,0.7835308,1.1474632,1.41147453,15.982807,,7233.88922257,,,0.90573642,1.2643155,,,0.9841751,1.0557387,8.135565,0.85591375,73.29000516,1082.4993141,1.26305936,0.0,0.95065566,0.964148
2014-10-07,,5.073478,7.556259255,,,,0.953677,1.4298803,1.66981756,1065.7409733,0.7857859,1.1510097,1.42172019,15.961352,,7137.71977246,,,0.9073713,1.2725678,,,0.987849,1.06373,8.195163,0.85229396,73.37534809,1089.1593884,1.26038734,0.0,0.95688553,0.964595
2014-10-08,,5.067009,7.547563848,,,,0.951639,1.432381674,1.67362374,1064.621658,0.7847953,1.1497489,1.40121373,15.956145,,7138.01191781,,,0.90924789,1.2681624,,,0.9854857,1.0488798,8.169531,0.84724899,73.39169677,1087.0641922,1.25246711,0.0,0.95311698,0.959147
2014-10-09,,5.068546,7.550778359,,,,0.950069,1.433792719,1.66455109,1064.3388498,0.7844117,1.1493882,1.40869472,15.938983,,7224.00807487,,,0.90543802,1.261335,,,0.9861935,1.0544883,8.159847,0.843186,74.53645301,1086.8526892,1.25303029,0.0,0.95204561,0.956056
2014-10-10,,4.956967,7.385575061,,,,0.939689,1.419185246,1.64800802,1045.6187577,0.7706298,1.1291874,1.38134684,15.673397,,7120.21097628,,,0.89251401,1.2330888,,,0.9688429,1.0334137,7.989979,0.83490785,74.45010236,1072.1275728,1.23810466,0.0,0.93121597,0.956021
2014-10-13,,5.066645,7.549783528,,,,0.963996,1.431900939,1.68461269,1069.1271269,0.7875367,1.1544289,1.39519374,15.944986,,7123.81513389,,,0.90168321,1.2531737,,,0.9832702,1.0438683,8.164451,0.85412402,71.05079803,1087.7382675,1.25548186,0.0,0.94918069,0.960809
2014-10-14,,5.051425,7.528063571,,,,0.965262,1.424406761,1.66742603,1066.0599426,0.7851294,1.1510718,1.38465377,15.930161,,7123.20850068,,,0.90131696,1.2448182,,,0.980979,1.0356586,8.137233,0.8533389,73.10982399,1082.568278,1.27415799,0.0,0.94913997,0.953538
2014-10-15,,4.928349,7.345666403,,,,0.944166,1.396073642,1.64144381,1044.4199832,0.7692256,1.1277289,1.35341958,15.68285,,7096.92141636,,,0.88794639,1.2255978,,,0.964823,1.0125115,7.960316,0.8407747,73.0028603,1061.9724,1.23036799,0.0,0.92848652,0.933085
2014-10-16,,4.836448,7.209645218,,,,0.925769,1.37197014,1.619545,1027.6832074,0.7568864,1.1096633,1.33888861,15.506606,,7027.84521891,,,0.8806562,1.2127845,,,0.9517443,1.0019036,7.825137,0.83124604,73.23104216,1044.3663282,1.22208854,0.0,0.91481108,0.918098
2014-10-17,,4.902848,7.309442308,,,,0.938382,1.390736254,1.64880601,1039.0999806,0.7650077,1.1218939,1.36008577,15.672241,,6950.21217572,,,0.88563736,1.2274542,,,0.9621642,1.0175231,7.903107,0.84785517,73.84438364,1049.2615868,1.22971187,0.0,0.9250207,0.928669
2014-10-20,,4.818045,7.183989255,,,,0.922805,1.36029996,1.63929392,1023.196868,0.7532412,1.1047256,1.33990942,15.502961,,6974.4025937,,,0.87818009,1.2144255,,,0.9486305,1.002801,7.766403,0.83975967,74.88072523,1033.4648455,1.22068505,0.0,0.90938804,0.91352
2014-10-21,,4.696029,7.003021634,,,,0.901222,1.331394979,1.61640012,1000.5259725,0.7365577,1.0802752,1.31800867,15.317696,,6965.32118239,,,0.86504849,1.1917272,,,0.9279837,0.9862189,7.557443,0.81498146,74.71427238,1012.7241635,1.19444473,0.0,0.8841204,0.883419
2014-10-22,,4.646103,6.929451168,,,,0.894982,1.320649703,1.60025601,993.5869073,0.7313081,1.0727546,1.30769225,15.215884,,6960.18617544,,,0.85842056,1.1783077,,,0.9190022,0.9789159,7.487169,0.80985826,75.87321063,1000.0,1.19903463,0.0,0.875236,0.883381
2014-10-23,,4.515825,6.736100365,,,,0.876236,1.296180741,1.58973415,972.9604845,0.7161126,1.0505055,1.2699759,15.110151,,6933.47893572,,,0.85166539,1.1533489,,,0.8995199,0.9506319,7.311696,0.77470222,75.65120961,989.5353177,1.1859278,0.0,0.85511081,0.860033
2014-10-24,,4.60418,6.86862994,,,,0.890633,1.31722142,1.57853376,990.63737,0.7287535,1.0694749,1.29167525,15.293528,,7045.62546218,,,0.86647364,1.1677706,,,0.9172593,0.9670329,7.475405,0.8007044,75.90896392,1000.0,1.18793992,0.0,0.87446993,0.879287
2014-10-27,,4.567926,6.815437489,,,,0.885874,1.296210423,1.5694282,981.5765661,0.7219965,1.0596715,1.30671791,15.192837,,6916.80372824,,,0.85594329,1.1752497,,,0.9212365,0.9791244,7.371672,0.79063986,75.40468312,1000.0,1.21754615,0.0,0.86968015,0.862368
2014-10-28,,4.752641,7.09171204,,,,0.907741,1.337470856,1.62768768,1014.0237737,0.745404,1.0945346,1.35715655,15.530436,,6939.52229659,,,0.88221712,1.2143532,,,0.947439,1.0180695,7.634707,0.80135446,74.2938345,1033.622541,1.23378067,0.0,0.90109608,0.894164
2014-10-29,,4.717018,7.039492393,,,,0.899968,1.329262313,1.61303774,1008.0056785,0.7408565,1.0880045,1.34068823,15.418639,,6887.12609431,,,0.86919255,1.2122539,,,0.9385047,1.0050113,7.575243,0.78471564,73.8780329,1026.5393925,1.22999066,0.0,0.89481125,0.892678
2014-10-30,,4.773458,7.124533338,,,,0.904434,1.353967599,1.59866549,1019.9010442,0.7493272,1.100751,1.35812124,15.533265,,6859.96088134,,,0.87927364,1.2271045,,,0.9399288,1.0190646,7.677294,0.79404768,74.95865738,1035.8791774,1.24105747,0.0,0.90682529,0.907269
2014-10-31,,4.915007,7.336567309,,,,0.934595,1.392358194,1.59560078,1046.144259,0.7682236,1.128937,1.38662584,15.859171,,7009.3206603,,,0.91237406,1.2617328,,,0.9774165,1.0409228,7.905858,0.81736224,77.28409682,1068.68394,1.2655477,,0.93757184,0.92572
2014-11-03,,4.877591,7.281676005,,,,0.923365,1.375684972,1.56943929,1033.9321308,0.7591597,1.1157398,1.37394646,15.786674,,7153.22736578,,,0.89529345,1.2526432,,,0.9720989,1.0307087,7.818074,0.80180965,72.11033503,1059.5897558,1.25555127,,0.92655667,0.91523
2014-11-04,,4.871597,7.273622223,,,,0.926209,1.375628486,1.56433217,1034.834008,0.7595206,1.1166583,1.37449166,15.79374,,7475.86265445,,,0.89684481,1.2539988,,,0.974232,1.0316069,7.823777,0.80109932,72.64535169,1058.2463758,1.26621222,,0.92686378,0.916797
2014-11-05,,4.86068,7.258225995,,,,0.920589,1.370769551,1.56294857,1027.8224781,0.7542387,1.1090584,1.37785619,15.74847,,7328.89860272,,,0.89586884,1.2606432,,,0.9694285,1.0343423,7.781835,0.79701305,71.40162973,1052.5741534,1.26093322,,0.92272538,0.916754
2014-11-06,,4.764695,7.11586944,,,,0.900431,1.345204878,1.5237072,1011.2571615,0.7420128,1.091178,1.36048357,15.614467,,7315.45048659,,,0.88020624,1.2399981,,,0.9561544,1.0209952,7.63404,0.78430036,70.97560208,1034.6941858,1.24235252,,0.90571135,0.899029
2014-11-07,,4.752035,7.097831931,,,,0.904962,1.345744126,1.53798872,1011.3203421,0.7418719,1.091192,1.35105952,15.640117,,7280.03469446,,,0.88162699,1.2392442,,,0.9597438,1.0130582,7.635618,0.794879,72.35637501,1036.8248357,1.24658459,,0.90543069,0.896093
2014-11-10,,4.721872,7.053678708,,,,0.896453,1.342678917,1.54953137,1003.2015801,0.7357853,1.0824017,1.34353812,15.596991,,7131.9725225,,,0.87098568,1.2329165,,,0.9588601,1.0074215,7.5878,0.79342906,74.01480015,1035.5803427,1.24680999,,0.90190719,0.89171
2014-11-11,,4.724953,7.059140436,,,,0.899274,1.343837275,1.56573572,999.9393277,0.7332288,1.0788376,1.33138577,15.555205,,7296.85720781,,,0.87898088,1.2343723,,,0.9583948,0.9987809,7.573159,0.80146513,71.5474223,1037.804922,1.24480176,,0.89943886,0.887648
2014-11-12,,4.762503,7.116077334,,,,0.905221,1.357685841,1.55873589,1005.5888563,0.7371485,1.0848635,1.327875,15.66011,,7503.5091504,,,0.88442954,1.2353159,,,0.9641115,0.9959775,7.625327,0.8152102,72.25748337,1042.1225062,1.24790291,,0.90441392,0.894841
2014-11-13,,4.715066,7.046123984,,,,0.895057,1.328772631,1.56555722,996.1417369,0.730097,1.0746439,1.32795541,15.499387,,7549.2249399,,,0.87820704,1.248136,,,0.9527931,0.9963455,7.53658,0.81927634,70.69302288,1034.4758797,1.2422905,,0.89624724,0.884188
2014-11-14,,4.691419,7.011664725,,,,0.894433,1.319317538,1.56289787,990.2482877,0.7256286,1.0682488,1.33848148,15.493826,,7041.36210358,,,0.86846708,1.2403615,,,0.949523,1.0043329,7.503065,0.8084166,69.37405509,1034.4782548,1.24186956,,0.89356112,0.87868
2014-11-17,,4.63311,6.925431363,,,,0.884114,1.311370731,1.55319773,978.0491532,0.7165784,1.0550684,1.3258019,15.393864,,6863.66683765,,,0.85777999,1.225703,,,0.9446857,0.9951647,7.410702,0.79163264,67.52714097,1024.4707948,1.23322145,,0.88429998,0.872046
2014-11-18,,4.676791,6.991526414,,,,0.886971,1.319007487,1.55575834,984.0147396,0.7207294,1.0614354,1.34656903,15.520002,,6777.25420059,,,0.86064856,1.2403818,,,0.9557295,1.009815,7.477494,0.80093705,68.26601514,1031.6601057,1.24084105,,0.89312399,0.875058
2014-11-19,,4.754511,7.108509057,,,,0.896407,1.340183313,1.58309872,998.0394432,0.7307365,1.0764744,1.36734877,15.634287,,6660.67394175,,,0.86625257,1.2630209,,,0.9637073,1.0253221,7.589064,0.80506155,67.89750981,1042.2776301,1.26035604,,0.9059008,0.888198
2014-11-20,,4.753944,7.10855104,,,,0.896232,1.340103943,1.58298035,998.0338338,0.7305468,1.0764149,1.36722935,15.635135,,6660.06904952,,,0.8661707,1.2628273,,,0.9637037,1.0253023,7.588874,0.80501865,67.88870852,1042.2998732,1.26027724,,0.90583738,0.888149
2014-11-21,,4.918153,7.35481101,,,,0.920968,1.381658428,1.60772815,1028.3061949,0.7523441,1.1089372,1.41785191,15.968285,,6809.49561423,,,0.88055334,1.297589,,,0.9868632,1.0632746,7.8456,0.81961364,67.93664973,1071.9578945,1.29686634,,0.93422322,0.900647
2014-11-24,,4.891252,7.315541612,,,,0.921065,1.375093771,1.60096523,1026.6888278,0.750981,1.1071421,1.40481689,15.952566,,6576.41493962,,,0.88628633,1.2949997,,,0.9861592,1.053559,7.842711,0.81549837,67.23520158,1071.6129841,1.28586644,,0.93311304,0.921021
2014-11-25,,4.858394,7.267323146,,,,0.91269,1.369961286,1.58752056,1020.5153854,0.7463071,1.1004444,1.4122809,15.926403,,6496.76492807,,,0.88339843,1.2932209,,,0.9835669,1.0593389,7.794288,0.81581824,66.47065376,1068.8128042,1.28235879,,0.92693634,0.909736
2014-11-26,,4.861671,7.273109388,,,,0.910762,1.373411317,1.56690966,1019.3280022,0.7452571,1.0991123,1.41956633,15.945619,,6345.16315967,,,0.87581752,1.3004242,,,0.9850518,1.06489,7.772103,0.8160392,65.24344681,1075.5544028,1.27489805,,0.92509535,0.909061
2014-11-27,,4.903066,7.335892616,,,,0.918423,1.377929073,1.56654819,1025.5543258,0.7495947,1.1057581,1.43481509,15.940866,,6369.26783461,,,0.88182877,1.3182961,,,0.9902793,1.0762964,7.818634,0.81554536,66.82431844,1081.2360317,1.28658246,,0.93103104,0.915624
2014-11-28,,4.923719,7.367682789,,,,0.916505,1.376472672,1.5737701,1028.290781,0.7513958,1.108648,1.43316206,15.954513,,6421.29925417,,,0.89057685,1.3219183,,,0.9956331,1.07522,7.866544,0.82423407,67.5473582,1090.9548258,1.28917552,,0.93679136,0.918957
2014-12-01,,4.781351,7.155688898,,,,0.888742,1.346468669,1.53655934,1000.2726113,0.7308553,1.0784448,1.38442686,15.640305,,6428.90209376,,,0.85524522,1.2885724,,,0.9662521,1.0388337,7.607143,0.79990658,65.4703827,1063.3282444,1.25387969,,0.90624091,0.890305
2014-12-02,,4.742442,7.0983531,,,,0.881224,1.341187992,1.52325729,992.5572173,0.724965,1.0700897,1.38487491,15.626174,,6401.89081203,,,0.8480886,1.2809874,,,0.9644878,1.0393071,7.559667,0.79317871,65.75337817,1057.0116567,1.25566739,,0.90468275,0.883517
2014-12-03,,4.78503,7.162921395,,,,0.885484,1.353361634,1.52616622,997.5995739,0.7284546,1.0754671,1.39533871,15.73048,,6326.89263839,,,0.84731056,1.285169,,,0.9763587,1.0472928,7.60433,0.79986107,65.55690959,1064.8069058,1.25464174,,0.90686697,0.889263
2014-12-04,,4.74075,7.097571188,,,,0.875764,1.33866063,1.51636779,987.767393,0.7211323,1.0648342,1.387828,15.646142,,6253.88817175,,,0.84059046,1.2775491,,,0.9666857,1.0416616,7.513402,0.79892441,66.09244716,1058.7490301,1.23607092,,0.89833342,0.882152
2014-12-05,,4.74732,7.108267079,,,,0.875769,1.340004114,1.51179384,988.6809972,0.7216196,1.0657652,1.38952634,15.707214,,6200.9979677,,,0.84360057,1.2774192,,,0.9721613,1.0430952,7.522735,0.79461452,65.27509703,1059.4974115,1.24929316,,0.90066026,0.877934
2014-12-08,,4.672305,6.996898968,,,,0.860133,1.32080537,1.5088071,973.3078986,0.7102707,1.0491703,1.37689608,15.520152,,6150.32861959,,,0.82656688,1.2619292,,,0.9567191,1.0337542,7.377237,0.7810699,64.57180242,1044.428871,1.2316104,,0.88506577,0.866002
2014-12-09,,4.643828,6.955131607,,,,0.849866,1.306933942,1.49030895,964.8588818,0.7039553,1.0400269,1.36653278,15.495545,,6155.67795995,,,0.81821279,1.2465422,,,0.9510589,1.0259146,7.304268,0.76845373,64.04599091,1034.6341037,1.22866102,,0.8778877,0.865962
2014-12-10,,4.623001,6.924767659,,,,0.842384,1.293206758,1.45573138,959.9091849,0.7001834,1.0346494,1.36084392,15.358981,,6058.80670332,,,0.81594536,1.242991,,,0.9483637,1.0218137,7.258132,0.76045075,60.67627165,1028.8814122,1.22917174,,0.87616909,0.865922
2014-12-11,,4.623771,6.926770678,,,,0.8401,1.290593523,1.43964222,957.9015206,0.6985499,1.0324381,1.36930157,15.409483,,6082.19965784,,,0.81171236,1.2439769,,,0.9517147,1.028313,7.240689,0.76012382,61.00512777,1026.692831,1.23759914,,0.87753326,0.841615
2014-12-12,,4.520492,6.772978929,,,,0.824467,1.269710542,1.44970502,941.1233214,0.6861828,1.0143325,1.32576358,15.138546,,6010.32561621,,,0.78828591,1.2190104,,,0.928409,0.9954023,7.084883,0.74985729,63.09282388,1007.0883247,1.22496871,,0.85988139,0.8337
2014-12-15,,4.452753,6.672369114,,,,0.8152,1.253471071,1.42298491,929.1069477,0.6772774,1.0013517,1.30472972,15.009842,,5952.49805428,,,0.77457744,1.2003066,,,0.9166462,0.97965,6.967706,0.74172982,63.35692224,1000.0,1.19396996,,0.84926033,0.817589
2014-12-16,,4.365446,6.542441571,,,,0.808835,1.23376638,1.40378383,913.0281539,0.6654206,0.9839999,1.28766074,14.943211,,5861.72862627,,,0.77442025,1.1825627,,,0.9026418,0.9666946,6.843918,0.73615778,63.25312377,1000.0,1.17068332,,0.83519604,0.801479
2014-12-17,,4.46531,6.692796241,,,,0.829165,1.260769736,1.45219325,934.0794362,0.6805475,1.0066039,1.30712654,15.23729,,5914.24708371,,,0.79691295,1.202905,,,0.925733,0.9815794,7.012243,0.747341,65.43027381,1002.5510025,1.19778128,,0.85642765,0.820724
2014-12-18,,4.483963,6.721579361,,,,0.831796,1.258573578,1.45929503,933.9465083,0.6802784,1.0064111,1.3131926,15.297946,,5900.2592652,,,0.7947594,1.2163602,,,0.929475,0.9861253,7.01696,0.74039546,66.09530987,1006.1056628,1.20102655,,0.8560743,0.821809
2014-12-19,,4.535962,6.800308242,,,,0.84402,1.272602589,1.4643754,944.4178141,0.6877153,1.0176293,1.33957135,15.458479,,5915.49502455,,,0.80347556,1.245567,,,0.9427344,1.0061529,7.105837,0.75398056,65.3813055,1023.2875035,1.20883774,,0.86680779,0.829966
2014-12-22,,4.564499,6.843911001,,,,0.842493,1.282723002,1.48100915,949.1819397,0.6910041,1.0227056,1.33923937,15.482002,,5903.77192487,,,0.80996432,1.2403376,,,0.9383405,1.0059635,7.166394,0.75043991,66.09034102,1029.7330378,1.22860734,,0.87372412,0.833462
2014-12-23,,4.576696,6.863034362,,,,0.845476,1.292224959,1.49950755,950.0530825,0.6914635,1.0235925,1.34159089,15.624148,,5947.10775263,,,0.81663697,1.2455535,,,0.9456392,1.0079712,7.211953,0.75109362,68.34466629,1034.8636877,1.25923331,,0.87939641,0.842576
2014-12-24,,4.576155,6.863072678,,,,0.845314,1.292128357,1.49938548,950.0540388,0.6912906,1.0235431,1.34147744,15.62468,,5946.48487032,,,0.81655975,1.2452515,,,0.9455,1.0079483,7.211799,0.75104627,68.33532549,1034.8714841,1.25914452,,0.87931693,0.841605
2014-12-26,,4.583004,6.874184032,,,,0.845953,1.293227091,1.50614988,951.1651469,0.6919244,1.0246882,1.34754197,15.620819,,6013.48369723,,,0.81155067,1.2455711,,,0.9457329,1.0125851,7.213115,0.7520226,68.67169456,1039.3228967,1.2572422,,0.87729253,0.838448
2014-12-29,,4.646387,6.970038325,,,,0.855894,1.307327623,1.50552111,962.0780381,0.6996811,1.0363808,1.35836684,15.740496,,6004.67339448,,,0.81881745,1.2615315,,,0.9557043,1.0208372,7.301192,0.75683414,69.04060453,1048.7231878,1.26508523,,0.88753851,0.0
2014-12-30,,4.654271,6.982726973,,,,0.858498,1.310542741,1.51769309,963.2998732,0.7003945,1.0376446,1.3518906,15.686695,,6083.62590358,,,0.81960018,1.2486964,,,0.9465122,1.0161473,7.292759,0.76645013,70.56516776,1045.9427481,1.23912591,,0.88162478,0.0
2014-12-31,,4.653741,6.982792209,,,,0.858327,1.310438867,1.51757016,963.300764,0.7002206,1.037595,1.35177634,15.687128,,6082.77277727,,,0.81952276,1.2486238,,,0.9463113,1.0161242,7.292606,0.76641242,70.55564324,1045.9476515,1.23901377,,0.88154632,0.838448
2015-01-02,,4.553967,6.834039328,,,,0.841433,1.28447584,1.44048075,945.8417407,0.6873545,1.0187572,1.30565239,15.441702,,6020.39183926,,,0.78915255,1.2291878,,,0.9210201,0.9813368,7.122705,0.7451176,70.26762621,1027.7718474,1.19727906,,0.86017599,0.0
2015-01-05,,4.425867,6.642764811,,,,0.81232,1.252657773,1.39912474,920.4998135,0.6687598,0.9914545,1.26795588,15.157514,,5629.20569248,,,0.76830872,1.1886568,,,0.902302,0.9532153,6.928221,0.73409153,66.47955076,1002.4573441,1.15179246,,0.83729578,0.0
2015-01-06,,4.368344,6.557290119,,,,0.804475,1.24256687,1.37359532,911.3703388,0.6619893,0.9815873,1.25191388,15.021086,,5651.10996795,,,0.77192928,1.1737104,,,0.8879622,0.9414342,6.896178,0.73216212,67.32757182,1000.0,1.14392322,,0.82974542,0.0
2015-01-07,,4.415619,6.629002876,,,,0.815207,1.26036658,1.38658538,926.7801679,0.6729469,0.9981094,1.25829345,15.151538,,5591.88077574,,,0.78576965,1.1800524,,,0.8948394,0.9461719,7.011566,0.74299941,66.93363851,1000.0,1.14456661,,0.83983495,0.0
2015-01-08,,4.436395,6.660998531,,,,0.818668,1.265384928,1.38007764,930.3178815,0.675325,1.0018639,1.25845803,15.259426,,5487.31484307,,,0.78669371,1.1834392,,,0.8955196,0.9463175,7.034144,0.7436988,66.28276959,1000.0,1.14841173,,0.84327537,0.0
2015-01-09,,4.345004,6.524707937,,,,0.802874,1.239745551,1.37589106,909.4137956,0.660042,0.9793341,1.23551669,15.013494,,5254.10108056,,,0.76864369,1.1537376,,,0.879961,0.9291857,6.887197,0.73708186,65.20538589,991.2666244,1.14079631,,0.82552209,0.0
2015-01-12,,4.308497,6.470720309,,,,0.789708,1.227981451,1.35374512,901.413489,0.6540844,0.9706817,1.20526437,14.866596,,5006.09405662,,,0.75123152,1.1416722,,,0.8700385,0.9066117,6.808376,0.73173064,61.74851696,979.5591935,1.10361058,,0.81383571,
2015-01-13,,4.304348,6.465288024,,,,0.789413,1.223260301,1.35470197,898.4844314,0.6517095,0.9674732,1.21173672,14.875597,,5066.60644442,,,0.74867499,1.1387545,,,0.8679434,0.9115322,6.779843,0.7318781,61.69413718,981.781436,1.10860592,,0.81154163,
2015-01-14,,4.274874,6.421850157,,,,0.782593,1.213088413,1.34650412,893.3866104,0.6478499,0.9619425,1.21753577,14.834152,,5105.35001431,,,0.74392903,1.1411767,,,0.8720136,0.9160626,6.727984,0.72735614,60.09802166,982.0185495,1.10450859,,0.80657088,
2015-01-15,,4.279804,6.43003968,,,,0.783575,1.21418096,1.36084009,894.8400048,0.6487244,0.9634668,1.20432084,14.798256,,5149.50506771,,,0.7428649,1.1444841,,,0.8673862,0.9060852,6.731917,0.72840113,60.2947907,977.5992264,1.09596961,,0.80755965,
2015-01-16,,4.358456,6.54891058,,,,0.796223,1.234667444,1.36601326,913.3972033,0.6619575,0.9833743,1.24264062,14.983779,,5211.55086796,,,0.74894642,1.1671113,,,0.8873847,0.9351642,6.876097,0.73446813,58.24180959,992.9479174,1.12014801,,0.82786276,
2015-01-19,,4.254574,6.393767654,,,,0.774526,1.201711009,1.35862955,890.4837348,0.6453059,0.9586844,1.22789179,14.806592,,5259.1302749,,,0.73496859,1.1331039,,,0.8704394,0.9240713,6.685496,0.71926292,58.80337749,976.8160031,1.10538908,,0.80483498,
2015-01-20,,4.262122,6.405873824,,,,0.775889,1.203221224,1.36751359,894.2385922,0.6478436,0.962674,1.23545318,14.859153,,5167.28826096,,,0.72705726,1.1386682,,,0.8719469,0.9298248,6.704669,0.72367122,58.01308867,983.4577344,1.1026897,,0.80675769,
2015-01-21,,4.329619,6.508032355,,,,0.786747,1.222504522,1.35929687,910.652703,0.6595283,0.9802769,1.26750552,15.006328,,5184.70135186,,,0.74489818,1.1635128,,,0.8887276,0.9540342,6.835289,0.73423845,58.07285438,995.3510935,1.118238,,0.82673444,
2015-01-22,,4.319476,6.493615512,,,,0.775321,1.223668695,1.3675838,910.4480967,0.6592036,0.9800077,1.24882662,15.013342,,5255.15229118,,,0.73563271,1.1542375,,,0.8803775,0.9400893,6.843816,0.73392873,58.40476222,992.383157,1.10273131,,0.81983339,
2015-01-23,,4.284158,6.441365038,,,,0.770202,1.210920074,1.36277936,900.8604443,0.6520991,0.9696482,1.25476121,14.970975,,5144.03497136,,,0.73150924,1.1536377,,,0.8722066,0.9446484,6.776826,0.72902968,58.07536145,983.5197415,1.09930852,,0.81222839,
2015-01-26,,4.231635,6.363247011,,,,0.763478,1.186841341,1.34244573,886.8858822,0.6417404,0.9545715,1.24001176,14.895387,,5142.10302063,,,0.72553293,1.1370062,,,0.8682097,0.9335683,6.639981,0.72626421,58.2810273,966.650726,1.09934557,,0.80241086,
2015-01-27,,4.221708,6.349109862,,,,0.758301,1.181372746,1.33142313,883.8706013,0.6393866,0.9512808,1.24645175,14.854789,,5262.3564474,,,0.71910841,1.1343067,,,0.8662897,0.9385605,6.602249,0.71915925,58.73896053,964.2028718,1.09378308,,0.79895854,
2015-01-28,,4.181345,6.289240236,,,,0.752475,1.170018252,1.3119816,876.436862,0.6338404,0.9432388,1.22270929,14.731646,,5241.83499,,,0.71852361,1.12992,,,0.8586866,0.9207353,6.541631,0.72000527,58.67909703,954.6937747,1.0951386,,0.79387157,
2015-01-29,,4.205465,6.326262141,,,,0.760396,1.171325457,1.30670199,877.7618052,0.6346235,0.9446159,1.22462721,14.742832,,5047.52893268,,,0.72595466,1.1411311,,,0.8635596,0.9222352,6.551606,0.72401072,56.91922795,952.9134181,1.08870598,,0.7951913,
2015-01-30,,4.133565,6.219021368,,,,0.75018,1.148764536,1.29602627,863.239532,0.6239559,0.928951,1.19121273,14.586807,,5076.13842983,,,0.7148308,1.116765,,,0.8446524,0.8971734,6.415013,0.71296704,58.36705748,936.3047341,1.08804439,,0.78203025,
2015-02-02,,4.160581,6.260369799,,,,0.761298,1.160290756,1.30567888,868.740506,0.6277432,0.9348191,1.19835745,14.645368,,5116.38417133,,,0.72458862,1.1393876,,,0.8545341,0.9026024,6.478504,0.71441878,59.82537681,939.2042444,1.08786665,,0.79096893,
2015-02-03,,4.180733,6.291428382,,,,0.767155,1.17412658,1.29765769,874.5713311,0.6316214,0.9410362,1.20032206,14.785239,,5115.23469232,,,0.72584753,1.1496401,,,0.8567966,0.9040203,6.536601,0.72223016,60.14849938,948.6827748,1.09037141,,0.7974891,
2015-02-04,,4.169768,6.275698358,,,,0.76891,1.171693423,1.26658105,871.3869451,0.6291321,0.937522,1.19463877,14.833014,,5084.47305941,,,0.73174687,1.1392244,,,0.8545915,0.9005382,6.526149,0.71910987,59.74114813,949.4261252,1.10363829,,0.79522662,
2015-02-05,,4.232153,6.370281909,,,,0.786467,1.189119287,1.27457638,885.0042123,0.6387818,0.9517507,1.19800711,14.935654,,5106.05182084,,,0.74674549,1.1478296,,,0.8614759,0.9032564,6.525561,0.72705162,59.19041917,960.2033114,1.10465945,,0.80542595,
2015-02-06,,4.166766,6.272714961,,,,0.783726,1.168373092,1.25922953,872.3303366,0.6294351,0.938214,1.16408792,14.833961,,5010.62412298,,,0.74044438,1.1311792,,,0.844458,0.8775118,6.529283,0.71553941,59.19594654,945.271896,1.09267459,,0.79302181,
2015-02-09,,4.177773,6.290022803,,,,0.787109,1.182920277,1.24949624,879.336178,0.6343092,0.9454609,1.15550043,14.914943,,4983.56114395,,,0.74594196,1.1382194,,,0.8417289,0.8711651,0.0,0.7134408,58.92502884,951.1784181,1.0977919,,0.80269147,
2015-02-10,,4.132393,6.222512148,,,,0.777634,1.161853657,1.20995884,867.698135,0.6257108,0.933019,1.14595929,14.879692,,4947.39915042,,,0.72925639,1.1124223,,,0.832748,0.8639066,0.0,0.71120263,58.77640906,940.2760197,1.08723352,,0.791058,
2015-02-11,,4.080894,6.14576909,,,,0.780264,1.149748993,1.18950035,858.2282477,0.6186805,0.9228671,1.14753455,14.838123,,4843.93075766,,,0.74241382,1.1149844,,,0.8229282,0.8651265,0.0,0.69542945,58.12351718,924.3541161,1.07600123,,0.78785024,
2015-02-12,,4.150027,6.250544828,,,,0.796373,1.165921176,1.20771676,868.5577357,0.6259573,0.9336243,1.16455738,15.040568,,4811.36552259,,,0.74831892,1.1269156,,,0.8372072,0.878283,0.0,0.69948435,57.98190541,933.1114341,1.09036564,,0.80128483,
2015-02-13,,4.193692,6.317032657,,,,0.80362,1.188572555,1.22303818,881.88077,0.6353963,0.9475423,1.18026447,15.137962,,4738.5080233,,,0.75114607,1.1414746,,,0.8491541,0.8906023,0.0,0.69902496,57.81030572,949.2126137,1.10352941,,0.81359056,
2015-02-18,,4.246046,6.396616092,,,,0.813641,1.207190497,1.23274244,894.76685,0.6445187,0.9609983,1.21076998,15.226647,,4754.85234874,,,0.76193904,1.1528497,,,0.8629763,0.914631,,0.70687873,57.83040031,962.9783325,1.11186162,,0.82606069,
2015-02-19,,4.265226,6.426276178,,,,0.815332,1.20767619,1.23332866,893.4722531,0.6433937,0.9594786,1.21347501,15.274291,,4702.96431784,,,0.76308768,1.1582462,,,0.8640144,0.9171973,,0.70697442,56.73772442,958.3416368,1.11429619,,0.82841533,
2015-02-20,,4.259042,6.417749388,,,,0.816634,1.20474743,1.2393306,894.209769,0.6437372,0.960105,1.20734618,15.287483,,4637.83752309,,,0.77071562,1.156454,,,0.8613679,0.9126606,,0.71045481,56.82644353,959.5385038,1.1152934,,0.82730913,
2015-02-23,,4.273188,6.439828457,,,,0.821124,1.202811276,1.2344682,892.8738082,0.6425824,0.9585417,1.21138194,15.353099,,4634.94000806,,,0.76837447,1.1494559,,,0.8629656,0.918631,,0.70981552,55.80005804,956.4526764,1.11281158,,0.82455451,
2015-02-24,,4.302303,6.484407439,,,,0.823303,1.217548531,1.23180978,901.8370484,0.6488696,0.9678546,1.23409248,15.427508,,4674.03491646,,,0.76207735,1.1739631,,,0.8693401,0.9347789,,0.71358013,56.86702388,965.0727677,1.12233632,,0.83516252,
2015-02-25,,4.326067,6.520955103,,,,0.827263,1.223295115,1.20527335,907.1679545,0.6525315,0.9733314,1.24207572,15.460257,,4716.83945655,,,0.77255807,1.1817998,,,0.8786239,0.9408156,,0.71473724,57.94794593,971.1196014,1.12544988,,0.84118514,
2015-02-26,,4.336264,6.537110853,,,,0.833317,1.235152881,1.2111736,913.4195805,0.6568584,0.9797802,1.24722098,15.459544,,4752.36352768,,,0.77453521,1.1810859,,,0.8765546,0.9447139,,0.71338046,57.85404214,976.8297104,1.12669139,,0.84640613,
2015-02-27,,4.260672,6.424035021,,,,0.81137,1.214880331,1.21574357,899.267491,0.6464418,0.964682,1.24561451,15.337105,,4777.87205747,,,0.76922775,1.1485592,,,0.8616273,0.9437937,,0.7083456,56.81787971,963.3496724,1.13231568,,0.82400864,
2015-03-02,,4.253977,6.414714763,,,,0.813651,1.209329014,1.21122266,893.6652965,0.6422223,0.9586243,1.24221355,15.353593,,4802.21853455,,,0.77169201,1.1450898,,,0.8618691,0.9410852,,0.70303101,56.61584112,961.298183,1.12405514,,0.82181972,
2015-03-03,,4.228165,6.376598363,,,,0.809203,1.20882851,1.19866179,891.0431585,0.6400093,0.9557139,1.24264478,15.343883,,4818.7152437,,,0.76974013,1.1379868,,,0.8604145,0.9414408,,0.70450762,53.84007068,963.893102,1.12209117,,0.81870705,
2015-03-04,,4.194205,6.326190967,,,,0.804985,1.19967959,1.17098942,885.1868151,0.6356068,0.9492746,1.23652895,15.285321,,4800.27749206,,,0.76703749,1.1254295,,,0.8573874,0.9368633,,0.70292034,54.94947414,960.8456502,1.1195351,,0.81401909,
2015-03-05,,4.182097,6.308703867,,,,0.803353,1.198552299,1.17053411,883.8930644,0.6345015,0.9477674,1.23497648,15.286899,,4811.93138796,,,0.75757066,1.131263,,,0.8610099,0.9357944,,0.69502823,54.48457412,965.4132158,1.12042588,,0.81268248,
2015-03-06,,4.145788,6.254737752,,,,0.798912,1.190267081,1.16504795,876.68248728,0.629121,0.94001188,1.22198006,15.192153,,4810.54895677,,,0.75208686,1.1241347,,,0.8578636,0.9260392,,0.68997981,54.77684479,961.3969454,1.12015247,,0.80684115,
2015-03-09,,4.04915,6.109807694,,,,0.777962,1.167654019,1.14205561,859.8248326,0.6169637,0.9220691,1.19147448,15.052359,,4797.56597123,,,0.73574507,1.0948949,,,0.8449228,0.9030529,,0.67592255,54.34820037,945.7993827,1.11745164,,0.79203724,
2015-03-10,,4.047308,6.107755122,,,,0.774547,1.165539692,1.13760172,858.5048574,0.6158565,0.92053487,1.20014406,14.955531,,4721.10755447,,,0.7297649,1.0903524,,,0.843268,0.9096568,,0.67646966,54.29152528,949.6861022,1.09231365,,0.79352014,
2015-03-11,,4.090524,6.173660974,,,,0.784808,1.174862008,1.14514994,865.020027,0.6203205,0.92727515,1.19489008,15.027789,,4771.25301407,,,0.73891003,1.0973538,,,0.8453208,0.9057708,,0.67896322,54.17906412,959.7606608,1.09594019,,0.79938282,
2015-03-12,,4.140597,6.24992832,,,,0.794451,1.188827782,1.16951413,875.9321088,0.6279111,0.93865843,1.20763915,15.137515,,4834.14110789,,,0.74369998,1.1124048,,,0.8504163,0.9154358,,0.68311393,54.41742863,971.5712301,1.10512755,,0.80614532,
2015-03-13,,4.116937,6.215010672,,,,0.794066,1.183898558,1.18808309,873.4486465,0.6259754,0.93589523,1.2019821,15.074494,,4818.5439027,,,0.74343093,1.1085377,,,0.8449167,0.9109487,,0.68447018,54.25366375,969.3890061,1.10587576,,0.80229902,
2015-03-16,,4.108471,6.202989908,,,,0.794773,1.183130637,1.19976878,875.6679659,0.6273841,0.9380984,1.21119296,15.111996,,4874.34806433,,,0.74115663,1.1143033,,,0.844508,0.9176286,,0.67906638,55.50214847,970.2931114,1.10115273,,0.80546096,
2015-03-17,,4.151538,6.268713986,,,,0.800215,1.197330353,1.20796291,885.7661498,0.6343952,0.9478127,1.22866228,15.219802,,4953.42070073,,,0.75860716,1.134809,,,0.8529901,0.930768,,0.67926992,55.25777975,976.177585,1.1190584,,0.81515927,
2015-03-18,,4.225258,6.380713891,,,,0.813441,1.219731261,1.23191191,900.6485185,0.6448077,0.9633879,1.2506128,15.40372,,4986.77155095,,,0.76424826,1.1557486,,,0.8702521,0.9441928,,0.68617679,54.96585984,991.9168605,1.13134754,,0.83239546,
2015-03-19,,4.201229,6.345241511,,,,0.813803,1.210796416,1.24084898,895.7321461,0.6411403,0.9580545,1.24865425,15.388237,,4950.81828103,,,0.75903005,1.1470404,,,0.8679986,0.9437186,,0.69193189,54.50092183,990.1444898,1.12987923,,0.82734733,
2015-03-20,,4.267568,6.446125136,,,,0.82361,1.233943331,1.27718331,912.7174946,0.6530475,0.97585,1.26088314,15.508381,,4949.05568851,,,0.76827,1.1580322,,,0.8845994,0.9528519,,0.69292892,54.31501193,1000.0,1.138386,,0.84638826,
2015-03-23,,4.270964,6.452044972,,,,0.817993,1.235318242,1.29440358,911.1907678,0.6517895,0.9740957,1.25465787,15.476795,,4951.72044481,,,0.76157042,1.1615545,,,0.8871859,0.9482947,,0.68521846,54.72811442,1000.0,1.15579358,,0.84500191,
2015-03-24,,4.260147,6.436498299,,,,0.818065,1.234834842,1.27400443,910.7965361,0.6513371,0.9735374,1.25217326,15.46564,,5016.82006099,,,0.75354032,1.1708483,,,0.8840548,0.9456754,,0.69285086,54.69104171,1000.0,1.14136592,,0.84532483,
2015-03-25,,4.279635,6.466699036,,,,0.822544,1.239855061,1.2764362,915.5540045,0.6545481,0.9784194,1.25928613,15.481869,,5139.66754112,,,0.76450974,1.1753062,,,0.8889049,0.951253,,0.70506531,54.67977846,1000.0,1.14961452,,0.84914439,
2015-03-26,,4.223047,6.382043149,,,,0.812579,1.22382194,1.24273349,903.8674268,0.6460654,0.965936,1.2447345,15.38457,,5019.84577952,,,0.75610945,1.1534692,,,0.8784965,0.9398812,,0.70538438,53.60674861,997.8850038,1.12641452,,0.83939255,
2015-03-27,,4.190355,6.333439678,,,,0.805893,1.208885137,1.22598308,893.4375515,0.6384772,0.9547801,1.23170105,15.327272,,4958.58806081,,,0.74258719,1.1503172,,,0.8732118,0.9304328,,0.70536361,53.39342899,992.7557511,1.11705982,,0.82943805,
2015-03-30,,4.244982,6.416705413,,,,0.815655,1.22541142,1.22936368,904.2831768,0.6460188,0.9660921,1.24441207,15.473497,,5046.46065083,,,0.75273797,1.1752048,,,0.8878998,0.9397048,,0.70945781,53.36698265,1000.0,1.13872386,,0.84260917,
2015-03-31,,4.253812,6.430831554,,,,0.819396,1.22702143,1.22425526,906.608003,0.6475004,0.968406,1.2554796,15.497738,,5046.73238807,,,0.74781687,1.1792986,,,0.8873397,0.9477132,,0.71119518,54.29997029,1000.0,1.13928985,,0.84063469,
2015-04-01,,4.301681,6.503917538,,,,0.825886,1.242029379,1.22984534,914.0850918,0.6526376,0.97617,1.2749367,15.584199,,5047.20530469,,,0.75049318,1.1947291,,,0.8970521,0.9619516,,0.72359469,55.09851662,1000.0,1.1608772,,0.84819278,
2015-04-02,,4.374787,6.61516438,,,,0.846448,1.256568451,1.25355129,926.8197957,0.661179,0.9894737,1.28957187,15.718892,,5051.20780715,,,0.75437685,1.2071978,,,0.9101868,0.9724038,,0.72960331,55.16686958,1000.0,1.18348663,,0.86002751,
2015-04-06,,4.448129,6.726797834,,,,0.858087,1.2768697,1.24901214,937.752559,0.6686123,1.0007472,1.30566542,15.83034,,5116.05943105,,,0.75764104,1.2183451,,,0.9241304,0.9811388,,0.73707931,55.26106837,1011.0417191,1.18657991,,0.87267362,
2015-04-07,,4.418297,6.682541759,,,,0.849877,1.265459368,1.25605173,932.9954052,0.6651173,0.9956339,1.29201422,15.777408,,5092.11947174,,,0.75703862,1.2131294,,,0.9196405,0.9731466,,0.73391143,52.54728056,1004.9098434,1.18369482,,0.86266396,
2015-04-08,,4.420926,6.687314974,,,,0.850699,1.263740289,1.248088,932.558012,0.6646311,0.996702,1.2901834,15.796311,,5194.45313541,,,0.75644671,1.2026841,,,0.9228596,0.9713269,,0.73877829,52.23254723,1006.8303224,1.17955353,,0.862999,
2015-04-09,,4.409431,6.670738148,,,,0.852648,1.257536962,1.24690166,931.2980869,0.6635722,0.9952635,1.29440991,15.81916,,5200.99518901,,,0.75531403,1.2027622,,,0.9223258,0.9705791,,0.73952144,53.34994877,1004.4771745,1.16826469,,0.86102905,
2015-04-10,,4.440233,6.718107429,,,,0.862599,1.264936357,1.24697773,939.3365268,0.668989,1.0035357,1.3019211,15.911599,,5466.58712845,,,0.75970936,1.20979,,,0.9256208,0.9756382,,0.74954715,53.24792486,1008.3633512,1.17860917,,0.86486715,
2015-04-13,,4.441518,6.720867363,,,,0.862719,1.263939831,1.2463543,935.1897464,0.6659195,0.9976894,1.29925505,15.875022,,5397.20471278,,,0.75951731,1.2125241,,,0.9174533,0.9731388,,0.74765391,55.04211389,1005.0385148,1.17674469,,0.86246871,
2015-04-14,,4.454168,6.740669702,,,,0.863475,1.26839633,1.2472718,935.9886868,0.6662943,0.9984842,1.30618539,15.904458,,5356.16890697,,,0.76042657,1.2167551,,,0.919045,0.9779086,,0.75110605,54.16319002,1008.3212874,1.17292183,,0.86325015,
2015-04-15,,4.457348,6.746296798,,,,0.865251,1.2722392,1.25885714,938.8388676,0.6680976,0.0,1.31636527,15.920782,,5439.95122036,,,0.76450893,1.2238587,,,0.9245957,0.9845905,,0.75077059,55.01899093,1009.5109064,1.18529193,,0.86623452,
2015-04-16,,4.456226,6.745417902,,,,0.865079,1.27129437,1.2827936,942.3900288,0.6703888,0.0,1.3199014,15.885194,,5470.45949299,,,0.76497994,1.2249282,,,0.924074,0.9872102,,0.75363802,55.34857677,1010.4044614,1.18431042,,0.86664106,
2015-04-17,,4.462457,6.755659576,,,,0.866723,1.26837273,1.30534425,943.3845599,0.6708994,0.0,1.31432218,15.808586,,5652.47919674,,,0.75504088,1.214503,,,0.9199687,0.9838279,,0.75033515,56.40609622,1011.1533624,1.17943733,,0.86299611,
2015-04-20,,4.451779,6.740325472,,,,0.867955,1.26809513,1.31144196,946.27682264,0.6727315,0.0,1.30975503,15.815595,,5700.85606713,,,0.75440782,1.2196388,,,0.916485,0.9809032,,0.74835253,55.19455732,1012.7184604,1.17328343,,0.8622044,
2015-04-22,,4.461554,6.755930263,,,,0.869303,1.27707312,1.31987057,947.4328744,0.6733543,,1.3285908,15.884068,,5716.06242335,,,0.76678037,1.2134332,,,0.9171758,0.9937456,,0.75327248,56.21361475,1015.0644777,1.17713815,,0.86959623,
2015-04-23,,4.495641,6.808328313,,,,0.871304,1.290457141,1.35102751,954.2629857,0.6779287,,1.34103478,15.961897,,5885.54154275,,,0.77652561,1.2256045,,,0.9250848,1.0015422,,0.75598614,56.51044374,1024.9676932,1.18476167,,0.87543879,
2015-04-24,,4.510735,6.83200131,,,,0.877703,1.296766784,1.34643137,957.5769986,0.6800538,,1.34407585,15.991238,,5903.59526423,,,0.78063684,1.2259153,,,0.9248426,1.0025485,,0.76245672,59.30252714,1032.6894595,1.18900443,,0.87830835,
2015-04-27,,4.467861,6.767938706,,,,0.861309,1.283713036,1.34223102,949.6161304,0.6743266,,1.3391418,15.847794,,6015.569821,,,0.76702523,1.2079797,,,0.9154773,0.9993996,,0.75396215,59.01541286,1028.4905215,1.16790061,,0.86573084,
2015-04-28,,4.438323,6.724040843,,,,0.866287,1.276112494,1.35042364,942.8334167,0.6694204,,1.32656273,15.882782,,6084.47520941,,,0.76817079,1.1991868,,,0.9118858,0.9913799,,0.75265943,58.22322475,1020.0579147,1.17565652,,0.8652286,
2015-04-29,,4.387279,6.647574824,,,,0.860501,1.258633118,1.33302205,935.6847392,0.6639866,,1.3114989,15.81426,,6089.34447581,,,0.75975461,1.1940475,,,0.9017938,0.98063,,0.74571241,56.81033262,1008.2246205,1.17613533,,0.85382445,
2015-04-30,,4.393688,6.658074322,,,,0.868183,1.259471631,1.34475977,936.356293,0.6642729,,1.32170453,15.816444,,6044.50637973,,,0.76093691,1.1942511,,,0.9031923,0.9876032,,0.75146587,58.46128214,1004.0651062,1.19039156,,0.85194037,
2015-05-04,,4.461817,6.762040554,,,,0.88201,1.284319613,1.34920102,952.5080242,0.67534,,1.3240348,15.94726,,6127.01952205,,,0.77311766,1.2112113,,,0.9218891,0.9896793,,0.75476538,58.66795906,1023.354145,1.19461624,,0.867841,
2015-05-05,,4.494374,6.812175377,,,,0.88922,1.294655672,1.35458586,953.5915922,0.6757627,,1.32387866,15.906599,,6128.93391795,,,0.77566383,1.2073425,,,0.9260759,0.9881393,,0.76076797,60.15106788,1026.9199251,1.19080616,,0.87250416,
2015-05-06,,4.471817,6.778838934,,,,0.875388,1.284967399,1.34002233,945.0532281,0.6696302,,1.30658099,15.853147,,6129.57595099,,,0.76754338,1.2011672,,,0.9297291,0.9772511,,0.75954681,57.92995593,1023.5283695,1.1823399,,0.86854954,
2015-05-07,,4.460109,6.761918135,,,,0.874756,1.275906693,1.32202936,941.3228581,0.6668834,,1.30460091,15.858946,,6131.2509144,,,0.76022571,1.2081701,,,0.9299093,0.9756632,,0.76159954,58.55213008,1020.2358372,1.19146064,,0.8631684,
2015-05-08,,4.521753,6.856123818,,,,0.882507,1.285766349,1.31137388,935.6636566,0.6628117,,1.32099043,16.005834,,6286.63301745,,,0.74165182,1.2097922,,,0.9459989,0.984859,,0.76360435,58.88993059,1021.2248758,1.20006477,,0.86754191,
2015-05-11,,4.490223,6.809188075,,,,0.879277,1.275102069,1.30926998,925.6845425,0.6557728,,1.30536108,15.962516,,6410.49862966,,,0.73940476,1.2032715,,,0.9365476,0.9737529,,0.75655359,59.34540443,1010.8540888,1.20506029,,0.86113528,
2015-05-12,,4.498683,6.822826753,,,,0.882282,1.275950827,1.30220113,924.4631295,0.6547513,,1.30838878,15.980026,,6405.34292445,,,0.72998286,1.2091118,,,0.9356557,0.9751892,,0.75564702,58.28108387,1008.0186081,1.20273495,,0.86369125,
2015-05-13,,4.46277,6.769223859,,,,0.872789,1.26046327,1.27816634,914.6819391,0.6478491,,1.30518051,15.920585,,6391.64004558,,,0.72428701,1.1989807,,,0.9336278,0.9726487,,0.75559391,57.71458264,1000.0,1.19554556,,0.85357281,
2015-05-14,,4.518684,6.854787176,,,,0.889827,1.271587967,1.29088555,922.2389594,0.6528586,,1.32716524,16.058584,,6367.4950864,,,,1.216687,,,0.9418545,0.986473,,0.76091236,59.03617746,1009.5376937,1.20655167,,0.86278012,
2015-05-15,,4.585098,6.956304412,,,,0.900907,1.288662927,1.30451481,934.5839057,0.6611568,,1.33646685,16.150353,,6533.51275982,,,0.72401391,1.2299024,,,0.9529219,0.9928788,,0.7672511,58.96222036,1024.4296264,1.21321107,,0.87284825,
2015-05-18,,4.548869,6.902230848,,,,0.895072,1.27573432,1.30144579,927.1359938,0.6558568,,1.32659699,16.097115,,6587.24849758,,,0.7187404,1.2179669,,,0.9445071,0.986626,,0.7636485,59.38984804,1015.5835635,1.19627301,,0.86313959,
2015-05-19,,4.541542,6.891948324,,,,0.893854,1.275173696,1.29898327,926.4985143,0.6552361,,1.32637855,16.078546,,6552.34576124,,,0.7160013,1.1979279,,,0.9455878,0.9866528,,0.75503558,60.55380343,1010.8100865,1.19590703,,0.86260637,
2015-05-20,,4.550611,6.906532017,,,,0.90172,1.27235806,1.29046426,923.1744302,0.6527697,,1.33328696,16.037363,,6533.93596192,,,0.7159583,1.2049728,,,0.9463159,0.9917109,,0.7580925,60.7765953,1012.428904,1.18251139,,0.85964366,
2015-05-21,,4.557369,6.917618801,,,,0.907857,1.275492132,1.29410695,925.8174402,0.6544029,,1.33197889,16.03052,,6534.81336517,,,0.7161529,1.2175336,,,0.9488034,0.9907744,,0.75803528,62.09314364,1016.9506424,1.18792132,,0.86124849,
2015-05-22,,4.543308,6.897128147,,,,0.90407,1.26372925,1.29369612,920.1054258,0.6502962,,1.3232058,16.019928,,6481.93810449,,,0.7115708,1.2219733,,,0.9415713,0.985445,,0.75906841,64.99085072,1012.7635348,1.17484689,,0.85652692,
2015-05-25,,4.515541,6.855838266,,,,0.89989,1.258879683,1.27852495,915.288052,0.6468045,,1.31201314,16.023054,,6496.21782655,,,0.7120443,1.1971437,,,0.9425688,0.9784745,,0.75455126,63.22675145,1009.2787858,1.17577483,,0.8557109,
2015-05-26,,4.453786,6.76296955,,,,0.892271,1.23888493,1.28642209,899.5709879,0.6358253,,1.29048047,15.923553,,6438.03384827,,,0.7075195,1.1866534,,,0.928624,0.9650039,,0.74375363,63.75632383,1000.0,1.15475063,,0.84228071,
2015-05-27,,4.502812,6.838167532,,,,0.907735,1.25563438,1.29623026,910.9288523,0.6434471,,1.30419796,16.039361,,6394.88222538,,,0.7122474,1.1871703,,,0.9420481,0.9746524,,0.74519696,62.82468753,1008.5928194,1.16007022,,0.85312352,
2015-05-28,,4.494118,6.825808428,,,,0.909038,1.249717944,1.29445398,905.8118124,0.6397502,,1.30819324,16.008908,,6586.56651883,,,0.7028828,1.176903,,,0.9374856,0.9765331,,0.7551102,63.73980478,1005.176975,1.15120088,,0.8493306,
2015-05-29,,4.429883,6.72913906,,,,0.899259,1.223778835,1.29821877,888.659558,0.6277857,,1.25960126,15.87625,,6544.2986344,,,0.6840356,1.1623724,,,0.9172724,0.9452616,,0.7529714,63.39388334,1000.9877092,1.13831725,,0.83068688,
2015-06-01,,4.456206,6.769896515,,,,0.903087,1.238227978,1.27988027,896.474617,0.6329789,,1.27305834,15.972943,,6828.6418945,,,0.687468,1.1695146,,,0.930099,0.9526247,,0.75745488,62.2262126,1008.2703181,1.14683573,,0.84035825,
2015-06-02,,4.505904,6.846165592,,,,0.917448,1.259473201,1.28961054,910.1399066,0.6420435,,1.28379662,16.070547,,6803.31287861,,,0.7042063,1.190366,,,0.9364745,0.9596642,,0.75522462,63.69017568,1019.4517447,1.15943638,,0.85506364,
2015-06-03,,4.477343,6.803638372,,,,0.912115,1.24837421,1.28298116,903.5462791,0.6373364,,1.27501513,16.054529,,6808.07434962,,,0.6994469,1.1954334,,,0.9298714,0.9538446,,0.75094214,63.1006121,1013.8976978,1.15864077,,0.84876892,
2015-06-05,,4.479812,6.808205561,,,,0.916455,1.243847202,1.28800029,901.7857153,,,1.27013658,15.984762,,7040.02387382,,,0.6942505,1.1807915,,,0.9322064,0.9505042,,0.75133201,62.76430597,1014.7480841,1.15443519,,0.84617525,
2015-06-08,,4.465739,6.787654687,,,,0.915782,1.238383371,1.26323423,899.2443015,,,1.26570174,15.957126,,7316.50982176,,,0.6852982,1.1985582,,,0.928652,0.9477118,,0.74550282,62.15699566,1013.3672822,1.15738414,,0.84327979,
2015-06-09,,4.440825,6.750634867,,,,0.912698,1.229908685,1.25663583,893.3388845,,,1.25433965,15.922138,,7081.88267739,,,0.6855821,1.1960945,,,0.9283814,0.9391402,,0.74180236,60.85322759,1008.8829291,1.16033949,,0.83820813,
2015-06-10,,4.457912,6.777383709,,,,0.909478,1.238778222,1.27637307,896.0406459,,,1.26372018,15.987506,,7220.31619144,,,0.685621,1.192434,,,0.9347854,0.9460163,,0.73895385,59.65397271,1015.1986172,1.16797965,,0.84563994,
2015-06-11,,4.446211,6.760428936,,,,0.905979,1.233231608,1.26663121,893.3444942,,,1.24674671,15.987978,,7134.46535747,,,0.6819803,1.1812881,,,0.9350397,0.9350707,,0.73336943,60.35660522,1014.2562958,1.14785451,,0.84347587,
2015-06-12,,4.432821,6.740899819,,,,0.903851,1.226772315,1.25215541,888.9505597,,,1.24291947,15.944214,,7189.7522076,,,0.6781774,1.1797097,,,0.9306062,0.9315532,,0.73147581,62.9004623,1007.7493845,1.13806133,,0.84088262,
2015-06-15,,4.421781,6.72493666,,,,0.898156,1.224108052,1.22447284,887.8220413,,,1.23891104,15.896343,,7127.62506512,,,0.6699824,1.1713833,,,0.930081,0.9285861,,0.72057678,64.16896968,1003.6461045,1.13467126,,0.84024929,
2015-06-16,,4.426809,6.733389283,,,,0.896798,1.222903951,1.21275394,885.4516706,,,1.23866318,15.920244,,7167.09109144,,,0.6653759,1.1749599,,,0.9302631,0.9280153,,0.7226558,69.69383955,1004.3998171,1.13580557,,0.83934847,
2015-06-17,,4.408573,6.706486951,,,,0.889879,1.217489685,1.21499155,880.6436404,,,1.23372457,15.910152,,7288.57925665,,,0.6604715,1.1788828,,,0.924024,0.9245945,,0.71509231,68.28839187,1000.0,1.13005223,,0.83476093,
2015-06-18,,4.44427,6.76155417,,,,0.893523,1.226349178,1.24372204,886.7590051,,,1.23691101,16.021066,,7324.63751707,,,0.6666294,1.1805252,,,0.9327129,0.9267428,,0.71490354,69.21392536,1007.7299708,1.14531814,,0.8426247,
2015-06-19,,4.437753,6.752467255,,,,0.896781,1.2237852,1.232787,887.2913382,,,1.2386306,16.017856,,7323.73612705,,,0.6658801,1.1838426,,,0.9291821,0.9279547,,0.71240876,69.7419977,1006.806891,1.15493906,,0.84210268,
2015-06-22,,4.459175,6.785853969,,,,0.895032,1.226879379,1.23704416,886.9936734,,,1.24329147,16.083326,,7427.45749321,,,0.6638476,1.1120115,,,0.9330458,0.930629,,0.71177728,70.09028316,1008.0965421,1.15787486,,0.84427839,
2015-06-23,,4.471851,6.805955218,,,,0.899625,1.22699732,1.26676183,891.1239813,,,1.23312493,16.137352,,7777.88402059,,,0.6676455,1.1092554,,,0.9311204,0.9240331,,0.70936962,72.08713552,1007.520812,1.16234021,,0.84560148,
2015-06-24,,4.443121,6.763086228,,,,0.893241,1.219222826,1.24061081,882.5570621,,,1.23056106,16.114481,,7662.95855887,,,0.6634818,0.9720665,,,0.9298305,0.9222703,,0.70646494,73.67113675,1002.535006,1.15820198,,0.84227472,
2015-06-25,,4.413565,6.718943853,,,,0.895912,1.208698892,1.22755904,877.4905939,,,1.22222965,16.121181,,7564.38182339,,,0.6581609,0.0,,,0.9233913,0.9176804,,0.70268591,72.65440375,1000.0,1.15619958,,0.83652221,
2015-06-26,,4.454677,6.782290549,,,,0.899747,1.218391671,1.22434358,887.4541404,,,1.23120249,16.21611,,7662.03734108,,,0.6622468,0.0,,,0.9338601,0.9218195,,0.70853333,72.83778233,1000.0,1.15996789,,0.84234486,
2015-06-29,,4.398552,6.697732472,,,,0.887242,1.203272541,1.21033128,876.2908072,,,1.22753522,16.037818,,7706.99179236,,,0.6554779,0.0,,,0.9212498,0.9197786,,0.69931691,72.01807053,1000.0,1.15605862,,0.82957313,
2015-06-30,,4.429406,6.745477964,,,,0.892132,1.20877416,1.20799634,879.864673,,,1.24475733,16.113953,,7549.22140958,,,0.6563689,0.0,,,0.9307901,0.9290046,,0.70437508,71.93736404,1000.0,1.16625501,,0.83391855,
2015-07-01,,4.469763,6.807710889,,,,0.904141,1.213128678,1.19913911,884.5490461,,,1.26579401,16.218919,,7323.35964112,,,0.6579531,0.0,,,0.9357823,,,0.70985852,69.23783956,1002.5894924,1.16914412,,0.83739385,
2015-07-02,,4.495531,6.84775623,,,,0.906505,1.215959447,1.20768162,884.8112872,,,1.26879093,16.257395,,7346.9314325,,,0.6642634,0.0,,,0.940661,,,0.70729286,71.87925194,1008.218717,1.1717534,,0.8394046,
2015-07-03,,4.487211,6.835923735,,,,0.90184,1.211239683,1.20602735,883.5356954,,,1.277016,16.276266,,7298.57603414,,,0.6597915,0.0,,,0.9388667,,,0.70697078,73.5364053,1005.9425337,1.17532452,,0.83693038,
2015-07-06,,4.47613,6.819879833,,,,0.898826,1.211534716,1.20309734,877.4281407,,,1.28035514,16.209299,,7210.95825521,,,0.6505261,0.0,,,0.9335144,,,0.69891453,69.93871179,1001.9952641,1.17199362,,0.83614105,
2015-07-07,,4.466272,6.805692719,,,,0.888846,1.204743905,1.18442448,869.3702737,,,1.26918566,16.220661,,6883.2499093,,,0.6469868,0.0,,,0.9299457,,,0.70016068,71.40981138,1000.0,1.16857309,,0.83062801,
2015-07-08,,4.434207,6.757688913,,,,0.882119,1.19867483,1.18584575,864.8371166,,,1.26319246,16.086905,,6702.32764874,,,0.6427595,0.0,,,0.9214178,,,0.69791973,71.19892771,1000.0,1.16824127,,0.82573713,
2015-07-09,,4.433721,6.757759465,,,,0.88197,1.198618884,1.18571388,864.7380716,,,1.2630598,16.088863,,6701.52351155,,,0.6427209,0.0,,,0.9212545,,,0.6978812,71.18768548,1000.0,1.16816555,,0.82566732,
2015-07-10,,4.458895,6.796915118,,,,0.88548,1.206304451,1.19730047,871.2015472,,,1.27496324,16.19392,,7079.79437739,,,0.6515709,,,,0.9250324,,,0.69971018,71.81339797,1000.5153634,1.17911717,,0.83219523,
2015-07-13,,4.474996,6.822265344,,,,0.890847,1.213633939,1.19848228,875.1969654,,,1.27319929,16.243405,,7208.16582739,,,0.6547313,,,,0.9282215,,,0.70315356,73.0519926,1006.5722645,1.18193078,,0.83900952,
2015-07-14,,4.480776,6.831897684,,,,0.886596,1.218535242,1.19508529,879.9003681,,,1.28981252,16.254295,,7272.86313317,,,0.6548931,,,,0.9323475,,,0.70720774,73.18211805,1012.8326122,1.18545901,,0.84373332,
2015-07-15,,4.49044,6.847446066,,,,0.887352,1.220321074,1.19902954,876.4900789,,,1.29301869,16.285584,,7278.68248854,,,0.6494496,,,,0.9321771,,,0.70816696,73.35228074,1013.9651187,1.18818233,,0.84223614,
2015-07-16,,4.520457,6.894013533,,,,0.887994,1.228772185,1.20269223,878.4979139,,,1.29105146,16.340925,,7275.24841455,,,0.6470947,,,,0.936163,,,0.70803835,74.15336485,1020.684255,1.19127364,,0.84598238,
2015-07-17,,4.44333,6.777317635,,,,0.868036,1.208609774,1.18855594,864.4411674,,,1.2738418,16.219528,,7319.01672962,,,0.6365916,,,,0.9174278,,,0.7037992,74.45088002,1004.6621805,1.18059123,,0.83114936,
2015-07-20,,4.422118,6.745791551,,,,0.863218,1.204414894,1.17953466,864.9177163,,,1.27616887,16.235868,,7448.67708174,,,0.6356523,,,,0.9113591,,,0.69848504,74.5139109,1000.0,1.17797432,,0.82900734,
2015-07-21,,4.410294,6.728579514,,,,0.851776,1.199494084,1.16696245,859.2361965,,,1.28222416,16.212318,,7441.32711883,,,0.6319972,,,,0.9073854,,,0.69938785,75.01539385,1000.0,1.18047948,,0.82374488,
2015-07-22,,4.368432,6.665572381,,,,0.844988,1.187670586,1.15418958,844.8173353,,,1.2723228,16.161228,,7389.69244821,,,0.6276668,,,,0.90588,,,0.69566051,76.10445622,1000.0,1.17111138,,0.81600839,
2015-07-23,,4.274674,6.523423041,,,,0.83156,1.161132676,1.15674129,844.96144108,,,1.24743128,16.066499,,7485.59398154,,,0.6252022,,,,0.8856017,,,0.69047026,74.80883412,989.4592014,1.16526291,,0.79954809,
2015-07-24,,4.232085,6.459250444,,,,0.820512,1.145812477,1.15129936,846.30710727,,,1.23071397,15.981723,,7139.01075409,,,0.6265807,,,,0.8737862,,,0.68138483,74.30180844,979.659264,1.15803112,,0.7930364,
2015-07-27,,4.216868,6.436817759,,,,0.821349,1.146449815,1.13914713,847.7127283,,,1.21959987,15.959069,,6936.20423927,,,0.6243405,,,,0.8694419,,,0.67629656,73.91217321,977.8938874,1.14683249,,0.79172637,
2015-07-28,,4.214326,6.433713979,,,,0.821834,1.150436487,1.1345192,847.8726094,,,1.22980887,16.036993,,7204.80303668,,,0.6284924,,,,0.8704722,,,0.66873462,74.22506058,975.9291007,1.14433233,,0.79497619,
2015-07-29,,4.234367,6.46506147,,,,0.825477,1.15708869,1.14153974,848.0391522,,,1.25007719,16.117782,,7256.49090377,,,0.6320527,,,,0.8727827,,,0.67400758,74.66295741,984.2141931,1.1490351,,0.80067184,
2015-07-30,,4.246028,6.483638177,,,,0.829838,1.156565957,1.14306829,841.540653,,,1.24992663,16.167612,,7731.78850501,,,0.6326947,,,,0.8747613,,,0.67099572,71.71255487,983.4916072,1.14767732,,0.7979319,
2015-07-31,,4.296179,6.560944761,,,,0.832093,1.167978817,1.14651175,841.73115,,,1.26761603,16.300695,,7592.31611225,,,0.6461256,,,,0.890737,,,0.67657601,74.34900725,990.8627357,1.15186214,,0.80758492,
2015-08-03,,4.253562,6.496715673,,,,0.826813,1.162016278,1.14275275,841.8842285,,,1.27184398,16.255452,,7817.05983598,,,0.6365619,,,,0.882595,,,0.67325424,74.30033507,985.8441877,1.14312027,,0.7994357,
2015-08-04,,4.265629,6.515910034,,,,0.821693,1.165214008,1.13728495,0.0,,,1.27493003,16.329284,,7941.01109451,,,0.6346922,,,,0.8833316,,,0.66835915,74.56177648,988.4966481,1.14505898,,0.80101617,
2015-08-05,,4.249584,6.492211643,,,,0.828168,1.158599883,1.13876829,0.0,,,1.25681195,16.297078,,7718.04592223,,,0.6367469,,,,0.8828543,,,0.6693354,71.58622882,984.3933852,1.14988707,,0.79898878,
2015-08-06,,4.193375,6.407189888,,,,0.825694,1.147809991,1.12106985,0.0,,,1.23424626,16.262473,,7956.45083815,,,0.6325291,,,,0.8735685,,,0.65973933,71.90734703,980.3885768,1.13634711,,0.79039083,
2015-08-07,,4.132294,6.314704486,,,,0.811915,1.130341491,1.11824476,0.0,,,1.21471082,16.135165,,7861.73128203,,,0.6203564,,,,0.8611852,,,0.65295445,70.7414099,968.9157061,1.12580089,,0.77596958,
2015-08-10,,4.139256,6.326087401,,,,0.808673,1.131711965,1.1343175,0.0,,,1.21797702,16.132895,,7626.21638529,,,0.6248018,,,,0.8604833,,,0.65519217,70.673023,961.4656225,1.12489041,,0.77753064,
2015-08-11,,4.127238,6.308503002,,,,0.807301,1.129255255,1.13492736,0.0,,,1.21156342,16.098437,,7380.35250206,,,0.6196392,,,,0.8532397,,,0.64540846,71.98886658,958.0022917,1.12294177,,0.77593001,
2015-08-12,,4.091425,6.254570112,,,,0.80048,1.125293156,1.1169053,0.0,,,1.20199494,16.017782,,7428.49820961,,,0.616144,,,,0.8468747,,,0.63690603,70.39290784,953.2299562,1.10060079,,0.77155,
2015-08-13,,4.100221,6.268756589,,,,0.803712,1.132494342,1.11423949,,,,1.2148574,16.104231,,7308.31359973,,,0.6105091,,,,0.855013,,,0.63112426,72.78376463,956.404686,1.11045049,,0.77915576,
2015-08-14,,4.079348,6.237632251,,,,0.803048,1.12721373,1.10481866,,,,1.21613603,16.085951,,7054.19217345,,,0.6124069,,,,0.8454006,,,0.63044996,74.40414512,953.4686882,1.11014574,,0.77389053,
2015-08-17,,4.116746,6.295521319,,,,0.801129,1.132103758,1.07070629,,,,1.22195164,16.107838,,7155.19785977,,,0.6199586,,,,0.8484262,,,0.6313651,73.98569712,958.0647675,1.11218471,,0.77757253,
2015-08-18,,4.105772,6.279519901,,,,0.797799,1.127719197,1.05354895,,,,1.22059496,16.170371,,7124.0762802,,,0.6137736,,,,0.8431635,,,0.63161662,72.66011458,961.8659748,1.12287409,,0.77396333,
2015-08-19,,4.040984,6.18124252,,,,0.786775,1.106802084,1.05791389,,,,1.20274067,16.0331,,7196.37187969,,,0.6074191,,,,0.830663,,,0.62339873,69.96225583,949.7461134,1.12218842,,0.76157486,
2015-08-20,,4.023957,6.155955022,,,,0.773084,1.103902459,1.06170547,,,,1.19729416,15.861821,,7172.38549436,,,0.6009104,,,,0.8255422,,,0.61180477,68.71777499,943.1839755,1.10939534,,0.75853009,
2015-08-21,,3.933261,6.018063292,,,,0.759478,1.083759222,1.05344573,,,,1.1777632,15.61622,,6726.85252744,,,0.59418,,,,0.80635,,,0.60378543,68.07372334,927.6994941,1.09546315,,0.74542256,
2015-08-24,,3.829226,5.859732516,,,,0.741239,1.051157914,1.02553423,,,,1.14415193,15.164613,,6428.9118142,,,0.5778291,,,,0.7793628,,,0.58937578,64.98596104,908.591506,1.06379174,,0.72475624,
2015-08-25,,3.863041,5.912126074,,,,0.748227,1.059738029,1.03369278,,,,1.16060851,15.210601,,6400.72696997,,,0.5867822,,,,0.7839756,,,0.59298597,67.17327111,911.8202981,1.07320227,,0.73099249,
2015-08-26,,3.931236,6.017126615,,,,0.762981,1.074914223,1.04115645,,,,1.17168883,15.507799,,6460.74148716,,,0.5971301,,,,0.8007105,,,0.61006627,66.75889003,929.2450978,1.09534384,,0.74016844,
2015-08-27,,3.999675,6.122531966,,,,0.777135,1.094936048,1.06996397,,,,1.19172061,15.707214,,6753.05933345,,,0.6126322,,,,0.8145253,,,0.61755454,66.01280559,938.0714837,1.11524727,,0.75578851,
2015-08-28,,4.00336,6.12892311,,,,0.781533,1.095565371,1.06448741,,,,1.18575592,15.735721,,6944.29087658,,,0.6023685,,,,0.8127474,,,0.60756066,65.87063211,938.241221,1.11327644,,0.75217165,
2015-08-31,,3.949205,6.046828155,,,,0.772543,1.077343326,1.07401187,,,,1.17183982,15.634775,,6755.15827274,,,0.5940298,,,,0.8005261,,,0.59857373,68.53927479,926.9018042,1.11334695,,0.73874196,
2015-09-01,,3.846689,5.89071912,,,,0.75419,1.050263746,1.07074441,,,,1.14349198,15.323455,,6687.7639059,,,0.5810853,,,,0.7864432,,,0.58797487,68.35268356,908.5993577,1.09922607,,0.72174944,
2015-09-02,,3.869088,5.925685176,,,,0.757557,1.050267146,1.0775274,,,,1.12190865,15.452214,,6683.68102841,,,0.5958213,,,,0.7882759,,,0.58786957,67.83579042,904.8196338,1.1247982,,0.72122744,
2015-09-03,,3.934323,6.026229598,,,,0.769529,1.072230923,1.1047852,,,,1.13711151,15.630575,,6629.54191632,,,0.6036366,,,,0.8010911,,,0.59122146,66.78009914,919.0790394,1.13734908,,0.73339329,
2015-09-04,,3.90361,5.979953535,,,,0.766332,1.064485887,1.10491609,,,,1.132448,15.512563,,6602.58740973,,,0.5980336,,,,0.7984088,,,0.58478364,65.4578521,917.0769882,1.1335085,,0.72716385,
2015-09-08,,3.900598,5.976062936,,,,0.765459,1.069654792,1.10631429,,,,1.13189355,15.624949,,6544.85328015,,,0.5972678,,,,0.80014,,,0.59062172,65.29766518,917.9236347,1.13361859,,0.73094164,
2015-09-09,,3.874849,5.937374008,,,,0.762181,1.066446656,1.09893919,,,,1.13960149,15.496273,,6591.55746007,,,0.5915273,,,,0.7982932,,,0.58899673,63.99370394,912.9980841,1.1236564,,0.73203543,
2015-09-10,,3.848614,5.897935519,,,,0.764098,1.058627015,1.09309477,,,,1.13616346,15.486773,,6603.26856636,,,0.5863324,,,,0.7967875,,,0.58468787,63.72644906,909.3497428,1.12807312,,0.73522473,
2015-09-11,,3.853808,5.906599124,,,,0.76715,1.058768652,1.0832676,,,,1.15677759,15.591782,,6588.74293153,,,0.5856406,,,,0.794638,,,0.58661931,63.91836075,909.479591,1.13218362,,0.73931235,
2015-09-14,,3.903655,5.983645918,,,,0.778437,1.074867263,1.08590655,,,,1.18930683,15.740913,,6706.88803709,,,0.5925588,,,,0.8062619,,,0.58792852,63.61579264,921.4441615,1.15079651,,0.75024649,
2015-09-15,,3.916089,6.003421915,,,,0.778154,1.071853025,1.09640955,,,,1.17791584,15.780399,,6829.65349793,,,0.591963,,,,0.8065134,,,0.58654353,62.79914316,922.4785831,1.1572025,,0.74952669,
2015-09-16,,3.987029,6.112801485,,,,0.789535,1.091841954,1.10844203,,,,1.19206907,15.902554,,7000.34254687,,,0.6077326,,,,0.8203111,,,0.59124407,62.56955746,929.2334167,1.15539439,,0.76697031,
2015-09-17,,4.004097,6.139701682,,,,0.79614,1.094825087,1.11144538,,,,1.20730059,15.922153,,7010.01332671,,,0.6104725,,,,0.8267821,,,0.58941559,62.62124507,938.6376281,1.15667029,,0.77551115,
2015-09-18,,3.93359,6.032433386,,,,0.783524,1.073982573,1.10526258,,,,1.1786642,15.750361,,6758.84000047,,,0.5913466,,,,0.807377,,,0.5760188,62.15655034,923.9975181,1.14996406,,0.75980902,
2015-09-21,,3.869738,5.935321577,,,,0.773124,1.056652711,1.09841647,,,,1.16136434,15.658235,,6736.88702605,,,0.5855764,,,,0.7963878,,,0.57035694,61.71340901,910.4910872,1.13017038,,0.74755634,
2015-09-22,,3.812575,5.848436421,,,,0.77012,1.038882866,1.0951222,,,,1.14956179,15.541285,,6552.4889081,,,0.5798439,,,,0.7900996,,,0.56873646,57.58082427,899.4347691,1.14504198,,0.73393715,
2015-09-23,,3.789689,5.814062517,,,,0.76727,1.01546344,1.1016876,,,,1.1282769,15.420736,,6484.81627536,,,0.5714256,,,,0.787397,,,0.55807293,57.09095533,892.9373285,1.15621578,,0.72057101,
2015-09-24,,3.788328,5.812675324,,,,0.761274,1.019864416,1.11039225,,,,1.12453965,15.362329,,6285.0840813,,,0.5764258,,,,0.7840172,,,0.55576995,56.20806556,892.8362704,1.14565068,,0.72157657,
2015-09-25,,3.768583,5.783114639,,,,0.760054,1.014976429,1.12957361,,,,1.11427363,15.311739,,6297.61745995,,,0.5774521,,,,0.7866136,,,0.5545045,60.64718915,892.5617214,1.12638749,,0.7184881,
2015-09-28,,3.722798,5.713595275,,,,0.751239,1.003217473,1.11979462,,,,1.10180056,15.173549,,6365.62588495,,,0.5643626,,,,0.7799246,,,0.54644445,62.12557155,883.6551105,1.12692558,,0.70863181,
2015-09-29,,3.749499,5.755219744,,,,0.752698,1.009241175,1.12163698,,,,1.11178239,15.236572,,6271.46665175,,,0.5680911,,,,0.7821303,,,0.54915035,64.00309941,886.3098171,1.13085302,,0.71250852,
2015-09-30,,3.79898,5.83179665,,,,0.766743,1.020296231,1.13728613,,,,1.12031551,15.396994,,6280.94447959,,,0.5781757,,,,0.7959187,,,0.55446961,65.25235678,899.103456,1.13998151,,0.72503601,
2015-10-01,,3.776757,5.798456025,,,,0.763661,1.013066476,1.14456827,,,,1.12126969,15.382976,,6148.59501464,,,0.5803686,,,,0.8006484,,,0.55699632,60.81591161,894.4267022,1.15677281,,0.7197234,
2015-10-02,,3.874083,5.948449915,,,,0.78431,1.041244451,1.18679655,,,,1.14787056,15.60387,,6137.39686906,,,0.5973615,,,,0.8214162,,,0.57611122,60.46989642,914.7030754,1.17600691,,0.744827,
2015-10-05,,3.905766,5.997810487,,,,0.789607,1.060071127,1.20476503,,,,1.16299114,15.700797,,6439.64354266,,,0.6026767,,,,0.8296881,,,0.56713038,60.19664541,925.2431678,1.18612382,,0.7563156,
2015-10-06,,3.939011,6.049568041,,,,0.7911,1.058062209,1.24679712,,,,1.16700162,15.620034,,6310.43031732,,,0.6155164,,,,0.8272889,,,0.57471967,60.66761753,924.3225558,1.18340046,,0.7605066,
2015-10-07,,4.012664,6.163334346,,,,0.806493,1.070545708,1.23621675,,,,1.18423317,15.738208,,6332.61187365,,,0.6296213,,,,0.8416802,,,0.58625717,60.54344618,933.5797189,1.19106931,,0.7785831,
2015-10-08,,4.038713,6.204088863,,,,0.814543,1.084258739,1.22638163,,,,1.18845871,15.739899,,6429.47625071,,,0.6321403,,,,0.8437607,,,0.59601331,60.82481407,940.1332875,1.17714235,,0.7854988,
2015-10-09,,4.065647,6.246210086,,,,0.827669,1.095846903,1.22970186,,,,1.19953712,15.677231,,6529.94820896,,,0.641764,,,,0.8461592,,,0.60240761,59.95385109,940.8681668,1.16638864,,0.7942534,
2015-10-13,,4.003865,6.152165707,,,,0.814999,1.071989656,1.21670829,,,,1.18087485,15.677161,,6578.71085605,,,0.6232082,,,,0.8363791,,,0.58763522,58.68718401,922.3634864,1.17521448,,0.7742238,
2015-10-14,,3.954746,6.077518914,,,,0.811858,1.057643696,1.18778932,,,,1.17371438,15.53015,,6738.33977421,,,0.6206758,,,,0.82911,,,0.58005074,61.23676324,916.7772715,1.16502151,,0.7667784,
2015-10-15,,3.997876,6.144485721,,,,0.810703,1.071078873,1.19507474,,,,1.17687594,15.727099,,6838.73111578,,,0.6220875,,,,0.836096,,,0.57859646,60.605605,921.971725,1.16364002,,0.7789062,
2015-10-16,,4.017377,6.175204121,,,,0.803494,1.07109375,1.20424568,,,,1.17596296,15.763276,,6985.31032751,,,0.6231883,,,,0.8406088,,,0.57288162,60.16836282,922.8141144,1.16530566,,0.7826837,
2015-10-19,,4.045383,6.219085796,,,,0.806703,1.083868332,1.1847785,,,,1.19177106,15.841924,,7013.19251159,,,0.6205089,,,,0.8505199,,,0.57206269,59.32043066,930.893301,1.16499872,,0.7915765,
2015-10-20,,4.03795,6.208451814,,,,0.804492,1.081620424,1.20606925,,,,1.19592302,15.792862,,7201.41771148,,,0.6154017,,,,0.8470643,,,0.56861546,60.13197952,929.1830618,1.16056616,,0.7905905,
2015-10-21,,4.030865,6.198343622,,,,0.80505,1.079772796,1.23134774,,,,1.1907948,15.729239,,7568.66149501,,,0.6158657,,,,0.8443601,,,0.56620419,60.67263977,926.9800768,1.1542806,,0.7885762,
2015-10-22,,4.066271,6.253509886,,,,0.813397,1.089676135,1.23747415,,,,1.19963285,15.898934,,7867.55284249,,,0.6244209,,,,0.8512512,,,0.572306,60.24657678,933.0696848,1.16109278,,0.7931007,
2015-10-23,,4.071659,6.262575403,,,,0.817768,1.096290345,1.22961551,,,,1.2017048,15.957905,,7939.18913527,,,0.6156677,,,,0.8550585,,,0.57049462,58.59674422,937.7133588,1.15985207,,0.796771,
2015-10-26,,4.057284,6.241269305,,,,0.812507,1.093310015,1.20391064,,,,1.20004133,15.905005,,8027.04389401,,,0.6090609,,,,0.854131,,,0.56310555,61.65128899,929.7585207,1.15135205,,0.7940904,
2015-10-27,,4.08428,6.283534172,,,,0.818047,1.095767649,1.21335598,,,,1.20914191,15.945459,,8073.35090407,,,0.6065861,,,,0.857236,,,0.56049787,61.41255836,931.4890885,1.13893784,,0.7950082,
2015-10-28,,4.04946,6.230805852,,,,0.815222,1.084591133,1.22676311,,,,1.21109792,15.909444,,8066.8327385,,,0.6049251,,,,0.8545802,,,0.56332732,61.19008815,928.2845264,1.13910758,,0.7859193,
2015-10-29,,3.982515,6.128671813,,,,0.805455,1.073935628,1.21310177,,,,1.20937136,15.697493,,8024.26520733,,,0.5956772,,,,0.8383861,,,0.5538964,61.10034504,919.459767,1.11344575,,0.7730299,
2015-10-30,,3.957374,6.090775682,,,,0.807826,1.070559007,1.23520074,,,,1.20613373,15.648439,,8301.70488443,,,0.6010267,,,,0.8339427,,,0.55592752,61.29347955,916.0157604,1.11046935,,0.7728847,
2015-11-03,,4.062366,6.253010437,,,,0.827221,1.108587342,1.26489186,,,,1.22937074,16.001479,,8510.17222723,,,0.6164596,,,,0.8672283,,,0.58018212,62.13328675,940.331918,1.14910952,,0.8018386,
2015-11-04,,4.088728,6.294348998,,,,0.824851,1.112044055,1.284727,,,,1.24851552,16.027516,,8601.81585676,,,0.6253384,,,,0.8734737,,,0.5863207,60.09846617,941.5939568,1.15175174,,0.8034249,
2015-11-05,,4.126319,6.352950924,,,,0.830376,1.123555221,1.28391937,,,,1.2645707,16.103995,,8654.32554032,,,0.6278651,,,,0.8795265,,,0.59723917,59.64295516,943.8266101,1.15370116,,0.8125239,
2015-11-06,,4.08206,6.285675831,,,,0.827432,1.109546402,1.2749593,,,,1.25294946,16.068244,,8624.89617572,,,0.621836,,,,0.8774972,,,0.59916179,58.50671904,937.0336425,1.15410356,,0.7984962,
2015-11-09,,4.056529,6.247179381,,,,0.818316,1.098775046,1.27442871,,,,1.23714737,15.929222,,8526.68374972,,,0.6233638,,,,0.8723935,,,0.6039169,58.79523475,927.9165538,1.15037752,,0.7913545,
2015-11-10,,4.050932,6.239344881,,,,0.817006,1.097518833,1.26993932,,,,1.2524821,15.98965,,8591.50938413,,,0.6187114,,,,0.8699592,,,0.59228189,59.07360174,928.138127,1.15804065,,0.791318,
2015-11-11,,4.10267,6.319732244,,,,0.827961,1.113917732,1.27999828,,,,1.26870736,16.147086,,8635.14654907,,,0.6310239,,,,0.8795473,,,0.59759104,59.02632131,939.114488,1.17060724,,0.8018379,
2015-11-12,,4.103434,6.321708147,,,,0.829205,1.112045463,1.26056367,,,,1.27475339,16.121901,,8633.96573014,,,0.6291259,,,,0.8842746,,,0.59595877,58.43956223,938.4236274,1.17235023,,0.8024505,
2015-11-13,,4.094546,6.308819976,,,,0.826837,1.108484472,1.25540022,,,,1.28013578,16.071234,,8604.42808667,,,0.6238368,,,,0.8826956,,,0.59090433,58.28956122,937.067388,1.17261161,,0.7980397,
2015-11-16,,4.075095,6.279667706,,,,0.820604,1.10291465,1.27262918,,,,1.28005884,16.067506,,8468.35358502,,,0.6195376,,,,0.8829469,,,0.58905292,58.16628051,932.3268125,1.17168581,,0.7928834,
2015-11-17,,4.12232,6.353147595,,,,0.828393,1.116200451,1.2715838,,,,1.28549898,16.167817,,8424.82242361,,,0.6233785,,,,0.8973905,,,0.59391996,58.91878863,942.2585972,1.17089463,,0.8014064,
2015-11-18,,4.126809,6.360861451,,,,0.820958,1.118385367,1.26520795,,,,1.29291826,16.23542,,8515.01598064,,,0.6222172,,,,0.8952799,,,0.58832566,56.83684038,936.5776678,1.16985986,,0.8057635,
2015-11-19,,4.135608,6.37520564,,,,0.827399,1.121124816,1.27448452,,,,1.29712764,16.290346,,8554.77795547,,,0.6320141,,,,0.9024126,,,0.59084877,55.35187024,941.3039168,1.16995751,,0.8082678,
2015-11-20,,4.135119,6.37524874,,,,0.827161,1.121017219,1.27439026,,,,1.29701812,16.292062,,8554.27369299,,,0.6319791,,,,0.9022143,,,0.59081409,55.34086158,941.3099121,1.16993911,,0.8082156,
2015-11-23,,4.144438,6.390398468,,,,0.82626,1.119228286,1.26344082,,,,1.31086959,16.393828,,8656.88593482,,,0.6351417,,,,0.9133349,,,0.59552734,54.42105023,943.6360107,1.17554652,,0.8113757,
2015-11-24,,4.134116,6.375298485,,,,0.82259,1.114730688,1.25668732,,,,1.31084925,16.38559,,8783.29338847,,,0.6361226,,,,0.9085728,,,0.59482669,54.63918437,934.3753944,1.17600553,,0.8100704,
2015-11-25,,4.077744,6.289252733,,,,0.809239,1.094885653,1.25660065,,,,1.27456008,16.282516,,8937.02520296,,,0.6226819,,,,0.899917,,,0.58824087,54.30217752,920.6246365,1.17213629,,0.7949246,
2015-11-26,,4.08744,6.304967338,,,,0.818283,1.094376058,1.24228353,,,,1.28918168,16.344959,,8968.83226658,,,0.6197968,,,,0.9028076,,,0.59316611,55.5307592,926.2744605,1.18778504,,0.7964775,
2015-11-27,,4.021601,6.204309394,,,,0.803361,1.076540994,1.23639269,,,,1.26686963,16.211109,,8814.29529178,,,0.6072837,,,,0.8913267,,,0.57664676,54.85307701,914.1517057,1.17254318,,0.7820676,
2015-11-30,,3.933382,6.069121109,,,,0.786645,1.049253524,1.17812386,,,,1.25321768,15.9672,,8659.9511654,,,0.587625,,,,0.8743859,,,0.55578593,54.51537672,903.5167402,1.15501224,,0.760815,
2015-12-01,,3.929041,6.0631688,,,,0.781192,1.045946689,1.1721191,,,,1.25124232,16.02059,,8691.01914882,,,0.5844045,,,,0.8725928,,,0.55186098,54.54879792,898.6200964,1.15038548,,0.7610415,
2015-12-02,,3.97099,6.128587426,,,,0.78256,1.058309281,1.16570887,,,,1.25596042,16.034394,,8748.64950665,,,0.5857096,,,,0.8771488,,,0.54651032,51.82843126,901.1209987,1.15207355,,0.768052,
2015-12-03,,4.036891,6.230954251,,,,0.792952,1.077053172,1.17486617,,,,1.27659427,16.140143,,8739.43979966,,,0.5894761,,,,0.891032,,,0.55098426,49.59870457,914.9248128,1.16630972,,0.7802471,
2015-12-04,,3.953592,6.103315043,,,,0.777288,1.050569304,1.15262984,,,,1.25411148,15.992103,,8592.49064338,,,0.5783942,,,,0.8774596,,,0.53964062,52.66130641,895.781001,1.15144315,,0.7617014,
2015-12-07,,3.972017,6.132483947,,,,0.778258,1.055379541,1.15088197,,,,1.27163069,16.055829,,8564.10326444,,,0.5775328,,,,0.8866796,,,0.54250692,53.3006276,900.7951011,1.16794422,,0.7653505,
2015-12-08,,3.895607,6.015417355,,,,0.769076,1.031908506,1.12889329,,,,1.26889941,15.820059,,8680.26942694,,,0.5686379,,,,0.8727304,,,0.5374732,53.72692739,886.6912171,1.15138499,,0.7479263,
2015-12-09,,3.949427,6.099164472,,,,0.785016,1.046924577,1.12651766,,,,1.29256354,15.930605,,8762.81493616,,,0.57987,,,,0.8773351,,,0.54894162,52.17750068,893.0601544,1.15871184,,0.7588738,
2015-12-10,,3.903124,6.028512717,,,,0.77661,1.035562946,1.11957487,,,,1.28392517,15.826156,,8768.96220416,,,0.583657,,,,0.8676005,,,0.54544338,52.07420465,882.6264941,1.15977248,,0.7507191,
2015-12-11,,3.897626,6.020777195,,,,0.772129,1.035616814,1.11996652,,,,1.2814795,15.772594,,8702.55037908,,,0.5810555,,,,0.8659338,,,0.54151461,52.12108341,884.4085895,1.16120423,,0.7489118,
2015-12-14,,3.836281,5.926880112,,,,0.766327,1.017663841,1.10701294,,,,1.273088,15.579292,,8573.94817046,,,0.5735797,,,,0.8516563,,,0.5309841,52.11416834,868.9403532,1.14338063,,0.7394729,
2015-12-15,,3.824038,5.908715892,,,,0.770345,1.017995438,1.11527457,,,,1.2679189,15.568836,,8618.07441627,,,0.580334,,,,0.847639,,,0.52783988,52.50823257,866.7569044,1.14428755,,0.7369169,
2015-12-16,,3.806003,5.881619419,,,,0.768082,1.01264408,1.11918121,,,,1.26245901,15.590803,,8668.91072012,,,0.5777846,,,,0.8440025,,,0.5303416,52.78132113,862.991607,1.14871045,,0.7341879,
2015-12-17,,3.841297,5.936827109,,,,0.778205,1.024580105,1.12216937,,,,1.27054718,15.696727,,8846.71885465,,,0.583107,,,,0.8582841,,,0.54100076,53.90507521,881.2436968,1.15251438,,0.740518,
2015-12-18,,3.74873,5.794687525,,,,0.761117,0.99724595,1.10899412,,,,1.2455778,15.385734,,8594.35624055,,,0.5699621,,,,0.8406569,,,0.52597925,53.85137757,857.6714097,1.1321509,,0.7216936,
2015-12-21,,3.73574,5.775339262,,,,0.757615,0.990865788,1.11077458,,,,1.25045227,15.334649,,8329.32916795,,,0.5649584,,,,0.8395608,,,0.52051271,53.76007218,853.8512191,1.13769822,,0.7189364,
2015-12-22,,3.740122,5.782829369,,,,0.75461,0.989438397,1.10955534,,,,1.25016307,15.393164,,8435.91543327,,,0.562317,,,,0.8388816,,,0.51487531,53.81218411,850.8474694,1.1405069,,0.7185602,
2015-12-23,,3.784655,5.852321326,,,,0.762492,1.002942522,1.12346004,,,,1.26415986,15.564371,,8309.50079034,,,0.5668687,,,,0.8473233,,,0.52534149,53.94359786,860.1793807,1.14776389,,0.7287189,
2015-12-24,,3.784206,5.852369932,,,,0.762282,1.002877748,1.12341596,,,,1.26403512,15.565975,,8308.95237885,,,0.5668374,,,,0.8471387,,,0.5252976,53.93313878,860.2023692,1.147722,,0.7286754,
2015-12-28,,3.80796,5.889791706,,,,0.771033,1.002355729,1.1271061,,,,1.26695997,15.570465,,8054.4392544,,,0.5611792,,,,0.8504908,,,0.52955894,53.77669146,861.5844027,1.15126159,,0.7306842,
2015-12-29,,3.797035,5.873658281,,,,0.770572,0.997924365,1.12228545,,,,1.26651946,15.520196,,8164.9409774,,,0.5575224,,,,0.843065,,,0.52177978,54.11830108,855.5899917,1.1541089,,0.7272972,
2015-12-30,,3.818565,5.907654621,,,,0.778669,0.9970766,1.1268323,,,,1.27369453,15.490143,,8349.55475289,,,0.5580862,,,,0.8443944,,,0.52474669,53.83028888,862.0266978,1.15288968,,0.7293619,
2015-12-31,,3.818107,5.907690163,,,,0.778461,0.997025701,1.12681614,,,,1.27356771,15.492057,,8349.07452476,,,0.5580593,,,,0.84421,,,0.52470297,53.82113588,862.0495835,1.15284536,,0.7293273,
